-- phpMyAdmin SQL Dump
-- version 2.8.2.4
-- http://www.phpmyadmin.net
-- 
-- Host: localhost:3306
-- Generation Time: Mar 09, 2009 at 11:20 PM
-- Server version: 4.1.22
-- PHP Version: 5.2.6
-- 
-- Database: `exqsoft_kinspire`
-- 

-- --------------------------------------------------------

-- 
-- Table structure for table `acos`
-- 

CREATE TABLE `acos` (
  `id` int(10) NOT NULL auto_increment,
  `parent_id` int(10) default NULL,
  `model` varchar(255) default NULL,
  `foreign_key` int(10) default NULL,
  `alias` varchar(255) default NULL,
  `lft` int(10) default NULL,
  `rght` int(10) default NULL,
  PRIMARY KEY  (`id`)
) ENGINE=MyISAM AUTO_INCREMENT=256 DEFAULT CHARSET=latin1;

-- 
-- Dumping data for table `acos`
-- 

INSERT INTO `acos` (`id`, `parent_id`, `model`, `foreign_key`, `alias`, `lft`, `rght`) VALUES (1, NULL, NULL, NULL, 'controllers', 1, 510),
(2, 1, NULL, NULL, 'Pages', 2, 7),
(3, 2, NULL, NULL, 'display', 3, 4),
(4, 2, NULL, NULL, 'logAction', 5, 6),
(5, 1, NULL, NULL, 'Users', 8, 27),
(6, 5, NULL, NULL, 'initDB', 9, 10),
(7, 5, NULL, NULL, 'login', 11, 12),
(8, 5, NULL, NULL, 'logout', 13, 14),
(9, 5, NULL, NULL, 'index', 15, 16),
(10, 5, NULL, NULL, 'view', 17, 18),
(11, 5, NULL, NULL, 'add', 19, 20),
(12, 5, NULL, NULL, 'edit', 21, 22),
(13, 5, NULL, NULL, 'delete', 23, 24),
(14, 5, NULL, NULL, 'logAction', 25, 26),
(15, 1, NULL, NULL, 'Groups', 28, 39),
(16, 15, NULL, NULL, 'index', 29, 30),
(17, 15, NULL, NULL, 'add', 31, 32),
(18, 15, NULL, NULL, 'edit', 33, 34),
(19, 15, NULL, NULL, 'delete', 35, 36),
(20, 15, NULL, NULL, 'logAction', 37, 38),
(21, 1, NULL, NULL, 'TicketComments', 40, 45),
(22, 21, NULL, NULL, 'add', 41, 42),
(23, 21, NULL, NULL, 'logAction', 43, 44),
(24, 1, NULL, NULL, 'Statuses', 46, 57),
(25, 24, NULL, NULL, 'index', 47, 48),
(26, 24, NULL, NULL, 'add', 49, 50),
(27, 24, NULL, NULL, 'edit', 51, 52),
(28, 24, NULL, NULL, 'delete', 53, 54),
(29, 24, NULL, NULL, 'logAction', 55, 56),
(30, 1, NULL, NULL, 'Severities', 58, 69),
(31, 30, NULL, NULL, 'index', 59, 60),
(32, 30, NULL, NULL, 'add', 61, 62),
(33, 30, NULL, NULL, 'edit', 63, 64),
(34, 30, NULL, NULL, 'delete', 65, 66),
(35, 30, NULL, NULL, 'logAction', 67, 68),
(36, 1, NULL, NULL, 'Milestones', 70, 83),
(37, 36, NULL, NULL, 'index', 71, 72),
(38, 36, NULL, NULL, 'add', 73, 74),
(39, 36, NULL, NULL, 'edit', 75, 76),
(40, 36, NULL, NULL, 'complete', 77, 78),
(41, 36, NULL, NULL, 'delete', 79, 80),
(42, 36, NULL, NULL, 'logAction', 81, 82),
(43, 1, NULL, NULL, 'Configurations', 84, 87),
(44, 43, NULL, NULL, 'logAction', 85, 86),
(45, 1, NULL, NULL, 'Projects', 88, 101),
(46, 45, NULL, NULL, 'index', 89, 90),
(47, 45, NULL, NULL, 'tickets', 91, 92),
(48, 45, NULL, NULL, 'add', 93, 94),
(49, 45, NULL, NULL, 'edit', 95, 96),
(50, 45, NULL, NULL, 'delete', 97, 98),
(51, 45, NULL, NULL, 'logAction', 99, 100),
(52, 1, NULL, NULL, 'Types', 102, 113),
(53, 52, NULL, NULL, 'index', 103, 104),
(54, 52, NULL, NULL, 'add', 105, 106),
(55, 52, NULL, NULL, 'edit', 107, 108),
(56, 52, NULL, NULL, 'delete', 109, 110),
(57, 52, NULL, NULL, 'logAction', 111, 112),
(58, 1, NULL, NULL, 'ActionLogs', 114, 117),
(59, 58, NULL, NULL, 'logAction', 115, 116),
(60, 1, NULL, NULL, 'Tickets', 118, 129),
(61, 60, NULL, NULL, 'index', 119, 120),
(62, 60, NULL, NULL, 'view', 121, 122),
(63, 60, NULL, NULL, 'add', 123, 124),
(64, 60, NULL, NULL, 'edit', 125, 126),
(65, 60, NULL, NULL, 'logAction', 127, 128),
(66, 1, NULL, NULL, 'Versions', 130, 141),
(67, 66, NULL, NULL, 'index', 131, 132),
(68, 66, NULL, NULL, 'add', 133, 134),
(69, 66, NULL, NULL, 'edit', 135, 136),
(70, 66, NULL, NULL, 'delete', 137, 138),
(71, 66, NULL, NULL, 'logAction', 139, 140),
(72, 1, NULL, NULL, 'Timeclocks', 142, 155),
(73, 72, NULL, NULL, 'index', 143, 144),
(74, 72, NULL, NULL, 'add', 145, 146),
(75, 72, NULL, NULL, 'edit', 147, 148),
(76, 72, NULL, NULL, 'out', 149, 150),
(77, 72, NULL, NULL, 'delete', 151, 152),
(78, 72, NULL, NULL, 'logAction', 153, 154),
(79, 1, NULL, NULL, 'TicketChanges', 156, 161),
(80, 79, NULL, NULL, 'add', 157, 158),
(81, 79, NULL, NULL, 'logAction', 159, 160),
(82, 1, NULL, NULL, 'Priorities', 162, 173),
(83, 82, NULL, NULL, 'index', 163, 164),
(84, 82, NULL, NULL, 'add', 165, 166),
(85, 82, NULL, NULL, 'edit', 167, 168),
(86, 82, NULL, NULL, 'delete', 169, 170),
(87, 82, NULL, NULL, 'logAction', 171, 172),
(88, 1, NULL, NULL, 'Elements', 174, 185),
(89, 88, NULL, NULL, 'index', 175, 176),
(90, 88, NULL, NULL, 'add', 177, 178),
(91, 88, NULL, NULL, 'edit', 179, 180),
(92, 88, NULL, NULL, 'delete', 181, 182),
(93, 88, NULL, NULL, 'logAction', 183, 184),
(94, 1, NULL, NULL, '/var/www/vhosts/exqsoft.com/subdomains/kinspire/httpdocs/app/plugins/file/controllers/upload_folders_controller.php', 186, 187),
(95, 1, NULL, NULL, '/var/www/vhosts/exqsoft.com/subdomains/kinspire/httpdocs/app/plugins/file/controllers/uploads_controller.php', 188, 189),
(96, 1, NULL, NULL, '/var/www/vhosts/exqsoft.com/subdomains/kinspire/httpdocs/app/plugins/file/controllers/upload_folders_controller.php', 190, 191),
(97, 1, NULL, NULL, '/var/www/vhosts/exqsoft.com/subdomains/kinspire/httpdocs/app/plugins/file/controllers/uploads_controller.php', 192, 193),
(98, 1, NULL, NULL, '/var/www/vhosts/exqsoft.com/subdomains/kinspire/httpdocs/app/plugins/file/controllers/upload_folders_controller.php', 194, 195),
(99, 1, NULL, NULL, '/var/www/vhosts/exqsoft.com/subdomains/kinspire/httpdocs/app/plugins/file/controllers/uploads_controller.php', 196, 197),
(100, 1, NULL, NULL, '/var/www/vhosts/exqsoft.com/subdomains/kinspire/httpdocs/app/plugins/file/controllers/upload_folders_controller.php', 198, 199),
(101, 1, NULL, NULL, '/var/www/vhosts/exqsoft.com/subdomains/kinspire/httpdocs/app/plugins/file/controllers/uploads_controller.php', 200, 201),
(102, 1, NULL, NULL, '/var/www/vhosts/exqsoft.com/subdomains/kinspire/httpdocs/app/plugins/file/controllers/upload_folders_controller.php', 202, 203),
(103, 1, NULL, NULL, '/var/www/vhosts/exqsoft.com/subdomains/kinspire/httpdocs/app/plugins/file/controllers/uploads_controller.php', 204, 205),
(104, 1, NULL, NULL, '/var/www/vhosts/exqsoft.com/subdomains/kinspire/httpdocs/app/plugins/file/controllers/upload_folders_controller.php', 206, 207),
(105, 1, NULL, NULL, '/var/www/vhosts/exqsoft.com/subdomains/kinspire/httpdocs/app/plugins/file/controllers/uploads_controller.php', 208, 209),
(106, 1, NULL, NULL, '/var/www/vhosts/exqsoft.com/subdomains/kinspire/httpdocs/app/plugins/file/controllers/upload_folders_controller.php', 210, 211),
(107, 1, NULL, NULL, '/var/www/vhosts/exqsoft.com/subdomains/kinspire/httpdocs/app/plugins/file/controllers/uploads_controller.php', 212, 213),
(108, 1, NULL, NULL, '/var/www/vhosts/exqsoft.com/subdomains/kinspire/httpdocs/app/plugins/file/controllers/upload_folders_controller.php', 214, 215),
(109, 1, NULL, NULL, '/var/www/vhosts/exqsoft.com/subdomains/kinspire/httpdocs/app/plugins/file/controllers/uploads_controller.php', 216, 217),
(110, 1, NULL, NULL, '/var/www/vhosts/exqsoft.com/subdomains/kinspire/httpdocs/app/plugins/file/controllers/upload_folders_controller.php', 218, 219),
(111, 1, NULL, NULL, '/var/www/vhosts/exqsoft.com/subdomains/kinspire/httpdocs/app/plugins/file/controllers/uploads_controller.php', 220, 221),
(112, 1, NULL, NULL, '/var/www/vhosts/exqsoft.com/subdomains/kinspire/httpdocs/app/plugins/file/controllers/upload_folders_controller.php', 222, 223),
(113, 1, NULL, NULL, '/var/www/vhosts/exqsoft.com/subdomains/kinspire/httpdocs/app/plugins/file/controllers/uploads_controller.php', 224, 225),
(114, 1, NULL, NULL, '/var/www/vhosts/exqsoft.com/subdomains/kinspire/httpdocs/app/plugins/file/controllers/upload_folders_controller.php', 226, 227),
(115, 1, NULL, NULL, '/var/www/vhosts/exqsoft.com/subdomains/kinspire/httpdocs/app/plugins/file/controllers/uploads_controller.php', 228, 229),
(116, 1, NULL, NULL, '/var/www/vhosts/exqsoft.com/subdomains/kinspire/httpdocs/app/plugins/file/controllers/upload_folders_controller.php', 230, 231),
(117, 1, NULL, NULL, '/var/www/vhosts/exqsoft.com/subdomains/kinspire/httpdocs/app/plugins/file/controllers/uploads_controller.php', 232, 233),
(118, 1, NULL, NULL, '/var/www/vhosts/exqsoft.com/subdomains/kinspire/httpdocs/app/plugins/file/controllers/upload_folders_controller.php', 234, 235),
(119, 1, NULL, NULL, '/var/www/vhosts/exqsoft.com/subdomains/kinspire/httpdocs/app/plugins/file/controllers/uploads_controller.php', 236, 237),
(120, 1, NULL, NULL, '/var/www/vhosts/exqsoft.com/subdomains/kinspire/httpdocs/app/plugins/file/controllers/upload_folders_controller.php', 238, 239),
(121, 1, NULL, NULL, '/var/www/vhosts/exqsoft.com/subdomains/kinspire/httpdocs/app/plugins/file/controllers/uploads_controller.php', 240, 241),
(122, 1, NULL, NULL, '/var/www/vhosts/exqsoft.com/subdomains/kinspire/httpdocs/app/plugins/file/controllers/upload_folders_controller.php', 242, 243),
(123, 1, NULL, NULL, '/var/www/vhosts/exqsoft.com/subdomains/kinspire/httpdocs/app/plugins/file/controllers/uploads_controller.php', 244, 245),
(124, 1, NULL, NULL, '/var/www/vhosts/exqsoft.com/subdomains/kinspire/httpdocs/app/plugins/file/controllers/upload_folders_controller.php', 246, 247),
(125, 1, NULL, NULL, '/var/www/vhosts/exqsoft.com/subdomains/kinspire/httpdocs/app/plugins/file/controllers/uploads_controller.php', 248, 249),
(126, 1, NULL, NULL, '/var/www/vhosts/exqsoft.com/subdomains/kinspire/httpdocs/app/plugins/file/controllers/upload_folders_controller.php', 250, 251),
(127, 1, NULL, NULL, '/var/www/vhosts/exqsoft.com/subdomains/kinspire/httpdocs/app/plugins/file/controllers/uploads_controller.php', 252, 253),
(128, 1, NULL, NULL, '/var/www/vhosts/exqsoft.com/subdomains/kinspire/httpdocs/app/plugins/file/controllers/upload_folders_controller.php', 254, 255),
(129, 1, NULL, NULL, '/var/www/vhosts/exqsoft.com/subdomains/kinspire/httpdocs/app/plugins/file/controllers/uploads_controller.php', 256, 257),
(130, 1, NULL, NULL, '/var/www/vhosts/exqsoft.com/subdomains/kinspire/httpdocs/app/plugins/file/controllers/upload_folders_controller.php', 258, 259),
(131, 1, NULL, NULL, '/var/www/vhosts/exqsoft.com/subdomains/kinspire/httpdocs/app/plugins/file/controllers/uploads_controller.php', 260, 261),
(132, 1, NULL, NULL, '/var/www/vhosts/exqsoft.com/subdomains/kinspire/httpdocs/app/plugins/file/controllers/upload_folders_controller.php', 262, 263),
(133, 1, NULL, NULL, '/var/www/vhosts/exqsoft.com/subdomains/kinspire/httpdocs/app/plugins/file/controllers/uploads_controller.php', 264, 265),
(134, 1, NULL, NULL, '/var/www/vhosts/exqsoft.com/subdomains/kinspire/httpdocs/app/plugins/file/controllers/upload_folders_controller.php', 266, 267),
(135, 1, NULL, NULL, '/var/www/vhosts/exqsoft.com/subdomains/kinspire/httpdocs/app/plugins/file/controllers/uploads_controller.php', 268, 269),
(136, 1, NULL, NULL, '/var/www/vhosts/exqsoft.com/subdomains/kinspire/httpdocs/app/plugins/file/controllers/upload_folders_controller.php', 270, 271),
(137, 1, NULL, NULL, '/var/www/vhosts/exqsoft.com/subdomains/kinspire/httpdocs/app/plugins/file/controllers/uploads_controller.php', 272, 273),
(138, 1, NULL, NULL, '/var/www/vhosts/exqsoft.com/subdomains/kinspire/httpdocs/app/plugins/file/controllers/upload_folders_controller.php', 274, 275),
(139, 1, NULL, NULL, '/var/www/vhosts/exqsoft.com/subdomains/kinspire/httpdocs/app/plugins/file/controllers/uploads_controller.php', 276, 277),
(140, 1, NULL, NULL, '/var/www/vhosts/exqsoft.com/subdomains/kinspire/httpdocs/app/plugins/file/controllers/upload_folders_controller.php', 278, 279),
(141, 1, NULL, NULL, '/var/www/vhosts/exqsoft.com/subdomains/kinspire/httpdocs/app/plugins/file/controllers/uploads_controller.php', 280, 281),
(142, 1, NULL, NULL, '/var/www/vhosts/exqsoft.com/subdomains/kinspire/httpdocs/app/plugins/file/controllers/upload_folders_controller.php', 282, 283),
(143, 1, NULL, NULL, '/var/www/vhosts/exqsoft.com/subdomains/kinspire/httpdocs/app/plugins/file/controllers/uploads_controller.php', 284, 285),
(144, 1, NULL, NULL, '/var/www/vhosts/exqsoft.com/subdomains/kinspire/httpdocs/app/plugins/file/controllers/upload_folders_controller.php', 286, 287),
(145, 1, NULL, NULL, '/var/www/vhosts/exqsoft.com/subdomains/kinspire/httpdocs/app/plugins/file/controllers/uploads_controller.php', 288, 289),
(146, 1, NULL, NULL, '/var/www/vhosts/exqsoft.com/subdomains/kinspire/httpdocs/app/plugins/file/controllers/upload_folders_controller.php', 290, 291),
(147, 1, NULL, NULL, '/var/www/vhosts/exqsoft.com/subdomains/kinspire/httpdocs/app/plugins/file/controllers/uploads_controller.php', 292, 293),
(148, 1, NULL, NULL, '/var/www/vhosts/exqsoft.com/subdomains/kinspire/httpdocs/app/plugins/file/controllers/upload_folders_controller.php', 294, 295),
(149, 1, NULL, NULL, '/var/www/vhosts/exqsoft.com/subdomains/kinspire/httpdocs/app/plugins/file/controllers/uploads_controller.php', 296, 297),
(150, 1, NULL, NULL, '/var/www/vhosts/exqsoft.com/subdomains/kinspire/httpdocs/app/plugins/file/controllers/upload_folders_controller.php', 298, 299),
(151, 1, NULL, NULL, '/var/www/vhosts/exqsoft.com/subdomains/kinspire/httpdocs/app/plugins/file/controllers/uploads_controller.php', 300, 301),
(152, 1, NULL, NULL, '/var/www/vhosts/exqsoft.com/subdomains/kinspire/httpdocs/app/plugins/file/controllers/upload_folders_controller.php', 302, 303),
(153, 1, NULL, NULL, '/var/www/vhosts/exqsoft.com/subdomains/kinspire/httpdocs/app/plugins/file/controllers/uploads_controller.php', 304, 305),
(154, 1, NULL, NULL, '/var/www/vhosts/exqsoft.com/subdomains/kinspire/httpdocs/app/plugins/file/controllers/upload_folders_controller.php', 306, 307),
(155, 1, NULL, NULL, '/var/www/vhosts/exqsoft.com/subdomains/kinspire/httpdocs/app/plugins/file/controllers/uploads_controller.php', 308, 309),
(156, 1, NULL, NULL, '/var/www/vhosts/exqsoft.com/subdomains/kinspire/httpdocs/app/plugins/file/controllers/upload_folders_controller.php', 310, 311),
(157, 1, NULL, NULL, '/var/www/vhosts/exqsoft.com/subdomains/kinspire/httpdocs/app/plugins/file/controllers/uploads_controller.php', 312, 313),
(158, 1, NULL, NULL, '/var/www/vhosts/exqsoft.com/subdomains/kinspire/httpdocs/app/plugins/file/controllers/upload_folders_controller.php', 314, 315),
(159, 1, NULL, NULL, '/var/www/vhosts/exqsoft.com/subdomains/kinspire/httpdocs/app/plugins/file/controllers/uploads_controller.php', 316, 317),
(160, 1, NULL, NULL, '/var/www/vhosts/exqsoft.com/subdomains/kinspire/httpdocs/app/plugins/file/controllers/upload_folders_controller.php', 318, 319),
(161, 1, NULL, NULL, '/var/www/vhosts/exqsoft.com/subdomains/kinspire/httpdocs/app/plugins/file/controllers/uploads_controller.php', 320, 321),
(162, 1, NULL, NULL, '/var/www/vhosts/exqsoft.com/subdomains/kinspire/httpdocs/app/plugins/file/controllers/upload_folders_controller.php', 322, 323),
(163, 1, NULL, NULL, '/var/www/vhosts/exqsoft.com/subdomains/kinspire/httpdocs/app/plugins/file/controllers/uploads_controller.php', 324, 325),
(164, 1, NULL, NULL, '/var/www/vhosts/exqsoft.com/subdomains/kinspire/httpdocs/app/plugins/file/controllers/upload_folders_controller.php', 326, 327),
(165, 1, NULL, NULL, '/var/www/vhosts/exqsoft.com/subdomains/kinspire/httpdocs/app/plugins/file/controllers/uploads_controller.php', 328, 329),
(166, 1, NULL, NULL, '/var/www/vhosts/exqsoft.com/subdomains/kinspire/httpdocs/app/plugins/file/controllers/upload_folders_controller.php', 330, 331),
(167, 1, NULL, NULL, '/var/www/vhosts/exqsoft.com/subdomains/kinspire/httpdocs/app/plugins/file/controllers/uploads_controller.php', 332, 333),
(168, 1, NULL, NULL, '/var/www/vhosts/exqsoft.com/subdomains/kinspire/httpdocs/app/plugins/file/controllers/upload_folders_controller.php', 334, 335),
(169, 1, NULL, NULL, '/var/www/vhosts/exqsoft.com/subdomains/kinspire/httpdocs/app/plugins/file/controllers/uploads_controller.php', 336, 337),
(170, 1, NULL, NULL, '/var/www/vhosts/exqsoft.com/subdomains/kinspire/httpdocs/app/plugins/file/controllers/upload_folders_controller.php', 338, 339),
(171, 1, NULL, NULL, '/var/www/vhosts/exqsoft.com/subdomains/kinspire/httpdocs/app/plugins/file/controllers/uploads_controller.php', 340, 341),
(172, 1, NULL, NULL, '/var/www/vhosts/exqsoft.com/subdomains/kinspire/httpdocs/app/plugins/file/controllers/upload_folders_controller.php', 342, 343),
(173, 1, NULL, NULL, '/var/www/vhosts/exqsoft.com/subdomains/kinspire/httpdocs/app/plugins/file/controllers/uploads_controller.php', 344, 345),
(174, 1, NULL, NULL, '/var/www/vhosts/exqsoft.com/subdomains/kinspire/httpdocs/app/plugins/file/controllers/upload_folders_controller.php', 346, 347),
(175, 1, NULL, NULL, '/var/www/vhosts/exqsoft.com/subdomains/kinspire/httpdocs/app/plugins/file/controllers/uploads_controller.php', 348, 349),
(176, 1, NULL, NULL, '/var/www/vhosts/exqsoft.com/subdomains/kinspire/httpdocs/app/plugins/file/controllers/upload_folders_controller.php', 350, 351),
(177, 1, NULL, NULL, '/var/www/vhosts/exqsoft.com/subdomains/kinspire/httpdocs/app/plugins/file/controllers/uploads_controller.php', 352, 353),
(178, 1, NULL, NULL, '/var/www/vhosts/exqsoft.com/subdomains/kinspire/httpdocs/app/plugins/file/controllers/upload_folders_controller.php', 354, 355),
(179, 1, NULL, NULL, '/var/www/vhosts/exqsoft.com/subdomains/kinspire/httpdocs/app/plugins/file/controllers/uploads_controller.php', 356, 357),
(180, 1, NULL, NULL, '/var/www/vhosts/exqsoft.com/subdomains/kinspire/httpdocs/app/plugins/file/controllers/upload_folders_controller.php', 358, 359),
(181, 1, NULL, NULL, '/var/www/vhosts/exqsoft.com/subdomains/kinspire/httpdocs/app/plugins/file/controllers/uploads_controller.php', 360, 361),
(182, 1, NULL, NULL, '/var/www/vhosts/exqsoft.com/subdomains/kinspire/httpdocs/app/plugins/file/controllers/upload_folders_controller.php', 362, 363),
(183, 1, NULL, NULL, '/var/www/vhosts/exqsoft.com/subdomains/kinspire/httpdocs/app/plugins/file/controllers/uploads_controller.php', 364, 365),
(184, 1, NULL, NULL, '/var/www/vhosts/exqsoft.com/subdomains/kinspire/httpdocs/app/plugins/file/controllers/upload_folders_controller.php', 366, 367),
(185, 1, NULL, NULL, '/var/www/vhosts/exqsoft.com/subdomains/kinspire/httpdocs/app/plugins/file/controllers/uploads_controller.php', 368, 369),
(186, 1, NULL, NULL, '/var/www/vhosts/exqsoft.com/subdomains/kinspire/httpdocs/app/plugins/file/controllers/upload_folders_controller.php', 370, 371),
(187, 1, NULL, NULL, '/var/www/vhosts/exqsoft.com/subdomains/kinspire/httpdocs/app/plugins/file/controllers/uploads_controller.php', 372, 373),
(188, 1, NULL, NULL, '/var/www/vhosts/exqsoft.com/subdomains/kinspire/httpdocs/app/plugins/file/controllers/upload_folders_controller.php', 374, 375),
(189, 1, NULL, NULL, '/var/www/vhosts/exqsoft.com/subdomains/kinspire/httpdocs/app/plugins/file/controllers/uploads_controller.php', 376, 377),
(190, 1, NULL, NULL, '/var/www/vhosts/exqsoft.com/subdomains/kinspire/httpdocs/app/plugins/file/controllers/upload_folders_controller.php', 378, 379),
(191, 1, NULL, NULL, '/var/www/vhosts/exqsoft.com/subdomains/kinspire/httpdocs/app/plugins/file/controllers/uploads_controller.php', 380, 381),
(192, 1, NULL, NULL, '/var/www/vhosts/exqsoft.com/subdomains/kinspire/httpdocs/app/plugins/file/controllers/upload_folders_controller.php', 382, 383),
(193, 1, NULL, NULL, '/var/www/vhosts/exqsoft.com/subdomains/kinspire/httpdocs/app/plugins/file/controllers/uploads_controller.php', 384, 385),
(194, 1, NULL, NULL, '/var/www/vhosts/exqsoft.com/subdomains/kinspire/httpdocs/app/plugins/file/controllers/upload_folders_controller.php', 386, 387),
(195, 1, NULL, NULL, '/var/www/vhosts/exqsoft.com/subdomains/kinspire/httpdocs/app/plugins/file/controllers/uploads_controller.php', 388, 389),
(196, 1, NULL, NULL, '/var/www/vhosts/exqsoft.com/subdomains/kinspire/httpdocs/app/plugins/file/controllers/upload_folders_controller.php', 390, 391),
(197, 1, NULL, NULL, '/var/www/vhosts/exqsoft.com/subdomains/kinspire/httpdocs/app/plugins/file/controllers/uploads_controller.php', 392, 393),
(198, 1, NULL, NULL, '/var/www/vhosts/exqsoft.com/subdomains/kinspire/httpdocs/app/plugins/file/controllers/upload_folders_controller.php', 394, 395),
(199, 1, NULL, NULL, '/var/www/vhosts/exqsoft.com/subdomains/kinspire/httpdocs/app/plugins/file/controllers/uploads_controller.php', 396, 397),
(200, 1, NULL, NULL, '/var/www/vhosts/exqsoft.com/subdomains/kinspire/httpdocs/app/plugins/file/controllers/upload_folders_controller.php', 398, 399),
(201, 1, NULL, NULL, '/var/www/vhosts/exqsoft.com/subdomains/kinspire/httpdocs/app/plugins/file/controllers/uploads_controller.php', 400, 401),
(202, 1, NULL, NULL, '/var/www/vhosts/exqsoft.com/subdomains/kinspire/httpdocs/app/plugins/file/controllers/upload_folders_controller.php', 402, 403),
(203, 1, NULL, NULL, '/var/www/vhosts/exqsoft.com/subdomains/kinspire/httpdocs/app/plugins/file/controllers/uploads_controller.php', 404, 405),
(204, 1, NULL, NULL, '/var/www/vhosts/exqsoft.com/subdomains/kinspire/httpdocs/app/plugins/file/controllers/upload_folders_controller.php', 406, 407),
(205, 1, NULL, NULL, '/var/www/vhosts/exqsoft.com/subdomains/kinspire/httpdocs/app/plugins/file/controllers/uploads_controller.php', 408, 409),
(206, 1, NULL, NULL, '/var/www/vhosts/exqsoft.com/subdomains/kinspire/httpdocs/app/plugins/file/controllers/upload_folders_controller.php', 410, 411),
(207, 1, NULL, NULL, '/var/www/vhosts/exqsoft.com/subdomains/kinspire/httpdocs/app/plugins/file/controllers/uploads_controller.php', 412, 413),
(208, 1, NULL, NULL, '/var/www/vhosts/exqsoft.com/subdomains/kinspire/httpdocs/app/plugins/file/controllers/upload_folders_controller.php', 414, 415),
(209, 1, NULL, NULL, '/var/www/vhosts/exqsoft.com/subdomains/kinspire/httpdocs/app/plugins/file/controllers/uploads_controller.php', 416, 417),
(210, 1, NULL, NULL, '/var/www/vhosts/exqsoft.com/subdomains/kinspire/httpdocs/app/plugins/file/controllers/upload_folders_controller.php', 418, 419),
(211, 1, NULL, NULL, '/var/www/vhosts/exqsoft.com/subdomains/kinspire/httpdocs/app/plugins/file/controllers/uploads_controller.php', 420, 421),
(212, 1, NULL, NULL, '/var/www/vhosts/exqsoft.com/subdomains/kinspire/httpdocs/app/plugins/file/controllers/upload_folders_controller.php', 422, 423),
(213, 1, NULL, NULL, '/var/www/vhosts/exqsoft.com/subdomains/kinspire/httpdocs/app/plugins/file/controllers/uploads_controller.php', 424, 425),
(214, 1, NULL, NULL, '/var/www/vhosts/exqsoft.com/subdomains/kinspire/httpdocs/app/plugins/file/controllers/upload_folders_controller.php', 426, 427),
(215, 1, NULL, NULL, '/var/www/vhosts/exqsoft.com/subdomains/kinspire/httpdocs/app/plugins/file/controllers/uploads_controller.php', 428, 429),
(216, 1, NULL, NULL, '/var/www/vhosts/exqsoft.com/subdomains/kinspire/httpdocs/app/plugins/file/controllers/upload_folders_controller.php', 430, 431),
(217, 1, NULL, NULL, '/var/www/vhosts/exqsoft.com/subdomains/kinspire/httpdocs/app/plugins/file/controllers/uploads_controller.php', 432, 433),
(218, 1, NULL, NULL, '/var/www/vhosts/exqsoft.com/subdomains/kinspire/httpdocs/app/plugins/file/controllers/upload_folders_controller.php', 434, 435),
(219, 1, NULL, NULL, '/var/www/vhosts/exqsoft.com/subdomains/kinspire/httpdocs/app/plugins/file/controllers/uploads_controller.php', 436, 437),
(220, 1, NULL, NULL, '/var/www/vhosts/exqsoft.com/subdomains/kinspire/httpdocs/app/plugins/file/controllers/upload_folders_controller.php', 438, 439),
(221, 1, NULL, NULL, '/var/www/vhosts/exqsoft.com/subdomains/kinspire/httpdocs/app/plugins/file/controllers/uploads_controller.php', 440, 441),
(222, 1, NULL, NULL, '/var/www/vhosts/exqsoft.com/subdomains/kinspire/httpdocs/app/plugins/file/controllers/upload_folders_controller.php', 442, 443),
(223, 1, NULL, NULL, '/var/www/vhosts/exqsoft.com/subdomains/kinspire/httpdocs/app/plugins/file/controllers/uploads_controller.php', 444, 445),
(224, 1, NULL, NULL, '/var/www/vhosts/exqsoft.com/subdomains/kinspire/httpdocs/app/plugins/file/controllers/upload_folders_controller.php', 446, 447),
(225, 1, NULL, NULL, '/var/www/vhosts/exqsoft.com/subdomains/kinspire/httpdocs/app/plugins/file/controllers/uploads_controller.php', 448, 449),
(226, 1, NULL, NULL, '/var/www/vhosts/exqsoft.com/subdomains/kinspire/httpdocs/app/plugins/file/controllers/upload_folders_controller.php', 450, 451),
(227, 1, NULL, NULL, '/var/www/vhosts/exqsoft.com/subdomains/kinspire/httpdocs/app/plugins/file/controllers/uploads_controller.php', 452, 453),
(228, 1, NULL, NULL, '/var/www/vhosts/exqsoft.com/subdomains/kinspire/httpdocs/app/plugins/file/controllers/upload_folders_controller.php', 454, 455),
(229, 1, NULL, NULL, '/var/www/vhosts/exqsoft.com/subdomains/kinspire/httpdocs/app/plugins/file/controllers/uploads_controller.php', 456, 457),
(230, 1, NULL, NULL, '/var/www/vhosts/exqsoft.com/subdomains/kinspire/httpdocs/app/plugins/file/controllers/upload_folders_controller.php', 458, 459),
(231, 1, NULL, NULL, '/var/www/vhosts/exqsoft.com/subdomains/kinspire/httpdocs/app/plugins/file/controllers/uploads_controller.php', 460, 461),
(232, 1, NULL, NULL, '/var/www/vhosts/exqsoft.com/subdomains/kinspire/httpdocs/app/plugins/file/controllers/upload_folders_controller.php', 462, 463),
(233, 1, NULL, NULL, '/var/www/vhosts/exqsoft.com/subdomains/kinspire/httpdocs/app/plugins/file/controllers/uploads_controller.php', 464, 465),
(234, 1, NULL, NULL, '/var/www/vhosts/exqsoft.com/subdomains/kinspire/httpdocs/app/plugins/file/controllers/upload_folders_controller.php', 466, 467),
(235, 1, NULL, NULL, '/var/www/vhosts/exqsoft.com/subdomains/kinspire/httpdocs/app/plugins/file/controllers/uploads_controller.php', 468, 469),
(236, 1, NULL, NULL, '/var/www/vhosts/exqsoft.com/subdomains/kinspire/httpdocs/app/plugins/file/controllers/upload_folders_controller.php', 470, 471),
(237, 1, NULL, NULL, '/var/www/vhosts/exqsoft.com/subdomains/kinspire/httpdocs/app/plugins/file/controllers/uploads_controller.php', 472, 473),
(238, 1, NULL, NULL, '/var/www/vhosts/exqsoft.com/subdomains/kinspire/httpdocs/app/plugins/file/controllers/upload_folders_controller.php', 474, 475),
(239, 1, NULL, NULL, '/var/www/vhosts/exqsoft.com/subdomains/kinspire/httpdocs/app/plugins/file/controllers/uploads_controller.php', 476, 477),
(240, 1, NULL, NULL, '/var/www/vhosts/exqsoft.com/subdomains/kinspire/httpdocs/app/plugins/file/controllers/upload_folders_controller.php', 478, 479),
(241, 1, NULL, NULL, '/var/www/vhosts/exqsoft.com/subdomains/kinspire/httpdocs/app/plugins/file/controllers/uploads_controller.php', 480, 481),
(242, 1, NULL, NULL, '/var/www/vhosts/exqsoft.com/subdomains/kinspire/httpdocs/app/plugins/file/controllers/upload_folders_controller.php', 482, 483),
(243, 1, NULL, NULL, '/var/www/vhosts/exqsoft.com/subdomains/kinspire/httpdocs/app/plugins/file/controllers/uploads_controller.php', 484, 485),
(244, 1, NULL, NULL, '/var/www/vhosts/exqsoft.com/subdomains/kinspire/httpdocs/app/plugins/file/controllers/upload_folders_controller.php', 486, 487),
(245, 1, NULL, NULL, '/var/www/vhosts/exqsoft.com/subdomains/kinspire/httpdocs/app/plugins/file/controllers/uploads_controller.php', 488, 489),
(246, 1, NULL, NULL, '/var/www/vhosts/exqsoft.com/subdomains/kinspire/httpdocs/app/plugins/file/controllers/upload_folders_controller.php', 490, 491),
(247, 1, NULL, NULL, '/var/www/vhosts/exqsoft.com/subdomains/kinspire/httpdocs/app/plugins/file/controllers/uploads_controller.php', 492, 493),
(248, 1, NULL, NULL, '/var/www/vhosts/exqsoft.com/subdomains/kinspire/httpdocs/app/plugins/file/controllers/upload_folders_controller.php', 494, 495),
(249, 1, NULL, NULL, '/var/www/vhosts/exqsoft.com/subdomains/kinspire/httpdocs/app/plugins/file/controllers/uploads_controller.php', 496, 497),
(250, 1, NULL, NULL, '/var/www/vhosts/exqsoft.com/subdomains/kinspire/httpdocs/app/plugins/file/controllers/upload_folders_controller.php', 498, 499),
(251, 1, NULL, NULL, '/var/www/vhosts/exqsoft.com/subdomains/kinspire/httpdocs/app/plugins/file/controllers/uploads_controller.php', 500, 501),
(252, 1, NULL, NULL, '/var/www/vhosts/exqsoft.com/subdomains/kinspire/httpdocs/app/plugins/file/controllers/upload_folders_controller.php', 502, 503),
(253, 1, NULL, NULL, '/var/www/vhosts/exqsoft.com/subdomains/kinspire/httpdocs/app/plugins/file/controllers/uploads_controller.php', 504, 505),
(254, 1, NULL, NULL, '/var/www/vhosts/exqsoft.com/subdomains/kinspire/httpdocs/app/plugins/file/controllers/upload_folders_controller.php', 506, 507),
(255, 1, NULL, NULL, '/var/www/vhosts/exqsoft.com/subdomains/kinspire/httpdocs/app/plugins/file/controllers/uploads_controller.php', 508, 509);

-- --------------------------------------------------------

-- 
-- Table structure for table `action_logs`
-- 

CREATE TABLE `action_logs` (
  `id` int(11) NOT NULL auto_increment,
  `user_id` int(11) NOT NULL default '0',
  `controller` varchar(255) NOT NULL default '',
  `action` varchar(255) NOT NULL default '',
  `params` varchar(255) NOT NULL default '',
  `created` datetime default NULL,
  PRIMARY KEY  (`id`)
) ENGINE=MyISAM AUTO_INCREMENT=3355 DEFAULT CHARSET=latin1;

-- 
-- Dumping data for table `action_logs`
-- 

INSERT INTO `action_logs` (`id`, `user_id`, `controller`, `action`, `params`, `created`) VALUES (1, 1, 'tickets', 'view', '72', '2009-02-26 13:41:24'),
(2, 1, 'tickets', 'open_by_project', '2', '2009-02-26 13:41:44'),
(3, 1, 'tickets', 'edit', '72', '2009-02-26 13:41:50'),
(4, 1, 'tickets', 'edit', '72', '2009-02-26 13:42:26'),
(5, 1, 'tickets', 'view', '72', '2009-02-26 13:42:27'),
(6, 1, 'tickets', 'add', '2', '2009-02-26 13:42:34'),
(7, 1, 'tickets', 'add', '', '2009-02-26 13:43:35'),
(8, 1, 'tickets', 'add', '', '2009-02-26 13:47:20'),
(9, 1, 'tickets', 'view', '110', '2009-02-26 13:47:21'),
(10, 1, 'tickets', 'add', '2', '2009-02-26 13:47:50'),
(11, 1, 'tickets', 'add', '', '2009-02-26 13:48:32'),
(12, 1, 'tickets', 'view', '111', '2009-02-26 13:48:32'),
(13, 1, 'tickets', 'open_by_project', '2', '2009-02-26 13:48:37'),
(14, 1, 'statuses', 'index', '', '2009-02-26 13:48:49'),
(15, 1, 'statuses', 'add', '', '2009-02-26 13:48:52'),
(16, 1, 'statuses', 'index', '', '2009-02-26 13:49:06'),
(17, 1, 'statuses', 'add', '', '2009-02-26 13:49:10'),
(18, 1, 'statuses', 'index', '', '2009-02-26 13:49:10'),
(19, 1, 'tickets', 'open_by_project', '2', '2009-02-26 13:49:24'),
(20, 1, 'tickets', 'edit', '110', '2009-02-26 13:49:33'),
(21, 1, 'tickets', 'edit', '110', '2009-02-26 13:49:38'),
(22, 1, 'tickets', 'view', '110', '2009-02-26 13:49:39'),
(23, 1, 'tickets', 'edit', '109', '2009-02-26 13:49:44'),
(24, 1, 'tickets', 'edit', '109', '2009-02-26 13:49:48'),
(25, 1, 'tickets', 'view', '109', '2009-02-26 13:49:49'),
(26, 1, 'tickets', 'edit', '108', '2009-02-26 13:49:53'),
(27, 1, 'tickets', 'edit', '108', '2009-02-26 13:50:01'),
(28, 1, 'tickets', 'view', '108', '2009-02-26 13:50:01'),
(29, 1, 'tickets', 'open_by_project', '2', '2009-02-26 13:50:09'),
(30, 1, 'tickets', 'edit', '111', '2009-02-26 14:02:20'),
(31, 1, 'tickets', 'open_by_project', '2', '2009-02-26 14:02:41'),
(32, 1, 'statuses', 'index', '', '2009-02-26 14:04:00'),
(33, 1, 'tickets', 'open_by_project', '2', '2009-02-26 14:04:15'),
(34, 1, 'tickets', 'view', '111', '2009-02-26 14:04:19'),
(35, 1, 'tickets', 'open_by_project', '2', '2009-02-26 14:04:24'),
(36, 1, 'tickets', 'edit', '111', '2009-02-26 14:04:28'),
(37, 1, 'tickets', 'edit', '111', '2009-02-26 14:04:51'),
(38, 1, 'tickets', 'view', '111', '2009-02-26 14:04:51'),
(39, 1, 'statuses', 'index', '', '2009-02-26 14:05:20'),
(40, 1, 'statuses', 'delete', '2', '2009-02-26 14:05:44'),
(41, 1, 'statuses', 'index', '', '2009-02-26 14:05:44'),
(42, 1, 'statuses', 'delete', '3', '2009-02-26 14:05:51'),
(43, 1, 'statuses', 'index', '', '2009-02-26 14:05:51'),
(44, 1, 'statuses', 'add', '', '2009-02-26 14:05:54'),
(45, 1, 'statuses', 'add', '', '2009-02-26 14:06:02'),
(46, 1, 'statuses', 'index', '', '2009-02-26 14:06:03'),
(47, 1, 'statuses', 'edit', '4', '2009-02-26 14:06:07'),
(48, 1, 'statuses', 'edit', '4', '2009-02-26 14:06:11'),
(49, 1, 'statuses', 'index', '', '2009-02-26 14:06:11'),
(50, 1, 'statuses', 'edit', '5', '2009-02-26 14:06:13'),
(51, 1, 'statuses', 'edit', '5', '2009-02-26 14:06:16'),
(52, 1, 'statuses', 'index', '', '2009-02-26 14:06:17'),
(53, 1, 'tickets', 'add', '2', '2009-02-26 14:06:23'),
(54, 1, 'tickets', 'add', '', '2009-02-26 14:06:51'),
(55, 1, 'tickets', 'add', '', '2009-02-26 14:07:33'),
(56, 1, 'tickets', 'view', '113', '2009-02-26 14:07:35'),
(57, 1, 'tickets', 'open_by_project', '2', '2009-02-26 14:07:40'),
(58, 1, 'tickets', 'edit', '112', '2009-02-26 14:07:46'),
(59, 1, 'tickets', 'edit', '112', '2009-02-26 14:07:52'),
(60, 1, 'tickets', 'view', '112', '2009-02-26 14:07:52'),
(61, 1, 'tickets', 'open_by_project', '2', '2009-02-26 14:08:21'),
(62, 1, 'tickets', 'add', '2', '2009-02-26 14:08:28'),
(63, 1, 'tickets', 'add', '', '2009-02-26 14:08:56'),
(64, 1, 'tickets', 'view', '114', '2009-02-26 14:08:56'),
(65, 1, 'tickets', 'open_by_project', '2', '2009-02-26 14:09:11'),
(66, 1, 'tickets', 'open_by_project', '2', '2009-02-26 14:10:54'),
(67, 1, 'tickets', 'open_by_project', '2', '2009-02-26 14:11:03'),
(68, 1, 'tickets', 'open_by_project', '2', '2009-02-26 14:11:09'),
(69, 1, 'tickets', 'index', '', '2009-02-26 14:11:11'),
(70, 1, 'tickets', 'index', '', '2009-02-26 14:11:13'),
(71, 1, 'tickets', 'open_by_project', '2', '2009-02-26 14:11:26'),
(72, 1, 'statuses', 'index', '', '2009-02-26 14:12:40'),
(73, 1, 'priorities', 'index', '', '2009-02-26 14:12:44'),
(74, 1, 'versions', 'index', '', '2009-02-26 14:12:49'),
(75, 1, 'types', 'index', '', '2009-02-26 14:12:51'),
(76, 1, 'tickets', 'open_by_project', '2', '2009-02-26 14:13:11'),
(77, 1, 'tickets', 'add', '2', '2009-02-26 14:14:24'),
(78, 1, 'tickets', 'add', '', '2009-02-26 14:14:47'),
(79, 1, 'tickets', 'view', '115', '2009-02-26 14:14:47'),
(80, 1, 'tickets', 'open_by_project', '2', '2009-02-26 14:15:09'),
(81, 1, 'tickets', 'open_by_project', '2', '2009-02-26 14:15:49'),
(82, 1, 'tickets', 'edit', '106', '2009-02-26 14:21:59'),
(83, 1, 'tickets', 'edit', '106', '2009-02-26 14:22:15'),
(84, 1, 'tickets', 'view', '106', '2009-02-26 14:22:19'),
(85, 1, 'tickets', 'open_by_project', '2', '2009-02-26 14:22:26'),
(86, 1, 'tickets', 'edit', '106', '2009-02-26 14:22:34'),
(87, 1, 'tickets', 'edit', '106', '2009-02-26 14:22:39'),
(88, 1, 'tickets', 'view', '106', '2009-02-26 14:22:41'),
(89, 1, 'tickets', 'add', '2', '2009-02-26 14:27:17'),
(90, 1, 'tickets', 'add', '2', '2009-02-26 14:28:31'),
(91, 1, 'tickets', 'add', '2', '2009-02-26 14:28:33'),
(92, 1, 'tickets', 'add', '2', '2009-02-26 14:29:34'),
(93, 1, 'tickets', 'add', '2', '2009-02-26 14:30:06'),
(94, 1, 'tickets', 'add', '2', '2009-02-26 14:31:11'),
(95, 1, 'tickets', 'add', '', '2009-02-26 14:32:13'),
(96, 1, 'tickets', 'view', '116', '2009-02-26 14:32:14'),
(97, 1, 'tickets', 'view', '116', '2009-02-26 14:34:01'),
(98, 1, 'tickets', 'view', '116', '2009-02-26 14:34:21'),
(99, 1, 'tickets', 'view', '116', '2009-02-26 14:35:43'),
(100, 1, 'tickets', 'view', '116', '2009-02-26 14:36:24'),
(101, 1, 'tickets', 'view', '116', '2009-02-26 14:37:22'),
(102, 1, 'tickets', 'open_by_project', '2', '2009-02-26 14:37:31'),
(103, 1, 'tickets', 'edit', '116', '2009-02-26 14:37:37'),
(104, 1, 'tickets', 'edit', '116', '2009-02-26 14:37:58'),
(105, 1, 'tickets', 'edit', '116', '2009-02-26 14:38:53'),
(106, 1, 'tickets', 'edit', '116', '2009-02-26 14:39:07'),
(107, 1, 'tickets', 'view', '117', '2009-02-26 14:39:08'),
(108, 1, 'tickets', 'open_by_project', '2', '2009-02-26 14:40:07'),
(109, 1, 'tickets', 'view', '113', '2009-02-26 14:40:09'),
(110, 1, 'tickets', 'view', '117', '2009-02-26 14:40:18'),
(111, 1, 'tickets', 'index', '', '2009-02-26 14:40:25'),
(112, 1, 'tickets', 'view', '2', '2009-02-26 14:40:34'),
(113, 1, 'tickets', 'view', '2', '2009-02-26 14:41:37'),
(114, 1, 'tickets', 'view', '117', '2009-02-26 14:41:54'),
(115, 1, 'tickets', 'view', '117', '2009-02-26 14:43:07'),
(116, 1, 'tickets', 'view', '117', '2009-02-26 14:44:11'),
(117, 1, 'tickets', 'open_by_project', '2', '2009-02-26 14:44:49'),
(118, 1, 'tickets', 'edit', '116', '2009-02-26 14:44:54'),
(119, 1, 'tickets', 'edit', '116', '2009-02-26 14:44:58'),
(120, 1, 'tickets', 'view', '118', '2009-02-26 14:44:58'),
(121, 1, 'tickets', 'open_by_project', '2', '2009-02-26 14:45:01'),
(122, 1, 'tickets', 'open_by_project', '2', '2009-02-26 14:45:08'),
(123, 1, 'tickets', 'open_by_project', '2', '2009-02-26 14:45:12'),
(124, 1, 'tickets', 'edit', '116', '2009-02-26 14:45:24'),
(125, 1, 'tickets', 'edit', '116', '2009-02-26 14:45:52'),
(126, 1, 'tickets', 'view', '119', '2009-02-26 14:45:53'),
(127, 1, 'tickets', 'open_by_project', '2', '2009-02-26 14:45:58'),
(128, 1, 'tickets', 'edit', '119', '2009-02-26 14:46:41'),
(129, 1, 'tickets', 'edit', '119', '2009-02-26 14:46:43'),
(130, 1, 'tickets', 'view', '120', '2009-02-26 14:46:44'),
(131, 1, 'tickets', 'open_by_project', '2', '2009-02-26 14:46:58'),
(132, 1, 'tickets', 'edit', '119', '2009-02-26 14:47:03'),
(133, 1, 'tickets', 'edit', '119', '2009-02-26 14:47:06'),
(134, 1, 'tickets', 'view', '121', '2009-02-26 14:47:07'),
(135, 1, 'tickets', 'open_by_project', '2', '2009-02-26 14:47:09'),
(136, 1, 'tickets', 'edit', '119', '2009-02-26 14:47:14'),
(137, 1, 'tickets', 'edit', '119', '2009-02-26 14:47:17'),
(138, 1, 'tickets', 'view', '122', '2009-02-26 14:47:18'),
(139, 1, 'tickets', 'open_by_project', '2', '2009-02-26 14:47:53'),
(140, 1, 'tickets', 'edit', '119', '2009-02-26 14:47:57'),
(141, 1, 'tickets', 'edit', '119', '2009-02-26 14:48:05'),
(142, 1, 'tickets', 'view', '123', '2009-02-26 14:48:05'),
(143, 1, 'tickets', 'open_by_project', '2', '2009-02-26 14:48:09'),
(144, 1, 'tickets', 'edit', '119', '2009-02-26 14:49:16'),
(145, 1, 'tickets', 'edit', '119', '2009-02-26 14:49:42'),
(146, 1, 'tickets', 'edit', '119', '2009-02-26 14:52:36'),
(147, 1, 'tickets', 'edit', '119', '2009-02-26 14:53:14'),
(148, 1, 'tickets', 'edit', '119', '2009-02-26 14:53:16'),
(149, 1, 'tickets', 'view', '124', '2009-02-26 14:53:17'),
(150, 1, 'tickets', 'open_by_project', '2', '2009-02-26 14:53:20'),
(151, 1, 'tickets', 'edit', '119', '2009-02-26 14:54:08'),
(152, 1, 'tickets', 'edit', '119', '2009-02-26 14:54:12'),
(153, 1, 'tickets', 'view', '125', '2009-02-26 14:54:12'),
(154, 1, 'tickets', 'open_by_project', '2', '2009-02-26 14:54:18'),
(155, 1, 'tickets', 'edit', '119', '2009-02-26 14:55:01'),
(156, 1, 'tickets', 'edit', '119', '2009-02-26 14:55:10'),
(157, 1, 'tickets', 'edit', '119', '2009-02-26 14:55:12'),
(158, 1, 'tickets', 'edit', '119', '2009-02-26 14:55:19'),
(159, 1, 'users', 'login', '', '2009-02-26 14:59:21'),
(160, 1, 'groups', 'index', '', '2009-02-26 14:59:28'),
(161, 1, 'groups', 'edit', '1', '2009-02-26 14:59:30'),
(162, 1, 'groups', 'edit', '1', '2009-02-26 14:59:33'),
(163, 1, 'groups', 'index', '', '2009-02-26 14:59:34'),
(164, 1, 'groups', 'edit', '1', '2009-02-26 14:59:37'),
(165, 1, 'groups', 'edit', '1', '2009-02-26 14:59:58'),
(166, 1, 'groups', 'index', '', '2009-02-26 14:59:58'),
(167, 1, 'tickets', 'open_by_project', '2', '2009-02-26 15:00:12'),
(168, 1, 'tickets', 'edit', '119', '2009-02-26 15:00:15'),
(169, 1, 'tickets', 'edit', '119', '2009-02-26 15:03:50'),
(170, 1, 'tickets', 'edit', '119', '2009-02-26 15:04:17'),
(171, 1, 'groups', 'index', '', '2009-02-26 15:04:46'),
(172, 1, 'groups', 'edit', '1', '2009-02-26 15:04:49'),
(173, 1, 'groups', 'edit', '1', '2009-02-26 15:04:50'),
(174, 1, 'users', 'login', '', '2009-02-26 15:06:05'),
(175, 1, 'tickets', 'open_by_project', '2', '2009-02-26 15:06:06'),
(176, 1, 'tickets', 'edit', '119', '2009-02-26 15:06:08'),
(177, 1, 'tickets', 'edit', '119', '2009-02-26 15:06:13'),
(178, 1, 'tickets', 'edit', '119', '2009-02-26 15:06:26'),
(179, 1, 'tickets', 'edit', '119', '2009-02-26 15:06:29'),
(180, 1, 'users', 'login', '', '2009-02-26 15:06:52'),
(181, 1, 'users', 'login', '', '2009-02-26 20:46:37'),
(182, 1, 'users', 'view', '1', '2009-02-26 20:46:38'),
(183, 1, 'tickets', 'open_by_project', '2', '2009-02-26 20:46:48'),
(184, 1, 'tickets', 'open_by_project', '1', '2009-02-26 20:47:12'),
(185, 1, 'tickets', 'open_by_project', '1', '2009-02-26 20:47:16'),
(186, 1, 'tickets', 'open_by_project', '2', '2009-02-26 20:47:26'),
(187, 1, 'tickets', 'open_by_project', '2', '2009-02-26 20:47:30'),
(188, 1, 'tickets', 'open_by_project', '3', '2009-02-26 20:47:33'),
(189, 1, 'tickets', 'open_by_project', '4', '2009-02-26 20:47:41'),
(190, 1, 'users', 'login', '', '2009-02-27 02:32:21'),
(191, 1, 'users', 'logout', '', '2009-02-27 02:32:38'),
(192, 1, 'users', 'login', '', '2009-02-27 02:34:32'),
(193, 1, 'users', 'view', '1', '2009-02-27 02:34:33'),
(194, 1, 'users', 'logout', '', '2009-02-27 02:35:53'),
(195, 1, 'users', 'view', '1', '2009-02-27 02:36:00'),
(196, 1, 'tickets', 'open_by_project', '2', '2009-02-27 02:36:07'),
(197, 1, 'tickets', 'edit', '119', '2009-02-27 02:36:10'),
(198, 1, 'tickets', 'edit', '119', '2009-02-27 02:36:17'),
(199, 1, 'users', 'login', '', '2009-02-27 02:36:26'),
(200, 1, 'users', 'login', '', '2009-02-27 02:36:28'),
(201, 1, 'users', 'view', '1', '2009-02-27 02:36:29'),
(202, 1, 'tickets', 'open_by_project', '2', '2009-02-27 02:37:01'),
(203, 1, 'tickets', 'edit', '119', '2009-02-27 02:37:04'),
(204, 1, 'tickets', 'edit', '119', '2009-02-27 02:37:08'),
(205, 1, 'tickets', 'view', '126', '2009-02-27 02:37:08'),
(206, 1, 'tickets', 'open_by_project', '2', '2009-02-27 02:37:18'),
(207, 1, 'tickets', 'open_by_project', '2', '2009-02-27 02:38:19'),
(208, 1, 'tickets', 'edit', '119', '2009-02-27 02:38:20'),
(209, 1, 'tickets', 'edit', '119', '2009-02-27 02:38:35'),
(210, 1, 'tickets', 'edit', '119', '2009-02-27 02:38:41'),
(211, 1, 'tickets', 'view', '127', '2009-02-27 02:38:42'),
(212, 1, 'ticket_comments', 'add', '127', '2009-02-27 02:39:03'),
(213, 1, 'ticket_comments', 'add', '', '2009-02-27 02:39:08'),
(214, 1, 'tickets', 'view', '127', '2009-02-27 02:39:09'),
(215, 1, 'versions', 'index', '', '2009-02-27 02:39:29'),
(216, 1, 'versions', 'edit', '4', '2009-02-27 02:39:34'),
(217, 1, 'tickets', 'open_by_project', '2', '2009-02-27 02:39:46'),
(218, 1, 'tickets', 'open_by_project', '2', '2009-02-27 02:39:50'),
(219, 1, 'tickets', 'open_by_project', '2', '2009-02-27 02:39:54'),
(220, 1, 'tickets', 'open_by_project', '2', '2009-02-27 02:40:00'),
(221, 1, 'tickets', 'open_by_project', '2', '2009-02-27 02:40:03'),
(222, 1, 'tickets', 'index', '', '2009-02-27 02:40:50'),
(223, 1, 'tickets', 'index', '', '2009-02-27 02:40:54'),
(224, 1, 'tickets', 'open_by_project', '2', '2009-02-27 02:43:09'),
(225, 1, 'tickets', 'edit', '107', '2009-02-27 02:43:16'),
(226, 1, 'tickets', 'edit', '107', '2009-02-27 02:43:22'),
(227, 1, 'tickets', 'view', '128', '2009-02-27 02:43:24'),
(228, 1, 'tickets', 'open_by_project', '2', '2009-02-27 02:43:28'),
(229, 1, 'tickets', 'edit', '107', '2009-02-27 02:59:32'),
(230, 1, 'tickets', 'edit', '107', '2009-02-27 02:59:43'),
(231, 1, 'tickets', 'view', '107', '2009-02-27 02:59:45'),
(232, 1, 'tickets', 'open_by_project', '2', '2009-02-27 03:03:52'),
(233, 1, 'tickets', 'edit', '114', '2009-02-27 03:04:29'),
(234, 1, 'tickets', 'edit', '114', '2009-02-27 03:04:35'),
(235, 1, 'tickets', 'view', '114', '2009-02-27 03:04:37'),
(236, 1, 'tickets', 'open_by_project', '2', '2009-02-27 03:04:50'),
(237, 1, 'tickets', 'add', '2', '2009-02-27 03:05:50'),
(238, 1, 'tickets', 'add', '', '2009-02-27 03:06:15'),
(239, 1, 'tickets', 'view', '129', '2009-02-27 03:06:16'),
(240, 1, 'projects', 'index', '', '2009-02-27 03:15:53'),
(241, 1, 'tickets', 'open_by_project', '2', '2009-02-27 03:20:31'),
(242, 1, 'milestones', 'index', '', '2009-02-27 03:25:26'),
(243, 1, 'milestones', 'complete', '2', '2009-02-27 03:25:32'),
(244, 1, 'milestones', 'index', '', '2009-02-27 03:25:33'),
(245, 1, 'milestones', 'index', '', '2009-02-27 03:27:11'),
(246, 1, 'tickets', 'open_by_project', '2', '2009-02-27 03:27:36'),
(247, 1, 'tickets', 'edit', '97', '2009-02-27 03:28:38'),
(248, 1, 'tickets', 'edit', '97', '2009-02-27 03:28:41'),
(249, 1, 'tickets', 'view', '97', '2009-02-27 03:28:41'),
(250, 1, 'tickets', 'open_by_project', '2', '2009-02-27 03:28:44'),
(251, 1, 'tickets', 'open_by_project', '2', '2009-02-27 03:32:27'),
(252, 1, 'tickets', 'add', '2', '2009-02-27 03:32:43'),
(253, 1, 'tickets', 'add', '', '2009-02-27 03:33:13'),
(254, 1, 'tickets', 'view', '130', '2009-02-27 03:33:15'),
(255, 1, 'tickets', 'open_by_project', '2', '2009-02-27 03:34:01'),
(256, 1, 'tickets', 'edit', '129', '2009-02-27 03:34:35'),
(257, 1, 'tickets', 'edit', '129', '2009-02-27 03:34:38'),
(258, 1, 'tickets', 'view', '129', '2009-02-27 03:34:40'),
(259, 1, 'tickets', 'add', '2', '2009-02-27 03:34:42'),
(260, 1, 'tickets', 'add', '', '2009-02-27 03:35:12'),
(261, 1, 'tickets', 'view', '131', '2009-02-27 03:35:14'),
(262, 1, 'tickets', 'open_by_project', '2', '2009-02-27 03:35:35'),
(263, 1, 'tickets', 'edit', '105', '2009-02-27 03:36:02'),
(264, 1, 'tickets', 'edit', '105', '2009-02-27 03:36:11'),
(265, 1, 'tickets', 'view', '105', '2009-02-27 03:36:12'),
(266, 1, 'tickets', 'open_by_project', '2', '2009-02-27 03:36:23'),
(267, 1, 'tickets', 'add', '2', '2009-02-27 03:54:02'),
(268, 1, 'tickets', 'add', '', '2009-02-27 03:55:37'),
(269, 1, 'tickets', 'view', '132', '2009-02-27 03:55:39'),
(270, 1, 'tickets', 'open_by_project', '2', '2009-02-27 03:56:19'),
(271, 1, 'tickets', 'edit', '132', '2009-02-27 03:56:22'),
(272, 1, 'tickets', 'edit', '132', '2009-02-27 03:56:26'),
(273, 1, 'tickets', 'view', '132', '2009-02-27 03:56:27'),
(274, 1, 'timeclocks', 'add', '2', '2009-02-27 03:56:32'),
(275, 1, 'timeclocks', 'add', '', '2009-02-27 03:56:39'),
(276, 1, 'projects', 'index', '', '2009-02-27 03:56:41'),
(277, 1, 'tickets', 'open_by_project', '2', '2009-02-27 03:57:09'),
(278, 1, 'tickets', 'add', '2', '2009-02-27 03:57:11'),
(279, 1, 'tickets', 'open_by_project', '2', '2009-02-27 03:58:02'),
(280, 1, 'tickets', 'edit', '105', '2009-02-27 03:58:40'),
(281, 1, 'tickets', 'edit', '105', '2009-02-27 03:58:44'),
(282, 1, 'tickets', 'view', '105', '2009-02-27 03:58:46'),
(283, 1, 'tickets', 'add', '2', '2009-02-27 03:59:12'),
(284, 1, 'tickets', 'add', '', '2009-02-27 03:59:25'),
(285, 1, 'tickets', 'view', '133', '2009-02-27 03:59:26'),
(286, 1, 'tickets', 'open_by_project', '2', '2009-02-27 03:59:40'),
(287, 1, 'tickets', 'edit', '133', '2009-02-27 03:59:44'),
(288, 1, 'tickets', 'edit', '133', '2009-02-27 03:59:50'),
(289, 1, 'tickets', 'view', '133', '2009-02-27 03:59:52'),
(290, 1, 'tickets', 'open_by_project', '2', '2009-02-27 04:00:34'),
(291, 1, 'tickets', 'add', '2', '2009-02-27 04:00:58'),
(292, 1, 'tickets', 'add', '', '2009-02-27 04:01:52'),
(293, 1, 'tickets', 'view', '134', '2009-02-27 04:02:06'),
(294, 1, 'tickets', 'open_by_project', '2', '2009-02-27 04:02:27'),
(295, 1, 'tickets', 'edit', '131', '2009-02-27 04:03:08'),
(296, 1, 'tickets', 'edit', '131', '2009-02-27 04:03:16'),
(297, 1, 'tickets', 'view', '131', '2009-02-27 04:03:21'),
(298, 1, 'tickets', 'open_by_project', '2', '2009-02-27 04:04:43'),
(299, 1, 'tickets', 'open_by_project', '1', '2009-02-27 04:21:54'),
(300, 1, 'tickets', 'open_by_project', '2', '2009-02-27 04:30:46'),
(301, 1, 'timeclocks', 'out', '', '2009-02-27 13:35:44'),
(302, 1, 'projects', 'index', '', '2009-02-27 13:35:45'),
(303, 1, 'timeclocks', 'index', '', '2009-02-27 13:35:55'),
(304, 1, 'timeclocks', 'index', '', '2009-02-27 13:35:55'),
(305, 1, 'timeclocks', 'index', '', '2009-02-27 13:36:03'),
(306, 1, 'timeclocks', 'add', '1', '2009-02-27 13:36:42'),
(307, 1, 'timeclocks', 'add', '', '2009-02-27 13:36:52'),
(308, 1, 'projects', 'index', '', '2009-02-27 13:36:53'),
(309, 1, 'timeclocks', 'index', '', '2009-02-27 13:37:05'),
(310, 1, 'timeclocks', 'index', '', '2009-02-27 13:37:07'),
(311, 1, 'users', 'login', '', '2009-02-27 14:00:26'),
(312, 1, 'users', 'login', '', '2009-02-27 14:00:51'),
(313, 1, 'projects', 'index', '', '2009-02-27 14:00:52'),
(314, 1, 'timeclocks', 'out', '', '2009-02-27 16:45:07'),
(315, 1, 'projects', 'index', '', '2009-02-27 16:45:09'),
(316, 1, 'timeclocks', 'add', '2', '2009-02-27 16:45:13'),
(317, 1, 'timeclocks', 'add', '', '2009-02-27 16:45:19'),
(318, 1, 'projects', 'index', '', '2009-02-27 16:45:20'),
(319, 1, 'tickets', 'open_by_project', '2', '2009-02-27 16:45:25'),
(320, 1, 'tickets', 'edit', '60', '2009-02-27 16:45:33'),
(321, 1, 'tickets', 'edit', '60', '2009-02-27 16:45:37'),
(322, 1, 'tickets', 'view', '60', '2009-02-27 16:45:38'),
(323, 1, 'tickets', 'open_by_project', '2', '2009-02-27 16:45:41'),
(324, 1, 'tickets', 'view', '58', '2009-02-27 16:46:25'),
(325, 1, 'ticket_changes', 'add', '58', '2009-02-27 16:46:27'),
(326, 1, 'ticket_changes', 'add', '58', '2009-02-27 16:49:59'),
(327, 1, 'ticket_changes', 'add', '58', '2009-02-27 16:50:44'),
(328, 1, 'tickets', 'open_by_project', '2', '2009-02-27 16:51:20'),
(329, 1, 'tickets', 'edit', '58', '2009-02-27 16:51:25'),
(330, 1, 'ticket_changes', 'add', '58', '2009-02-27 16:52:22'),
(331, 1, 'ticket_changes', 'add', '58', '2009-02-27 16:53:56'),
(332, 1, 'ticket_changes', 'add', '58', '2009-02-27 16:54:58'),
(333, 1, 'tickets', 'open_by_project', '2', '2009-02-27 16:55:04'),
(334, 1, 'tickets', 'view', '115', '2009-02-27 16:55:07'),
(335, 1, 'ticket_changes', 'add', '115', '2009-02-27 16:55:10'),
(336, 1, 'ticket_changes', 'add', '58', '2009-02-27 16:56:11'),
(337, 1, 'tickets', 'add', '1', '2009-02-27 17:37:36'),
(338, 1, 'tickets', 'add', '2', '2009-02-27 17:37:37'),
(339, 1, 'tickets', 'add', '', '2009-02-27 17:37:50'),
(340, 1, 'tickets', 'view', '135', '2009-02-27 17:37:51'),
(341, 1, 'ticket_changes', 'add', '135', '2009-02-27 17:37:55'),
(342, 1, 'ticket_changes', 'add', '53', '2009-02-27 17:38:11'),
(343, 1, 'tickets', 'view', '135', '2009-02-27 17:38:12'),
(344, 1, 'ticket_changes', 'add', '135', '2009-02-27 17:38:18'),
(345, 1, 'ticket_changes', 'add', '135', '2009-02-27 17:40:42'),
(346, 1, 'ticket_changes', 'add', '53', '2009-02-27 17:41:16'),
(347, 1, 'tickets', 'view', '135', '2009-02-27 17:41:17'),
(348, 1, 'tickets', 'open_by_project', '2', '2009-02-27 17:41:30'),
(349, 1, 'ticket_changes', 'add', '135', '2009-02-27 17:41:39'),
(350, 1, 'ticket_changes', 'add', '135', '2009-02-27 17:43:00'),
(351, 1, 'ticket_changes', 'add', '135', '2009-02-27 17:45:06'),
(352, 1, 'ticket_changes', 'add', '55', '2009-02-27 17:45:33'),
(353, 1, 'tickets', 'view', '135', '2009-02-27 17:45:33'),
(354, 1, 'ticket_changes', 'add', '135', '2009-02-27 17:46:30'),
(355, 1, 'ticket_changes', 'add', '55', '2009-02-27 17:46:56'),
(356, 1, 'tickets', 'view', '135', '2009-02-27 17:46:56'),
(357, 1, 'ticket_changes', 'add', '135', '2009-02-27 17:47:20'),
(358, 1, 'ticket_changes', 'add', '55', '2009-02-27 17:47:29'),
(359, 1, 'tickets', 'view', '135', '2009-02-27 17:47:29'),
(360, 1, 'ticket_changes', 'add', '135', '2009-02-27 17:48:41'),
(361, 1, 'ticket_changes', 'add', '135', '2009-02-27 17:49:31'),
(362, 1, 'ticket_changes', 'add', '135', '2009-02-27 17:49:53'),
(363, 1, 'ticket_changes', 'add', '135', '2009-02-27 17:50:25'),
(364, 1, 'ticket_changes', 'add', '55', '2009-02-27 17:50:30'),
(365, 1, 'tickets', 'view', '135', '2009-02-27 17:50:31'),
(366, 1, 'ticket_changes', 'add', '135', '2009-02-27 17:50:34'),
(367, 1, 'ticket_changes', 'add', '135', '2009-02-27 17:51:04'),
(368, 1, 'ticket_changes', 'add', '55', '2009-02-27 17:51:37'),
(369, 1, 'tickets', 'view', '135', '2009-02-27 17:51:38'),
(370, 1, 'ticket_changes', 'add', '135', '2009-02-27 17:51:42'),
(371, 1, 'ticket_changes', 'add', '60', '2009-02-27 17:52:00'),
(372, 1, 'tickets', 'view', '135', '2009-02-27 17:52:00'),
(373, 1, 'ticket_changes', 'add', '135', '2009-02-27 17:52:26'),
(374, 1, 'ticket_changes', 'add', '61', '2009-02-27 17:52:30'),
(375, 1, 'tickets', 'view', '135', '2009-02-27 17:52:30'),
(376, 1, 'ticket_changes', 'add', '135', '2009-02-27 17:52:35'),
(377, 1, 'ticket_changes', 'add', '61', '2009-02-27 17:52:41'),
(378, 1, 'tickets', 'view', '135', '2009-02-27 17:52:41'),
(379, 1, 'ticket_changes', 'add', '135', '2009-02-27 17:52:43'),
(380, 1, 'tickets', 'open_by_project', '2', '2009-02-27 17:53:10'),
(381, 1, 'tickets', 'open_by_project', '2', '2009-02-27 18:00:17'),
(382, 1, 'tickets', 'view', '135', '2009-02-27 18:00:20'),
(383, 1, 'ticket_changes', 'add', '135', '2009-02-27 18:00:25'),
(384, 1, 'ticket_changes', 'add', '135', '2009-02-27 18:00:46'),
(385, 1, 'ticket_changes', 'add', '61', '2009-02-27 18:00:53'),
(386, 1, 'tickets', 'view', '135', '2009-02-27 18:00:54'),
(387, 1, 'ticket_changes', 'add', '135', '2009-02-27 18:00:57'),
(388, 1, 'ticket_changes', 'add', '135', '2009-02-27 18:01:39'),
(389, 1, 'ticket_changes', 'add', '61', '2009-02-27 18:01:42'),
(390, 1, 'tickets', 'view', '135', '2009-02-27 18:01:43'),
(391, 1, 'ticket_changes', 'add', '135', '2009-02-27 18:01:46'),
(392, 1, 'ticket_changes', 'add', '135', '2009-02-27 18:02:29'),
(393, 1, 'ticket_changes', 'add', '61', '2009-02-27 18:02:33'),
(394, 1, 'tickets', 'view', '135', '2009-02-27 18:02:34'),
(395, 1, 'ticket_changes', 'add', '135', '2009-02-27 18:03:19'),
(396, 1, 'ticket_changes', 'add', '61', '2009-02-27 18:04:11'),
(397, 1, 'tickets', 'view', '135', '2009-02-27 18:04:11'),
(398, 1, 'ticket_changes', 'add', '135', '2009-02-27 18:04:13'),
(399, 1, 'ticket_changes', 'add', '67', '2009-02-27 18:04:54'),
(400, 1, 'tickets', 'view', '135', '2009-02-27 18:04:54'),
(401, 1, 'ticket_changes', 'add', '135', '2009-02-27 18:05:02'),
(402, 1, 'ticket_changes', 'add', '68', '2009-02-27 18:05:52'),
(403, 1, 'tickets', 'view', '135', '2009-02-27 18:05:52'),
(404, 1, 'ticket_changes', 'add', '135', '2009-02-27 18:05:55'),
(405, 1, 'ticket_changes', 'add', '69', '2009-02-27 18:06:10'),
(406, 1, 'tickets', 'view', '135', '2009-02-27 18:06:11'),
(407, 1, 'ticket_changes', 'add', '135', '2009-02-27 18:07:06'),
(408, 1, 'ticket_changes', 'add', '135', '2009-02-27 18:07:14'),
(409, 1, 'ticket_changes', 'add', '135', '2009-02-27 18:07:36'),
(410, 1, 'ticket_changes', 'add', '70', '2009-02-27 18:07:41'),
(411, 1, 'tickets', 'view', '135', '2009-02-27 18:07:42'),
(412, 1, 'ticket_changes', 'add', '135', '2009-02-27 18:07:45'),
(413, 1, 'tickets', 'open_by_project', '2', '2009-02-27 18:08:26'),
(414, 1, 'tickets', 'edit', '135', '2009-02-27 18:08:32'),
(415, 1, 'tickets', 'edit', '135', '2009-02-27 18:08:34'),
(416, 1, 'tickets', 'view', '135', '2009-02-27 18:08:35'),
(417, 1, 'tickets', 'open_by_project', '2', '2009-02-27 18:08:36'),
(418, 1, 'tickets', 'add', '2', '2009-02-27 18:08:42'),
(419, 1, 'tickets', 'add', '', '2009-02-27 18:08:54'),
(420, 1, 'tickets', 'view', '138', '2009-02-27 18:08:55'),
(421, 1, 'ticket_changes', 'add', '138', '2009-02-27 18:10:39'),
(422, 1, 'ticket_changes', 'add', '72', '2009-02-27 18:10:43'),
(423, 1, 'ticket_changes', 'add', '138', '2009-02-27 18:11:05'),
(424, 1, 'ticket_changes', 'add', '72', '2009-02-27 18:11:27'),
(425, 1, 'ticket_changes', 'add', '72', '2009-02-27 18:11:56'),
(426, 1, 'tickets', 'view', '138', '2009-02-27 18:11:57'),
(427, 1, 'ticket_changes', 'add', '138', '2009-02-27 18:12:40'),
(428, 1, 'ticket_changes', 'add', '73', '2009-02-27 18:12:43'),
(429, 1, 'tickets', 'view', '138', '2009-02-27 18:12:43'),
(430, 1, 'ticket_changes', 'add', '138', '2009-02-27 18:12:48'),
(431, 1, 'ticket_changes', 'add', '74', '2009-02-27 18:12:50'),
(432, 1, 'tickets', 'view', '138', '2009-02-27 18:12:51'),
(433, 1, 'ticket_changes', 'add', '138', '2009-02-27 18:14:45'),
(434, 1, 'ticket_changes', 'add', '75', '2009-02-27 18:14:49'),
(435, 1, 'tickets', 'view', '138', '2009-02-27 18:14:50'),
(436, 1, 'ticket_changes', 'add', '138', '2009-02-27 18:15:26'),
(437, 1, 'ticket_changes', 'add', '75', '2009-02-27 18:15:28'),
(438, 1, 'tickets', 'view', '138', '2009-02-27 18:15:29'),
(439, 1, 'ticket_changes', 'add', '138', '2009-02-27 18:15:31'),
(440, 1, 'ticket_changes', 'add', '77', '2009-02-27 18:15:34'),
(441, 1, 'tickets', 'view', '138', '2009-02-27 18:15:35'),
(442, 1, 'ticket_changes', 'add', '138', '2009-02-27 18:15:57'),
(443, 1, 'ticket_changes', 'add', '78', '2009-02-27 18:16:02'),
(444, 1, 'tickets', 'view', '138', '2009-02-27 18:16:02'),
(445, 1, 'ticket_changes', 'add', '138', '2009-02-27 18:16:22'),
(446, 1, 'ticket_changes', 'add', '79', '2009-02-27 18:16:25'),
(447, 1, 'tickets', 'view', '138', '2009-02-27 18:16:25'),
(448, 1, 'ticket_changes', 'add', '138', '2009-02-27 18:16:33'),
(449, 1, 'ticket_changes', 'add', '80', '2009-02-27 18:16:36'),
(450, 1, 'tickets', 'view', '138', '2009-02-27 18:16:36'),
(451, 1, 'ticket_changes', 'add', '138', '2009-02-27 18:16:45'),
(452, 1, 'ticket_changes', 'add', '81', '2009-02-27 18:16:48'),
(453, 1, 'tickets', 'view', '138', '2009-02-27 18:16:48'),
(454, 1, 'ticket_changes', 'add', '138', '2009-02-27 18:16:50'),
(455, 1, 'ticket_changes', 'add', '82', '2009-02-27 18:16:53'),
(456, 1, 'tickets', 'view', '138', '2009-02-27 18:16:53'),
(457, 1, 'ticket_changes', 'add', '138', '2009-02-27 18:23:32'),
(458, 1, 'ticket_changes', 'add', '138', '2009-02-27 18:24:00'),
(459, 1, 'ticket_changes', 'add', '138', '2009-02-27 18:24:14'),
(460, 1, 'ticket_changes', 'add', '138', '2009-02-27 18:24:44'),
(461, 1, 'ticket_changes', 'add', '138', '2009-02-27 18:25:17'),
(462, 1, 'ticket_changes', 'add', '138', '2009-02-27 18:26:38'),
(463, 1, 'ticket_changes', 'add', '138', '2009-02-27 18:26:59'),
(464, 1, 'ticket_changes', 'add', '138', '2009-02-27 18:27:42'),
(465, 1, 'ticket_changes', 'add', '138', '2009-02-27 18:29:21'),
(466, 1, 'ticket_changes', 'add', '138', '2009-02-27 18:30:39'),
(467, 1, 'ticket_changes', 'add', '83', '2009-02-27 18:30:43'),
(468, 1, 'tickets', 'view', '138', '2009-02-27 18:30:43'),
(469, 1, 'ticket_changes', 'add', '138', '2009-02-27 18:30:45'),
(470, 1, 'ticket_changes', 'add', '84', '2009-02-27 18:30:57'),
(471, 1, 'tickets', 'view', '138', '2009-02-27 18:30:57'),
(472, 1, 'ticket_changes', 'add', '138', '2009-02-27 18:30:59'),
(473, 1, 'ticket_changes', 'add', '85', '2009-02-27 18:31:03'),
(474, 1, 'tickets', 'view', '138', '2009-02-27 18:31:03'),
(475, 1, 'ticket_changes', 'add', '138', '2009-02-27 18:31:08'),
(476, 1, 'ticket_changes', 'add', '86', '2009-02-27 18:31:12'),
(477, 1, 'tickets', 'view', '138', '2009-02-27 18:31:13'),
(478, 1, 'tickets', 'open_by_project', '2', '2009-02-27 18:31:19'),
(479, 1, 'tickets', 'edit', '134', '2009-02-27 18:35:07'),
(480, 1, 'tickets', 'open_by_project', '1', '2009-02-27 18:35:11'),
(481, 1, 'tickets', 'open_by_project', '2', '2009-02-27 18:35:13'),
(482, 1, 'tickets', 'view', '134', '2009-02-27 18:35:27'),
(483, 1, 'ticket_changes', 'add', '134', '2009-02-27 18:35:29'),
(484, 1, 'ticket_changes', 'add', '52', '2009-02-27 18:35:44'),
(485, 1, 'tickets', 'view', '134', '2009-02-27 18:35:44'),
(486, 1, 'tickets', 'view', '134', '2009-02-27 18:36:45'),
(487, 1, 'ticket_changes', 'add', '134', '2009-02-27 18:36:53'),
(488, 1, 'tickets', 'open_by_project', '2', '2009-02-27 18:37:04'),
(489, 1, 'tickets', 'open_by_project', '2', '2009-02-27 18:38:08'),
(490, 1, 'ticket_changes', 'add', '58', '2009-02-27 18:38:13'),
(491, 1, 'tickets', 'open_by_project', '2', '2009-02-27 18:38:17'),
(492, 1, 'ticket_changes', 'add', '89', '2009-02-27 18:38:23'),
(493, 1, 'ticket_changes', 'add', '19', '2009-02-27 18:38:45'),
(494, 1, 'tickets', 'view', '89', '2009-02-27 18:38:46'),
(495, 1, 'tickets', 'open_by_project', '2', '2009-02-27 18:39:03'),
(496, 1, 'tickets', 'open_by_project', '2', '2009-02-27 18:39:44'),
(497, 1, 'tickets', 'open_by_project', '2', '2009-02-27 18:41:08'),
(498, 1, 'tickets', 'edit', '58', '2009-02-27 18:41:32'),
(499, 1, 'tickets', 'open_by_project', '1', '2009-02-27 18:41:50'),
(500, 1, 'tickets', 'open_by_project', '2', '2009-02-27 18:41:53'),
(501, 1, 'projects', 'index', '', '2009-02-27 18:43:19'),
(502, 1, 'projects', 'edit', '1', '2009-02-27 18:43:21'),
(503, 1, 'projects', 'add', '', '2009-02-27 18:43:46'),
(504, 1, 'milestones', 'index', '', '2009-02-27 18:45:27'),
(505, 1, 'milestones', 'edit', '1', '2009-02-27 18:45:30'),
(506, 1, 'milestones', 'edit', '1', '2009-02-27 18:45:44'),
(507, 1, 'milestones', 'edit', '1', '2009-02-27 18:46:01'),
(508, 1, 'elements', 'index', '', '2009-02-27 18:46:11'),
(509, 1, 'elements', 'edit', '1', '2009-02-27 18:46:13'),
(510, 1, 'tickets', 'open_by_project', '2', '2009-02-27 18:49:42'),
(511, 1, 'ticket_changes', 'add', '130', '2009-02-27 18:49:57'),
(512, 1, 'ticket_changes', 'add', '', '2009-02-27 18:50:13'),
(513, 1, 'tickets', 'view', '130', '2009-02-27 18:50:14'),
(514, 1, 'tickets', 'open_by_project', '2', '2009-02-27 18:50:19'),
(515, 1, 'tickets', 'view', '58', '2009-02-27 18:50:29'),
(516, 1, 'users', 'index', '', '2009-02-27 18:51:37'),
(517, 1, 'users', 'view', '1', '2009-02-27 18:51:40'),
(518, 1, 'tickets', 'open_by_project', '2', '2009-02-27 18:52:22'),
(519, 1, 'ticket_changes', 'add', '58', '2009-02-27 18:52:24'),
(520, 1, 'ticket_changes', 'add', '', '2009-02-27 18:52:30'),
(521, 1, 'tickets', 'view', '58', '2009-02-27 18:52:32'),
(522, 1, 'tickets', 'open_by_project', '2', '2009-02-27 18:52:43'),
(523, 1, 'tickets', 'edit', '115', '2009-02-27 18:52:56'),
(524, 1, 'tickets', 'add', '2', '2009-02-27 18:53:16'),
(525, 1, 'tickets', 'add', '', '2009-02-27 18:53:51'),
(526, 1, 'tickets', 'view', '140', '2009-02-27 18:53:51'),
(527, 1, 'elements', 'view', '16', '2009-02-27 18:56:18'),
(528, 1, 'projects', 'view', '2', '2009-02-27 18:56:27'),
(529, 1, 'priorities', 'view', '5', '2009-02-27 18:56:31'),
(530, 1, 'users', 'view', '1', '2009-02-27 18:56:34'),
(531, 1, 'versions', 'view', '2', '2009-02-27 18:56:44'),
(532, 1, 'milestones', 'view', '4', '2009-02-27 18:56:48'),
(533, 1, 'tickets', 'view', '140', '2009-02-27 18:56:57'),
(534, 1, 'tickets', 'view', '140', '2009-02-27 18:58:12'),
(535, 1, 'users', 'view', '1', '2009-02-27 18:58:33'),
(536, 1, 'groups', 'view', '1', '2009-02-27 18:58:36'),
(537, 1, 'tickets', 'add', '2', '2009-02-27 18:58:59'),
(538, 1, 'tickets', 'add', '2', '2009-02-27 19:17:57'),
(539, 1, 'tickets', 'add', '2', '2009-02-27 19:19:17'),
(540, 1, 'tickets', 'add', '2', '2009-02-27 19:20:26'),
(541, 1, 'tickets', 'add', '2', '2009-02-27 19:20:37'),
(542, 1, 'tickets', 'add', '2', '2009-02-27 19:20:48'),
(543, 1, 'tickets', 'add', '2', '2009-02-27 19:20:57'),
(544, 1, 'tickets', 'add', '2', '2009-02-27 19:21:17'),
(545, 1, 'tickets', 'add', '2', '2009-02-27 19:21:27'),
(546, 1, 'tickets', 'add', '2', '2009-02-27 19:21:35'),
(547, 1, 'tickets', 'add', '2', '2009-02-27 19:24:02'),
(548, 1, 'tickets', 'add', '2', '2009-02-27 19:24:15'),
(549, 1, 'tickets', 'add', '2', '2009-02-27 19:24:33'),
(550, 1, 'tickets', 'add', '2', '2009-02-27 19:25:31'),
(551, 1, 'tickets', 'add', '2', '2009-02-27 19:25:58'),
(552, 1, 'tickets', 'add', '2', '2009-02-27 19:26:26'),
(553, 1, 'tickets', 'add', '2', '2009-02-27 19:26:42'),
(554, 1, 'tickets', 'add', '2', '2009-02-27 19:27:50'),
(555, 1, 'tickets', 'add', '2', '2009-02-27 19:29:24'),
(556, 1, 'tickets', 'add', '2', '2009-02-27 19:29:48'),
(557, 1, 'tickets', 'add', '2', '2009-02-27 19:30:27'),
(558, 1, 'tickets', 'add', '2', '2009-02-27 19:30:52'),
(559, 1, 'tickets', 'add', '2', '2009-02-27 19:31:10'),
(560, 1, 'tickets', 'add', '2', '2009-02-27 19:32:05'),
(561, 1, 'tickets', 'add', '2', '2009-02-27 19:32:25'),
(562, 1, 'tickets', 'add', '2', '2009-02-27 19:33:02'),
(563, 1, 'tickets', 'add', '2', '2009-02-27 19:33:27'),
(564, 1, 'tickets', 'add', '2', '2009-02-27 19:33:40'),
(565, 1, 'tickets', 'add', '', '2009-02-27 19:33:54'),
(566, 1, 'tickets', 'view', '141', '2009-02-27 19:33:54'),
(567, 1, 'tickets', 'view', '141', '2009-02-27 19:36:08'),
(568, 1, 'tickets', 'view', '141', '2009-02-27 19:37:49'),
(569, 1, 'tickets', 'view', '140', '2009-02-27 19:38:20'),
(570, 1, 'tickets', 'view', '140', '2009-02-27 19:38:52'),
(571, 1, 'tickets', 'open_by_project', '2', '2009-02-27 19:39:23'),
(572, 1, 'tickets', 'view', '141', '2009-02-27 19:39:37'),
(573, 1, 'tickets', 'view', '141', '2009-02-27 19:39:54'),
(574, 1, 'ticket_changes', 'add', '141', '2009-02-27 19:41:28'),
(575, 1, 'ticket_changes', 'add', '141', '2009-02-27 19:41:29'),
(576, 1, 'ticket_changes', 'add', '141', '2009-02-27 19:41:45'),
(577, 1, 'ticket_changes', 'add', '141', '2009-02-27 19:42:11'),
(578, 1, 'ticket_changes', 'add', '141', '2009-02-27 19:42:24'),
(579, 1, 'ticket_changes', 'add', '141', '2009-02-27 19:42:25'),
(580, 1, 'ticket_changes', 'add', '141', '2009-02-27 19:43:13'),
(581, 1, 'ticket_changes', 'add', '4', '2009-02-27 19:43:53'),
(582, 1, 'tickets', 'view', '141', '2009-02-27 19:43:53'),
(583, 1, 'ticket_changes', 'add', '141', '2009-02-27 19:44:01'),
(584, 1, 'ticket_changes', 'add', '5', '2009-02-27 19:44:08'),
(585, 1, 'tickets', 'view', '141', '2009-02-27 19:44:08'),
(586, 1, 'tickets', 'view', '141', '2009-02-27 19:44:54'),
(587, 1, 'tickets', 'view', '141', '2009-02-27 19:45:57'),
(588, 1, 'tickets', 'view', '141', '2009-02-27 19:46:10'),
(589, 1, 'tickets', 'view', '141', '2009-02-27 19:49:11'),
(590, 1, 'tickets', 'view', '141', '2009-02-27 19:49:27'),
(591, 1, 'ticket_changes', 'add', '141', '2009-02-27 19:49:34'),
(592, 1, 'ticket_changes', 'add', '6', '2009-02-27 19:49:43'),
(593, 1, 'tickets', 'view', '141', '2009-02-27 19:49:43'),
(594, 1, 'tickets', 'open_by_project', '2', '2009-02-27 19:49:47'),
(595, 1, 'tickets', 'open_by_project', '2', '2009-02-27 19:50:28'),
(596, 1, 'tickets', 'open_by_project', '2', '2009-02-27 19:51:51'),
(597, 1, 'tickets', 'open_by_project', '1', '2009-02-27 19:52:05'),
(598, 1, 'tickets', 'open_by_project', '1', '2009-02-27 19:52:25'),
(599, 1, 'tickets', 'view', '6', '2009-02-27 19:52:29'),
(600, 1, 'tickets', 'view', '6', '2009-02-27 19:54:38'),
(601, 1, 'tickets', 'open_by_project', '2', '2009-02-27 19:54:48'),
(602, 1, 'tickets', 'view', '141', '2009-02-27 19:58:01'),
(603, 1, 'tickets', 'open_by_project', '1', '2009-02-27 19:58:06'),
(604, 1, 'tickets', 'open_by_project', '2', '2009-02-27 19:58:07'),
(605, 1, 'tickets', 'view', '140', '2009-02-27 19:58:10'),
(606, 1, 'tickets', 'open_by_project', '2', '2009-02-27 19:58:19'),
(607, 1, 'tickets', 'edit', '140', '2009-02-27 19:58:26'),
(608, 1, 'tickets', 'edit', '140', '2009-02-27 20:00:07'),
(609, 1, 'tickets', 'edit', '140', '2009-02-27 20:00:10'),
(610, 1, 'tickets', 'view', '141', '2009-02-27 20:00:11'),
(611, 1, 'tickets', 'open_by_project', '2', '2009-02-27 20:00:17'),
(612, 1, 'tickets', 'edit', '140', '2009-02-27 20:00:46'),
(613, 1, 'tickets', 'edit', '140', '2009-02-27 20:00:50'),
(614, 1, 'tickets', 'view', '140', '2009-02-27 20:00:50'),
(615, 1, 'tickets', 'view', '140', '2009-02-27 20:03:09'),
(616, 1, 'tickets', 'open_by_project', '3', '2009-02-27 20:03:15'),
(617, 1, 'tickets', 'open_by_project', '2', '2009-02-27 20:03:16'),
(618, 1, 'tickets', 'edit', '140', '2009-02-27 20:03:18'),
(619, 1, 'tickets', 'edit', '140', '2009-02-27 20:03:21'),
(620, 1, 'tickets', 'view', '140', '2009-02-27 20:03:22'),
(621, 1, 'tickets', 'open_by_project', '2', '2009-02-27 20:03:25'),
(622, 1, 'ticket_changes', 'add', '140', '2009-02-27 20:03:28'),
(623, 1, 'tickets', 'open_by_project', '2', '2009-02-27 20:03:35'),
(624, 1, 'ticket_changes', 'add', '140', '2009-02-27 20:03:45'),
(625, 1, 'ticket_changes', 'add', '140', '2009-02-27 20:05:08'),
(626, 1, 'ticket_changes', 'add', '140', '2009-02-27 20:05:51'),
(627, 1, 'ticket_changes', 'add', '140', '2009-02-27 20:06:15'),
(628, 1, 'ticket_changes', 'add', '140', '2009-02-27 20:09:36'),
(629, 1, 'ticket_changes', 'add', '140', '2009-02-27 20:10:19'),
(630, 1, 'ticket_changes', 'add', '140', '2009-02-27 20:10:55'),
(631, 1, 'ticket_changes', 'add', '140', '2009-02-27 20:13:22'),
(632, 1, 'ticket_changes', 'add', '140', '2009-02-27 20:14:57'),
(633, 1, 'ticket_changes', 'add', '140', '2009-02-27 20:15:30'),
(634, 1, 'ticket_changes', 'add', '140', '2009-02-27 20:15:55'),
(635, 1, 'ticket_changes', 'add', '140', '2009-02-27 20:16:10'),
(636, 1, 'ticket_changes', 'add', '140', '2009-02-27 20:16:23'),
(637, 1, 'ticket_changes', 'add', '', '2009-02-27 20:17:13'),
(638, 1, 'tickets', 'view', '140', '2009-02-27 20:17:14'),
(639, 1, 'tickets', 'view', '140', '2009-02-27 20:17:48'),
(640, 1, 'ticket_changes', 'add', '140', '2009-02-27 20:17:51'),
(641, 1, 'ticket_changes', 'add', '140', '2009-02-27 20:18:27'),
(642, 1, 'ticket_changes', 'add', '140', '2009-02-27 20:18:41'),
(643, 1, 'ticket_changes', 'add', '140', '2009-02-27 20:19:40'),
(644, 1, 'ticket_changes', 'add', '140', '2009-02-27 20:19:51'),
(645, 1, 'ticket_changes', 'add', '140', '2009-02-27 20:20:06'),
(646, 1, 'ticket_changes', 'add', '140', '2009-02-27 20:21:40'),
(647, 1, 'ticket_changes', 'add', '140', '2009-02-27 20:23:11'),
(648, 1, 'ticket_changes', 'add', '140', '2009-02-27 20:23:34'),
(649, 1, 'ticket_changes', 'add', '140', '2009-02-27 20:24:47'),
(650, 1, 'ticket_changes', 'add', '1', '2009-02-27 20:25:00'),
(651, 1, 'tickets', 'view', '140', '2009-02-27 20:25:01'),
(652, 1, 'tickets', 'open_by_project', '2', '2009-02-27 20:25:13'),
(653, 1, 'timeclocks', 'out', '', '2009-02-27 20:51:31'),
(654, 1, 'projects', 'index', '', '2009-02-27 20:51:31'),
(655, 1, 'tickets', 'open_by_project', '2', '2009-02-27 20:51:35'),
(656, 1, 'tickets', 'add', '2', '2009-02-27 20:51:41'),
(657, 1, 'tickets', 'add', '', '2009-02-27 20:52:55'),
(658, 1, 'tickets', 'view', '142', '2009-02-27 20:52:55'),
(659, 1, 'tickets', 'open_by_project', '2', '2009-02-27 20:53:04'),
(660, 1, 'tickets', 'open_by_project', '2', '2009-02-27 20:53:52'),
(661, 1, 'tickets', 'open_by_project', '2', '2009-02-27 20:54:22'),
(662, 1, 'tickets', 'open_by_project', '2', '2009-02-27 20:54:54'),
(663, 1, 'tickets', 'open_by_project', '2', '2009-02-27 20:55:13'),
(664, 1, 'timeclocks', 'add', '2', '2009-02-27 21:04:33'),
(665, 1, 'timeclocks', 'add', '', '2009-02-27 21:04:38'),
(666, 1, 'projects', 'index', '', '2009-02-27 21:04:41'),
(667, 1, 'tickets', 'open_by_project', '2', '2009-02-27 21:51:53'),
(668, 1, 'tickets', 'open_by_project', '2', '2009-02-27 21:52:26'),
(669, 1, 'tickets', 'open_by_project', '2', '2009-02-27 21:54:43'),
(670, 1, 'tickets', 'open_by_project', '2', '2009-02-27 21:55:22'),
(671, 1, 'tickets', 'open_by_project', '2', '2009-02-27 21:57:59'),
(672, 1, 'tickets', 'open_by_project', '2', '2009-02-27 21:58:19'),
(673, 1, 'tickets', 'open_by_project', '2', '2009-02-27 21:59:19'),
(674, 1, 'tickets', 'open_by_project', '2', '2009-02-27 22:00:32'),
(675, 1, 'tickets', 'open_by_project', '2', '2009-02-27 22:00:46'),
(676, 1, 'tickets', 'open_by_project', '2', '2009-02-27 22:01:30'),
(677, 1, 'tickets', 'open_by_project', '2', '2009-02-27 22:02:06'),
(678, 1, 'tickets', 'open_by_project', '2', '2009-02-27 22:02:15'),
(679, 1, 'tickets', 'open_by_project', '2', '2009-02-27 22:07:19'),
(680, 1, 'tickets', 'open_by_project', '2', '2009-02-27 22:09:57'),
(681, 1, 'tickets', 'open_by_project', '2', '2009-02-27 22:10:17'),
(682, 1, 'tickets', 'open_by_project', '2', '2009-02-27 22:10:58'),
(683, 1, 'tickets', 'open_by_project', '2', '2009-02-27 22:11:13'),
(684, 1, 'tickets', 'open_by_project', '2', '2009-02-27 22:11:43'),
(685, 1, 'tickets', 'open_by_project', '2', '2009-02-27 22:29:07'),
(686, 1, 'tickets', 'open_by_project', '2', '2009-02-27 22:30:29'),
(687, 1, 'tickets', 'open_by_project', '2', '2009-02-27 22:31:12'),
(688, 1, 'tickets', 'open_by_project', '2', '2009-02-27 22:31:39'),
(689, 1, 'tickets', 'open_by_project', '2', '2009-02-27 23:22:12'),
(690, 1, 'tickets', 'open_by_project', '2', '2009-02-27 23:23:13'),
(691, 1, 'tickets', 'open_by_project', '2', '2009-02-27 23:23:27'),
(692, 1, 'tickets', 'open_by_project', '2', '2009-02-27 23:24:15'),
(693, 1, 'tickets', 'open_by_project', '2', '2009-02-27 23:25:10'),
(694, 1, 'tickets', 'add', '2', '2009-02-27 23:35:50'),
(695, 1, 'tickets', 'add', '', '2009-02-27 23:35:59'),
(696, 1, 'tickets', 'view', '143', '2009-02-27 23:36:00'),
(697, 1, 'tickets', 'add', '2', '2009-02-27 23:36:52'),
(698, 1, 'tickets', 'add', '', '2009-02-27 23:37:00'),
(699, 1, 'tickets', 'view', '144', '2009-02-27 23:37:01'),
(700, 1, 'ticket_changes', 'add', '144', '2009-02-27 23:37:23'),
(701, 1, 'ticket_changes', 'add', '5', '2009-02-27 23:37:28'),
(702, 1, 'tickets', 'view', '144', '2009-02-27 23:37:28'),
(703, 1, 'ticket_changes', 'add', '144', '2009-02-27 23:38:13'),
(704, 1, 'ticket_changes', 'add', '6', '2009-02-27 23:38:17'),
(705, 1, 'tickets', 'view', '144', '2009-02-27 23:38:17'),
(706, 1, 'tickets', 'add', '2', '2009-02-27 23:40:55'),
(707, 1, 'tickets', 'add', '', '2009-02-27 23:41:00'),
(708, 1, 'tickets', 'view', '145', '2009-02-27 23:41:00'),
(709, 1, 'ticket_changes', 'add', '145', '2009-02-27 23:41:02'),
(710, 1, 'ticket_changes', 'add', '1', '2009-02-27 23:41:17'),
(711, 1, 'tickets', 'view', '145', '2009-02-27 23:41:18'),
(712, 1, 'ticket_changes', 'add', '145', '2009-02-27 23:41:22'),
(713, 1, 'ticket_changes', 'add', '2', '2009-02-27 23:41:37'),
(714, 1, 'tickets', 'view', '145', '2009-02-27 23:41:38'),
(715, 1, 'tickets', 'add', '2', '2009-02-27 23:43:33'),
(716, 1, 'tickets', 'add', '', '2009-02-27 23:43:55'),
(717, 1, 'tickets', 'view', '146', '2009-02-27 23:43:56'),
(718, 1, 'tickets', 'open_by_project', '2', '2009-02-27 23:44:44'),
(719, 1, 'tickets', 'open_by_project', '2', '2009-02-27 23:49:02'),
(720, 1, 'tickets', 'open_by_project', '2', '2009-02-27 23:49:55'),
(721, 1, 'tickets', 'open_by_project', '2', '2009-02-27 23:50:16'),
(722, 1, 'tickets', 'open_by_project', '2', '2009-02-27 23:53:35'),
(723, 1, 'tickets', 'open_by_project', '2', '2009-02-27 23:55:17'),
(724, 1, 'tickets', 'open_by_project', '2', '2009-02-27 23:56:57'),
(725, 1, 'ticket_changes', 'add', '146', '2009-02-27 23:57:39'),
(726, 1, 'statuses', 'index', '', '2009-02-27 23:57:55'),
(727, 1, 'statuses', 'add', '', '2009-02-27 23:57:58'),
(728, 1, 'statuses', 'add', '', '2009-02-27 23:58:04'),
(729, 1, 'statuses', 'index', '', '2009-02-27 23:58:05'),
(730, 1, 'tickets', 'open_by_project', '2', '2009-02-27 23:58:09'),
(731, 1, 'ticket_changes', 'add', '146', '2009-02-27 23:58:15'),
(732, 1, 'ticket_changes', 'add', '1', '2009-02-27 23:58:26'),
(733, 1, 'tickets', 'view', '146', '2009-02-27 23:58:28'),
(734, 1, 'tickets', 'open_by_project', '2', '2009-02-27 23:58:32'),
(735, 1, 'ticket_changes', 'add', '52', '2009-02-27 23:59:36'),
(736, 1, 'elements', 'index', '', '2009-02-28 00:00:01'),
(737, 1, 'elements', 'add', '2', '2009-02-28 00:00:13'),
(738, 1, 'elements', 'add', '', '2009-02-28 00:00:28'),
(739, 1, 'elements', 'index', '', '2009-02-28 00:00:29'),
(740, 1, 'ticket_changes', 'add', '52', '2009-02-28 00:00:34'),
(741, 1, 'ticket_changes', 'add', '', '2009-02-28 00:01:12'),
(742, 1, 'tickets', 'view', '52', '2009-02-28 00:01:12'),
(743, 1, 'tickets', 'open_by_project', '1', '2009-02-28 00:01:17'),
(744, 1, 'tickets', 'open_by_project', '2', '2009-02-28 00:01:18'),
(745, 1, 'tickets', 'open_by_project', '2', '2009-02-28 00:01:46'),
(746, 1, 'ticket_changes', 'add', '142', '2009-02-28 00:01:53'),
(747, 1, 'ticket_changes', 'add', '', '2009-02-28 00:01:59'),
(748, 1, 'tickets', 'view', '142', '2009-02-28 00:02:00'),
(749, 1, 'tickets', 'open_by_project', '2', '2009-02-28 00:02:32'),
(750, 1, 'tickets', 'open_by_project', '2', '2009-02-28 00:04:01'),
(751, 1, 'tickets', 'open_by_project', '2', '2009-02-28 00:06:50'),
(752, 1, 'tickets', 'open_by_project', '2', '2009-02-28 00:06:55'),
(753, 1, 'tickets', 'open_by_project', '2', '2009-02-28 00:06:56'),
(754, 1, 'tickets', 'open_by_project', '2', '2009-02-28 00:07:29'),
(755, 1, 'tickets', 'open_by_project', '2', '2009-02-28 00:07:33'),
(756, 1, 'tickets', 'open_by_project', '2', '2009-02-28 00:07:36'),
(757, 1, 'tickets', 'open_by_project', '2', '2009-02-28 00:07:40'),
(758, 1, 'tickets', 'open_by_project', '2', '2009-02-28 00:07:44'),
(759, 1, 'tickets', 'open_by_project', '2', '2009-02-28 00:07:55'),
(760, 1, 'ticket_changes', 'add', '53', '2009-02-28 00:09:28'),
(761, 1, 'elements', 'add', '2', '2009-02-28 00:09:33'),
(762, 1, 'elements', 'add', '', '2009-02-28 00:09:48'),
(763, 1, 'elements', 'index', '', '2009-02-28 00:09:49'),
(764, 1, 'ticket_changes', 'add', '53', '2009-02-28 00:09:51'),
(765, 1, 'ticket_changes', 'add', '', '2009-02-28 00:10:06'),
(766, 1, 'tickets', 'view', '53', '2009-02-28 00:10:07'),
(767, 1, 'tickets', 'open_by_project', '2', '2009-02-28 00:10:10'),
(768, 1, 'elements', 'add', '2', '2009-02-28 00:10:20'),
(769, 1, 'elements', 'add', '', '2009-02-28 00:10:25'),
(770, 1, 'elements', 'index', '', '2009-02-28 00:10:25'),
(771, 1, 'elements', 'add', '2', '2009-02-28 00:10:30'),
(772, 1, 'elements', 'add', '', '2009-02-28 00:10:34'),
(773, 1, 'elements', 'index', '', '2009-02-28 00:10:35'),
(774, 1, 'ticket_changes', 'add', '62', '2009-02-28 00:11:33'),
(775, 1, 'ticket_changes', 'add', '', '2009-02-28 00:11:47'),
(776, 1, 'tickets', 'view', '62', '2009-02-28 00:11:48'),
(777, 1, 'tickets', 'open_by_project', '2', '2009-02-28 00:11:49'),
(778, 1, 'elements', 'add', '2', '2009-02-28 00:12:03'),
(779, 1, 'elements', 'add', '', '2009-02-28 00:12:08'),
(780, 1, 'elements', 'index', '', '2009-02-28 00:12:11'),
(781, 1, 'elements', 'index', '', '2009-02-28 00:12:28'),
(782, 1, 'elements', 'add', '2', '2009-02-28 00:12:33'),
(783, 1, 'elements', 'add', '', '2009-02-28 00:12:38'),
(784, 1, 'elements', 'index', '', '2009-02-28 00:12:39'),
(785, 1, 'elements', 'add', '2', '2009-02-28 00:12:59'),
(786, 1, 'elements', 'add', '', '2009-02-28 00:13:03'),
(787, 1, 'elements', 'index', '', '2009-02-28 00:13:05'),
(788, 1, 'ticket_changes', 'add', '54', '2009-02-28 00:13:17'),
(789, 1, 'ticket_changes', 'add', '', '2009-02-28 00:13:36'),
(790, 1, 'tickets', 'view', '54', '2009-02-28 00:13:37'),
(791, 1, 'tickets', 'open_by_project', '2', '2009-02-28 00:13:39'),
(792, 1, 'ticket_changes', 'add', '59', '2009-02-28 00:13:41'),
(793, 1, 'ticket_changes', 'add', '', '2009-02-28 00:13:56'),
(794, 1, 'tickets', 'view', '59', '2009-02-28 00:13:56'),
(795, 1, 'tickets', 'open_by_project', '2', '2009-02-28 00:13:58'),
(796, 1, 'ticket_changes', 'add', '60', '2009-02-28 00:14:01'),
(797, 1, 'ticket_changes', 'add', '', '2009-02-28 00:14:24'),
(798, 1, 'tickets', 'view', '60', '2009-02-28 00:14:24'),
(799, 1, 'tickets', 'open_by_project', '2', '2009-02-28 00:14:27'),
(800, 1, 'ticket_changes', 'add', '61', '2009-02-28 00:14:30'),
(801, 1, 'ticket_changes', 'add', '', '2009-02-28 00:14:49'),
(802, 1, 'tickets', 'view', '61', '2009-02-28 00:14:50'),
(803, 1, 'tickets', 'open_by_project', '2', '2009-02-28 00:14:52'),
(804, 1, 'ticket_changes', 'add', '79', '2009-02-28 00:14:56'),
(805, 1, 'ticket_changes', 'add', '', '2009-02-28 00:15:12'),
(806, 1, 'tickets', 'view', '79', '2009-02-28 00:15:14'),
(807, 1, 'tickets', 'open_by_project', '2', '2009-02-28 00:15:17'),
(808, 1, 'ticket_changes', 'add', '81', '2009-02-28 00:15:20'),
(809, 1, 'ticket_changes', 'add', '', '2009-02-28 00:15:36'),
(810, 1, 'tickets', 'view', '81', '2009-02-28 00:15:37'),
(811, 1, 'tickets', 'open_by_project', '2', '2009-02-28 00:15:39'),
(812, 1, 'ticket_changes', 'add', '86', '2009-02-28 00:15:43'),
(813, 1, 'ticket_changes', 'add', '', '2009-02-28 00:16:11'),
(814, 1, 'tickets', 'view', '86', '2009-02-28 00:16:13'),
(815, 1, 'tickets', 'open_by_project', '2', '2009-02-28 00:16:16'),
(816, 1, 'ticket_changes', 'add', '98', '2009-02-28 00:16:21'),
(817, 1, 'ticket_changes', 'add', '', '2009-02-28 00:16:40'),
(818, 1, 'tickets', 'view', '98', '2009-02-28 00:16:40'),
(819, 1, 'tickets', 'open_by_project', '2', '2009-02-28 00:16:43'),
(820, 1, 'ticket_changes', 'add', '99', '2009-02-28 00:16:48'),
(821, 1, 'ticket_changes', 'add', '', '2009-02-28 00:17:10'),
(822, 1, 'tickets', 'view', '99', '2009-02-28 00:17:11'),
(823, 1, 'tickets', 'open_by_project', '2', '2009-02-28 00:17:13'),
(824, 1, 'ticket_changes', 'add', '100', '2009-02-28 00:17:17'),
(825, 1, 'elements', 'add', '2', '2009-02-28 00:17:34'),
(826, 1, 'elements', 'add', '', '2009-02-28 00:17:41'),
(827, 1, 'elements', 'index', '', '2009-02-28 00:17:41'),
(828, 1, 'ticket_changes', 'add', '100', '2009-02-28 00:17:43'),
(829, 1, 'ticket_changes', 'add', '', '2009-02-28 00:17:54'),
(830, 1, 'tickets', 'view', '100', '2009-02-28 00:17:55'),
(831, 1, 'tickets', 'open_by_project', '2', '2009-02-28 00:17:57'),
(832, 1, 'ticket_changes', 'add', '101', '2009-02-28 00:18:00'),
(833, 1, 'ticket_changes', 'add', '', '2009-02-28 00:18:18'),
(834, 1, 'tickets', 'view', '101', '2009-02-28 00:18:19'),
(835, 1, 'tickets', 'open_by_project', '2', '2009-02-28 00:18:21'),
(836, 1, 'ticket_changes', 'add', '113', '2009-02-28 00:18:35'),
(837, 1, 'ticket_changes', 'add', '', '2009-02-28 00:19:18'),
(838, 1, 'tickets', 'view', '113', '2009-02-28 00:19:19'),
(839, 1, 'tickets', 'open_by_project', '2', '2009-02-28 00:19:21');
INSERT INTO `action_logs` (`id`, `user_id`, `controller`, `action`, `params`, `created`) VALUES (840, 1, 'ticket_changes', 'add', '115', '2009-02-28 00:19:30'),
(841, 1, 'ticket_changes', 'add', '', '2009-02-28 00:19:50'),
(842, 1, 'tickets', 'view', '115', '2009-02-28 00:19:51'),
(843, 1, 'tickets', 'open_by_project', '2', '2009-02-28 00:19:53'),
(844, 1, 'ticket_changes', 'add', '146', '2009-02-28 00:20:09'),
(845, 1, 'ticket_changes', 'add', '2', '2009-02-28 00:20:16'),
(846, 1, 'tickets', 'view', '146', '2009-02-28 00:20:17'),
(847, 1, 'tickets', 'open_by_project', '2', '2009-02-28 00:20:19'),
(848, 1, 'tickets', 'open_by_project', '1', '2009-02-28 00:25:49'),
(849, 1, 'timeclocks', 'out', '', '2009-02-28 00:48:10'),
(850, 1, 'projects', 'index', '', '2009-02-28 00:48:11'),
(851, 1, 'timeclocks', 'add', '1', '2009-02-28 00:48:13'),
(852, 1, 'timeclocks', 'add', '', '2009-02-28 00:48:39'),
(853, 1, 'projects', 'index', '', '2009-02-28 00:48:40'),
(854, 1, 'tickets', 'open_by_project', '1', '2009-02-28 00:48:55'),
(855, 1, 'ticket_changes', 'add', '6', '2009-02-28 00:48:58'),
(856, 1, 'ticket_changes', 'add', '', '2009-02-28 00:49:55'),
(857, 1, 'tickets', 'view', '6', '2009-02-28 00:49:55'),
(858, 1, 'tickets', 'open_by_project', '1', '2009-02-28 00:49:58'),
(859, 1, 'ticket_changes', 'add', '7', '2009-02-28 00:50:03'),
(860, 1, 'ticket_changes', 'add', '', '2009-02-28 00:50:25'),
(861, 1, 'tickets', 'view', '7', '2009-02-28 00:50:26'),
(862, 1, 'tickets', 'open_by_project', '1', '2009-02-28 00:50:28'),
(863, 1, 'ticket_changes', 'add', '6', '2009-02-28 00:50:30'),
(864, 1, 'ticket_changes', 'add', '21', '2009-02-28 00:50:36'),
(865, 1, 'tickets', 'view', '6', '2009-02-28 00:50:37'),
(866, 1, 'tickets', 'open_by_project', '1', '2009-02-28 00:50:39'),
(867, 1, 'ticket_changes', 'add', '8', '2009-02-28 00:50:44'),
(868, 1, 'tickets', 'open_by_project', '1', '2009-02-28 00:50:46'),
(869, 1, 'ticket_changes', 'add', '7', '2009-02-28 00:50:49'),
(870, 1, 'ticket_changes', 'add', '22', '2009-02-28 00:51:00'),
(871, 1, 'tickets', 'view', '7', '2009-02-28 00:51:01'),
(872, 1, 'tickets', 'open_by_project', '1', '2009-02-28 00:51:03'),
(873, 1, 'ticket_changes', 'add', '8', '2009-02-28 00:51:05'),
(874, 1, 'ticket_changes', 'add', '', '2009-02-28 00:51:21'),
(875, 1, 'tickets', 'view', '8', '2009-02-28 00:51:22'),
(876, 1, 'tickets', 'open_by_project', '1', '2009-02-28 00:51:24'),
(877, 1, 'ticket_changes', 'add', '7', '2009-02-28 00:51:27'),
(878, 1, 'ticket_changes', 'add', '24', '2009-02-28 00:51:31'),
(879, 1, 'tickets', 'view', '7', '2009-02-28 00:51:32'),
(880, 1, 'tickets', 'open_by_project', '1', '2009-02-28 00:51:34'),
(881, 1, 'ticket_changes', 'add', '9', '2009-02-28 00:51:37'),
(882, 1, 'ticket_changes', 'add', '', '2009-02-28 00:51:56'),
(883, 1, 'tickets', 'view', '9', '2009-02-28 00:51:57'),
(884, 1, 'tickets', 'open_by_project', '1', '2009-02-28 00:51:59'),
(885, 1, 'ticket_changes', 'add', '7', '2009-02-28 00:52:12'),
(886, 1, 'ticket_changes', 'add', '26', '2009-02-28 00:52:16'),
(887, 1, 'tickets', 'view', '7', '2009-02-28 00:52:17'),
(888, 1, 'tickets', 'open_by_project', '1', '2009-02-28 00:52:19'),
(889, 1, 'ticket_changes', 'add', '10', '2009-02-28 00:52:26'),
(890, 1, 'ticket_changes', 'add', '', '2009-02-28 00:52:59'),
(891, 1, 'tickets', 'view', '10', '2009-02-28 00:53:00'),
(892, 1, 'tickets', 'open_by_project', '1', '2009-02-28 00:53:03'),
(893, 1, 'ticket_changes', 'add', '11', '2009-02-28 00:53:05'),
(894, 1, 'ticket_changes', 'add', '', '2009-02-28 00:53:27'),
(895, 1, 'tickets', 'view', '11', '2009-02-28 00:53:27'),
(896, 1, 'tickets', 'open_by_project', '1', '2009-02-28 00:53:29'),
(897, 1, 'ticket_changes', 'add', '12', '2009-02-28 00:53:33'),
(898, 1, 'ticket_changes', 'add', '', '2009-02-28 00:53:44'),
(899, 1, 'tickets', 'view', '12', '2009-02-28 00:53:45'),
(900, 1, 'tickets', 'open_by_project', '1', '2009-02-28 00:53:47'),
(901, 1, 'ticket_changes', 'add', '13', '2009-02-28 00:53:50'),
(902, 1, 'ticket_changes', 'add', '', '2009-02-28 00:54:26'),
(903, 1, 'tickets', 'view', '13', '2009-02-28 00:54:27'),
(904, 1, 'tickets', 'open_by_project', '1', '2009-02-28 00:54:29'),
(905, 1, 'ticket_changes', 'add', '14', '2009-02-28 00:54:33'),
(906, 1, 'elements', 'add', '1', '2009-02-28 00:54:45'),
(907, 1, 'elements', 'add', '', '2009-02-28 00:54:50'),
(908, 1, 'elements', 'index', '', '2009-02-28 00:54:52'),
(909, 1, 'ticket_changes', 'add', '14', '2009-02-28 00:54:55'),
(910, 1, 'ticket_changes', 'add', '', '2009-02-28 00:55:08'),
(911, 1, 'tickets', 'view', '14', '2009-02-28 00:55:08'),
(912, 1, 'tickets', 'open_by_project', '1', '2009-02-28 00:55:10'),
(913, 1, 'ticket_changes', 'add', '15', '2009-02-28 00:55:13'),
(914, 1, 'ticket_changes', 'add', '', '2009-02-28 00:55:41'),
(915, 1, 'tickets', 'view', '15', '2009-02-28 00:55:41'),
(916, 1, 'tickets', 'open_by_project', '2', '2009-02-28 00:55:48'),
(917, 1, 'tickets', 'open_by_project', '1', '2009-02-28 00:56:24'),
(918, 1, 'ticket_changes', 'add', '16', '2009-02-28 00:56:28'),
(919, 1, 'ticket_changes', 'add', '16', '2009-02-28 00:58:32'),
(920, 1, 'ticket_changes', 'add', '16', '2009-02-28 00:58:52'),
(921, 1, 'ticket_changes', 'add', '16', '2009-02-28 00:59:21'),
(922, 1, 'ticket_changes', 'add', '16', '2009-02-28 00:59:48'),
(923, 1, 'ticket_changes', 'add', '16', '2009-02-28 01:00:38'),
(924, 1, 'ticket_changes', 'add', '16', '2009-02-28 01:01:05'),
(925, 1, 'ticket_changes', 'add', '16', '2009-02-28 01:01:30'),
(926, 1, 'ticket_changes', 'add', '', '2009-02-28 01:01:53'),
(927, 1, 'tickets', 'view', '16', '2009-02-28 01:01:55'),
(928, 1, 'tickets', 'open_by_project', '1', '2009-02-28 01:01:59'),
(929, 1, 'ticket_changes', 'add', '17', '2009-02-28 01:02:05'),
(930, 1, 'ticket_changes', 'add', '', '2009-02-28 01:02:41'),
(931, 1, 'tickets', 'view', '17', '2009-02-28 01:02:44'),
(932, 1, 'tickets', 'open_by_project', '1', '2009-02-28 01:02:47'),
(933, 1, 'ticket_changes', 'add', '18', '2009-02-28 01:02:52'),
(934, 1, 'ticket_changes', 'add', '', '2009-02-28 01:03:17'),
(935, 1, 'tickets', 'view', '18', '2009-02-28 01:03:20'),
(936, 1, 'tickets', 'open_by_project', '1', '2009-02-28 01:03:23'),
(937, 1, 'ticket_changes', 'add', '21', '2009-02-28 01:03:31'),
(938, 1, 'elements', 'add', '1', '2009-02-28 01:03:47'),
(939, 1, 'elements', 'add', '', '2009-02-28 01:03:55'),
(940, 1, 'elements', 'index', '', '2009-02-28 01:03:57'),
(941, 1, 'ticket_changes', 'add', '21', '2009-02-28 01:04:01'),
(942, 1, 'ticket_changes', 'add', '', '2009-02-28 01:04:31'),
(943, 1, 'tickets', 'view', '21', '2009-02-28 01:04:32'),
(944, 1, 'tickets', 'open_by_project', '1', '2009-02-28 01:04:34'),
(945, 1, 'ticket_changes', 'add', '23', '2009-02-28 01:04:37'),
(946, 1, 'ticket_changes', 'add', '', '2009-02-28 01:04:54'),
(947, 1, 'tickets', 'view', '23', '2009-02-28 01:04:55'),
(948, 1, 'tickets', 'open_by_project', '2', '2009-02-28 01:04:59'),
(949, 1, 'tickets', 'open_by_project', '1', '2009-02-28 01:05:07'),
(950, 1, 'ticket_changes', 'add', '25', '2009-02-28 01:05:10'),
(951, 1, 'elements', 'add', '1', '2009-02-28 01:05:31'),
(952, 1, 'elements', 'add', '', '2009-02-28 01:05:35'),
(953, 1, 'elements', 'index', '', '2009-02-28 01:05:41'),
(954, 1, 'ticket_changes', 'add', '25', '2009-02-28 01:05:44'),
(955, 1, 'ticket_changes', 'add', '', '2009-02-28 01:06:01'),
(956, 1, 'tickets', 'view', '25', '2009-02-28 01:06:02'),
(957, 1, 'tickets', 'open_by_project', '1', '2009-02-28 01:06:07'),
(958, 1, 'ticket_changes', 'add', '26', '2009-02-28 01:06:13'),
(959, 1, 'ticket_changes', 'add', '', '2009-02-28 01:06:31'),
(960, 1, 'tickets', 'view', '26', '2009-02-28 01:06:32'),
(961, 1, 'tickets', 'open_by_project', '1', '2009-02-28 01:06:44'),
(962, 1, 'ticket_changes', 'add', '27', '2009-02-28 01:06:52'),
(963, 1, 'ticket_changes', 'add', '', '2009-02-28 01:07:12'),
(964, 1, 'tickets', 'view', '27', '2009-02-28 01:07:12'),
(965, 1, 'tickets', 'open_by_project', '1', '2009-02-28 01:07:15'),
(966, 1, 'ticket_changes', 'add', '28', '2009-02-28 01:07:22'),
(967, 1, 'ticket_changes', 'add', '', '2009-02-28 01:07:45'),
(968, 1, 'tickets', 'view', '28', '2009-02-28 01:07:47'),
(969, 1, 'tickets', 'open_by_project', '1', '2009-02-28 01:07:50'),
(970, 1, 'ticket_changes', 'add', '29', '2009-02-28 01:07:54'),
(971, 1, 'ticket_changes', 'add', '', '2009-02-28 01:08:38'),
(972, 1, 'tickets', 'view', '29', '2009-02-28 01:08:41'),
(973, 1, 'tickets', 'open_by_project', '1', '2009-02-28 01:08:48'),
(974, 1, 'tickets', 'open_by_project', '1', '2009-02-28 01:08:55'),
(975, 1, 'ticket_changes', 'add', '30', '2009-02-28 01:08:58'),
(976, 1, 'ticket_changes', 'add', '', '2009-02-28 01:09:10'),
(977, 1, 'tickets', 'view', '30', '2009-02-28 01:09:11'),
(978, 1, 'ticket_changes', 'add', '31', '2009-02-28 01:09:17'),
(979, 1, 'ticket_changes', 'add', '', '2009-02-28 01:09:39'),
(980, 1, 'tickets', 'view', '31', '2009-02-28 01:09:42'),
(981, 1, 'ticket_changes', 'add', '32', '2009-02-28 01:09:55'),
(982, 1, 'statuses', 'index', '', '2009-02-28 01:10:07'),
(983, 1, 'statuses', 'add', '', '2009-02-28 01:10:10'),
(984, 1, 'statuses', 'add', '', '2009-02-28 01:10:21'),
(985, 1, 'statuses', 'add', '', '2009-02-28 01:10:31'),
(986, 1, 'statuses', 'index', '', '2009-02-28 01:10:33'),
(987, 1, 'ticket_changes', 'add', '32', '2009-02-28 01:10:38'),
(988, 1, 'ticket_changes', 'add', '', '2009-02-28 01:10:46'),
(989, 1, 'tickets', 'view', '32', '2009-02-28 01:10:47'),
(990, 1, 'ticket_changes', 'add', '35', '2009-02-28 01:11:04'),
(991, 1, 'ticket_changes', 'add', '', '2009-02-28 01:11:28'),
(992, 1, 'tickets', 'view', '35', '2009-02-28 01:11:28'),
(993, 1, 'ticket_changes', 'add', '44', '2009-02-28 01:11:36'),
(994, 1, 'ticket_changes', 'add', '', '2009-02-28 01:11:53'),
(995, 1, 'tickets', 'view', '44', '2009-02-28 01:12:00'),
(996, 1, 'ticket_changes', 'add', '67', '2009-02-28 01:12:07'),
(997, 1, 'ticket_changes', 'add', '', '2009-02-28 01:12:18'),
(998, 1, 'tickets', 'view', '67', '2009-02-28 01:12:19'),
(999, 1, 'ticket_changes', 'add', '104', '2009-02-28 01:12:23'),
(1000, 1, 'ticket_changes', 'add', '', '2009-02-28 01:12:52'),
(1001, 1, 'tickets', 'view', '104', '2009-02-28 01:12:53'),
(1002, 1, 'tickets', 'open_by_project', '1', '2009-02-28 01:12:58'),
(1003, 1, 'tickets', 'open_by_project', '3', '2009-02-28 01:13:01'),
(1004, 1, 'milestones', 'add', '3', '2009-02-28 01:13:17'),
(1005, 1, 'milestones', 'index', '', '2009-02-28 01:13:19'),
(1006, 1, 'milestones', 'add', '3', '2009-02-28 01:13:46'),
(1007, 1, 'milestones', 'add', '', '2009-02-28 01:14:23'),
(1008, 1, 'milestones', 'index', '', '2009-02-28 01:14:25'),
(1009, 1, 'milestones', 'edit', '4', '2009-02-28 01:14:46'),
(1010, 1, 'milestones', 'edit', '4', '2009-02-28 01:14:58'),
(1011, 1, 'milestones', 'index', '', '2009-02-28 01:14:59'),
(1012, 1, 'milestones', 'edit', '2', '2009-02-28 01:15:44'),
(1013, 1, 'milestones', 'edit', '2', '2009-02-28 01:15:57'),
(1014, 1, 'milestones', 'index', '', '2009-02-28 01:15:59'),
(1015, 1, 'milestones', 'edit', '10', '2009-02-28 01:16:49'),
(1016, 1, 'milestones', 'edit', '10', '2009-02-28 01:16:55'),
(1017, 1, 'milestones', 'index', '', '2009-02-28 01:16:56'),
(1018, 1, 'tickets', 'open_by_project', '1', '2009-02-28 01:17:04'),
(1019, 1, 'tickets', 'index', '', '2009-02-28 01:49:08'),
(1020, 1, 'tickets', 'index', '', '2009-02-28 01:49:38'),
(1021, 1, 'tickets', 'index', '', '2009-02-28 01:49:51'),
(1022, 1, 'tickets', 'index', '', '2009-02-28 01:49:56'),
(1023, 1, 'tickets', 'index', '', '2009-02-28 01:50:00'),
(1024, 1, 'tickets', 'index', '', '2009-02-28 01:50:05'),
(1025, 1, 'tickets', 'index', '', '2009-02-28 01:50:13'),
(1026, 1, 'tickets', 'open_by_project', '1', '2009-02-28 02:11:07'),
(1027, 1, 'tickets', 'open_by_project', '3', '2009-02-28 02:11:29'),
(1028, 1, 'ticket_changes', 'add', '87', '2009-02-28 02:11:33'),
(1029, 1, 'ticket_changes', 'add', '', '2009-02-28 02:11:55'),
(1030, 1, 'tickets', 'view', '87', '2009-02-28 02:11:57'),
(1031, 1, 'tickets', 'open_by_project', '3', '2009-02-28 02:12:03'),
(1032, 1, 'ticket_changes', 'add', '88', '2009-02-28 02:12:07'),
(1033, 1, 'ticket_changes', 'add', '', '2009-02-28 02:12:27'),
(1034, 1, 'tickets', 'view', '88', '2009-02-28 02:12:27'),
(1035, 1, 'tickets', 'open_by_project', '3', '2009-02-28 02:12:31'),
(1036, 1, 'ticket_changes', 'add', '90', '2009-02-28 02:12:38'),
(1037, 1, 'elements', 'add', '3', '2009-02-28 02:12:57'),
(1038, 1, 'elements', 'add', '', '2009-02-28 02:13:01'),
(1039, 1, 'elements', 'index', '', '2009-02-28 02:13:01'),
(1040, 1, 'ticket_changes', 'add', '90', '2009-02-28 02:13:04'),
(1041, 1, 'ticket_changes', 'add', '', '2009-02-28 02:13:29'),
(1042, 1, 'tickets', 'view', '90', '2009-02-28 02:13:29'),
(1043, 1, 'tickets', 'open_by_project', '3', '2009-02-28 02:13:31'),
(1044, 1, 'ticket_changes', 'add', '91', '2009-02-28 02:13:35'),
(1045, 1, 'ticket_changes', 'add', '', '2009-02-28 02:13:48'),
(1046, 1, 'tickets', 'view', '91', '2009-02-28 02:13:49'),
(1047, 1, 'tickets', 'open_by_project', '3', '2009-02-28 02:13:53'),
(1048, 1, 'ticket_changes', 'add', '92', '2009-02-28 02:14:01'),
(1049, 1, 'ticket_changes', 'add', '', '2009-02-28 02:14:24'),
(1050, 1, 'tickets', 'view', '92', '2009-02-28 02:14:24'),
(1051, 1, 'tickets', 'open_by_project', '3', '2009-02-28 02:14:27'),
(1052, 1, 'tickets', 'open_by_project', '4', '2009-02-28 02:14:37'),
(1053, 1, 'ticket_changes', 'add', '93', '2009-02-28 02:14:42'),
(1054, 1, 'milestones', 'index', '', '2009-02-28 02:15:05'),
(1055, 1, 'versions', 'add', '4', '2009-02-28 02:15:31'),
(1056, 1, 'versions', 'add', '', '2009-02-28 02:15:39'),
(1057, 1, 'versions', 'index', '', '2009-02-28 02:15:40'),
(1058, 1, 'ticket_changes', 'add', '93', '2009-02-28 02:15:44'),
(1059, 1, 'ticket_changes', 'add', '', '2009-02-28 02:16:03'),
(1060, 1, 'tickets', 'view', '93', '2009-02-28 02:16:04'),
(1061, 1, 'tickets', 'open_by_project', '4', '2009-02-28 02:16:07'),
(1062, 1, 'ticket_changes', 'add', '94', '2009-02-28 02:16:16'),
(1063, 1, 'ticket_changes', 'add', '', '2009-02-28 02:16:24'),
(1064, 1, 'tickets', 'view', '94', '2009-02-28 02:16:25'),
(1065, 1, 'tickets', 'add', '4', '2009-02-28 02:16:28'),
(1066, 1, 'tickets', 'add', '', '2009-02-28 02:17:02'),
(1067, 1, 'tickets', 'view', '147', '2009-02-28 02:17:02'),
(1068, 1, 'tickets', 'open_by_project', '4', '2009-02-28 02:17:04'),
(1069, 1, 'ticket_changes', 'add', '95', '2009-02-28 02:17:12'),
(1070, 1, 'ticket_changes', 'add', '', '2009-02-28 02:17:28'),
(1071, 1, 'tickets', 'view', '95', '2009-02-28 02:17:29'),
(1072, 1, 'tickets', 'open_by_project', '3', '2009-02-28 02:17:31'),
(1073, 1, 'tickets', 'open_by_project', '4', '2009-02-28 02:17:33'),
(1074, 1, 'ticket_changes', 'add', '102', '2009-02-28 02:17:36'),
(1075, 1, 'ticket_changes', 'add', '', '2009-02-28 02:17:52'),
(1076, 1, 'tickets', 'view', '102', '2009-02-28 02:17:53'),
(1077, 1, 'tickets', 'open_by_project', '4', '2009-02-28 02:17:55'),
(1078, 1, 'timeclocks', 'index', '', '2009-02-28 02:20:19'),
(1079, 1, 'timeclocks', 'index', '', '2009-02-28 02:20:21'),
(1080, 1, 'timeclocks', 'add', '2', '2009-02-28 02:20:26'),
(1081, 1, 'timeclocks', 'add', '', '2009-02-28 02:20:48'),
(1082, 1, 'projects', 'index', '', '2009-02-28 02:20:51'),
(1083, 1, 'timeclocks', 'index', '', '2009-02-28 02:21:04'),
(1084, 1, 'timeclocks', 'index', '', '2009-02-28 02:21:08'),
(1085, 1, 'timeclocks', 'index', '', '2009-02-28 02:21:10'),
(1086, 1, 'timeclocks', 'index', '', '2009-02-28 02:21:19'),
(1087, 1, 'timeclocks', 'index', '', '2009-02-28 02:21:22'),
(1088, 1, 'timeclocks', 'index', '', '2009-02-28 02:21:32'),
(1089, 1, 'tickets', 'open_by_project', '2', '2009-02-28 02:21:38'),
(1090, 1, 'tickets', 'view', '146', '2009-02-28 02:27:30'),
(1091, 1, 'tickets', 'view', '146', '2009-02-28 02:28:06'),
(1092, 1, 'tickets', 'view', '146', '2009-02-28 02:28:19'),
(1093, 1, 'tickets', 'view', '146', '2009-02-28 02:28:49'),
(1094, 1, 'tickets', 'view', '146', '2009-02-28 02:29:14'),
(1095, 1, 'tickets', 'view', '146', '2009-02-28 02:29:36'),
(1096, 1, 'tickets', 'view', '146', '2009-02-28 02:30:21'),
(1097, 1, 'ticket_changes', 'add', '146', '2009-02-28 02:31:00'),
(1098, 1, 'ticket_changes', 'add', '20', '2009-02-28 02:31:08'),
(1099, 1, 'tickets', 'view', '146', '2009-02-28 02:31:10'),
(1100, 1, 'ticket_changes', 'add', '146', '2009-02-28 02:31:19'),
(1101, 1, 'ticket_changes', 'add', '62', '2009-02-28 02:31:27'),
(1102, 1, 'tickets', 'view', '146', '2009-02-28 02:31:28'),
(1103, 1, 'tickets', 'open_by_project', '2', '2009-02-28 02:31:35'),
(1104, 1, 'tickets', 'add', '2', '2009-02-28 02:36:42'),
(1105, 1, 'tickets', 'add', '', '2009-02-28 02:37:06'),
(1106, 1, 'tickets', 'view', '148', '2009-02-28 02:37:07'),
(1107, 1, 'ticket_changes', 'add', '148', '2009-02-28 02:37:37'),
(1108, 1, 'ticket_changes', 'add', '64', '2009-02-28 02:37:43'),
(1109, 1, 'tickets', 'view', '148', '2009-02-28 02:37:43'),
(1110, 1, 'tickets', 'add', '1', '2009-02-28 02:37:46'),
(1111, 1, 'tickets', 'add', '', '2009-02-28 02:37:53'),
(1112, 1, 'tickets', 'view', '149', '2009-02-28 02:37:55'),
(1113, 1, 'ticket_changes', 'add', '149', '2009-02-28 02:38:12'),
(1114, 1, 'ticket_changes', 'add', '66', '2009-02-28 02:38:22'),
(1115, 1, 'tickets', 'view', '149', '2009-02-28 02:38:26'),
(1116, 1, 'tickets', 'add', '3', '2009-02-28 02:38:29'),
(1117, 1, 'tickets', 'add', '', '2009-02-28 02:38:36'),
(1118, 1, 'tickets', 'view', '150', '2009-02-28 02:38:38'),
(1119, 1, 'ticket_changes', 'add', '150', '2009-02-28 02:38:42'),
(1120, 1, 'ticket_changes', 'add', '68', '2009-02-28 02:38:49'),
(1121, 1, 'tickets', 'view', '150', '2009-02-28 02:38:49'),
(1122, 1, 'tickets', 'add', '4', '2009-02-28 02:38:53'),
(1123, 1, 'tickets', 'add', '', '2009-02-28 02:38:59'),
(1124, 1, 'tickets', 'view', '151', '2009-02-28 02:39:01'),
(1125, 1, 'ticket_changes', 'add', '151', '2009-02-28 02:39:05'),
(1126, 1, 'ticket_changes', 'add', '70', '2009-02-28 02:39:14'),
(1127, 1, 'tickets', 'view', '151', '2009-02-28 02:39:25'),
(1128, 1, 'tickets', 'view', '151', '2009-02-28 02:46:27'),
(1129, 1, 'tickets', 'open_by_project', '2', '2009-02-28 02:48:16'),
(1130, 1, 'projects', 'index', '', '2009-02-28 02:48:43'),
(1131, 1, 'projects', 'edit', '3', '2009-02-28 02:48:47'),
(1132, 1, 'projects', 'edit', '3', '2009-02-28 02:48:55'),
(1133, 1, 'projects', 'index', '', '2009-02-28 02:48:56'),
(1134, 1, 'tickets', 'open_by_project', '2', '2009-02-28 02:49:28'),
(1135, 1, 'tickets', 'add', '2', '2009-02-28 02:58:23'),
(1136, 1, 'tickets', 'add', '', '2009-02-28 02:58:34'),
(1137, 1, 'tickets', 'add', '', '2009-02-28 02:58:51'),
(1138, 1, 'tickets', 'add', '', '2009-02-28 03:00:06'),
(1139, 1, 'tickets', 'add', '', '2009-02-28 03:00:51'),
(1140, 1, 'tickets', 'view', '155', '2009-02-28 03:00:55'),
(1141, 1, 'ticket_changes', 'add', '155', '2009-02-28 03:01:04'),
(1142, 1, 'tickets', 'open_by_project', '2', '2009-02-28 03:01:11'),
(1143, 1, 'tickets', 'open_by_project', '2', '2009-02-28 03:02:41'),
(1144, 1, 'ticket_changes', 'add', '152', '2009-02-28 03:02:48'),
(1145, 1, 'ticket_changes', 'add', '72', '2009-02-28 03:02:59'),
(1146, 1, 'users', 'login', '', '2009-02-28 03:09:46'),
(1147, 1, 'tickets', 'open_by_project', '2', '2009-02-28 03:09:49'),
(1148, 1, 'ticket_changes', 'add', '153', '2009-02-28 03:09:54'),
(1149, 1, 'ticket_changes', 'add', '73', '2009-02-28 03:10:01'),
(1150, 1, 'tickets', 'view', '153', '2009-02-28 03:10:04'),
(1151, 1, 'tickets', 'open_by_project', '2', '2009-02-28 03:10:09'),
(1152, 1, 'ticket_changes', 'add', '154', '2009-02-28 03:10:12'),
(1153, 1, 'ticket_changes', 'add', '74', '2009-02-28 03:10:19'),
(1154, 1, 'tickets', 'view', '154', '2009-02-28 03:10:28'),
(1155, 1, 'tickets', 'open_by_project', '2', '2009-02-28 03:10:32'),
(1156, 1, 'ticket_changes', 'add', '155', '2009-02-28 03:10:36'),
(1157, 1, 'ticket_changes', 'add', '75', '2009-02-28 03:10:43'),
(1158, 1, 'tickets', 'view', '155', '2009-02-28 03:10:51'),
(1159, 1, 'tickets', 'open_by_project', '2', '2009-02-28 03:11:00'),
(1160, 1, 'tickets', 'open_by_project', '1', '2009-02-28 03:12:02'),
(1161, 1, 'tickets', 'edit', '6', '2009-02-28 03:12:07'),
(1162, 1, 'tickets', 'edit', '6', '2009-02-28 03:12:30'),
(1163, 1, 'tickets', 'edit', '6', '2009-02-28 03:14:06'),
(1164, 1, 'tickets', 'edit', '6', '2009-02-28 03:15:23'),
(1165, 1, 'tickets', 'edit', '6', '2009-02-28 03:15:49'),
(1166, 1, 'tickets', 'view', '6', '2009-02-28 03:15:51'),
(1167, 1, 'tickets', 'open_by_project', '1', '2009-02-28 03:15:59'),
(1168, 1, 'tickets', 'add', '1', '2009-02-28 03:16:03'),
(1169, 1, 'tickets', 'add', '', '2009-02-28 03:16:44'),
(1170, 1, 'tickets', 'view', '156', '2009-02-28 03:16:50'),
(1171, 1, 'ticket_changes', 'add', '156', '2009-02-28 03:16:54'),
(1172, 1, 'ticket_changes', 'add', '80', '2009-02-28 03:17:00'),
(1173, 1, 'tickets', 'view', '156', '2009-02-28 03:17:02'),
(1174, 1, 'tickets', 'add', '3', '2009-02-28 03:17:07'),
(1175, 1, 'tickets', 'add', '', '2009-02-28 03:17:19'),
(1176, 1, 'tickets', 'view', '157', '2009-02-28 03:17:24'),
(1177, 1, 'ticket_changes', 'add', '157', '2009-02-28 03:17:26'),
(1178, 1, 'ticket_changes', 'add', '82', '2009-02-28 03:17:31'),
(1179, 1, 'tickets', 'view', '157', '2009-02-28 03:17:33'),
(1180, 1, 'tickets', 'add', '4', '2009-02-28 03:17:38'),
(1181, 1, 'tickets', 'add', '', '2009-02-28 03:17:45'),
(1182, 1, 'tickets', 'view', '158', '2009-02-28 03:17:47'),
(1183, 1, 'ticket_changes', 'add', '158', '2009-02-28 03:17:52'),
(1184, 1, 'ticket_changes', 'add', '84', '2009-02-28 03:17:56'),
(1185, 1, 'tickets', 'view', '158', '2009-02-28 03:18:00'),
(1186, 1, 'tickets', 'open_by_project', '2', '2009-02-28 03:18:12'),
(1187, 1, 'ticket_changes', 'add', '115', '2009-02-28 03:18:19'),
(1188, 1, 'ticket_changes', 'add', '19', '2009-02-28 03:18:28'),
(1189, 1, 'tickets', 'view', '115', '2009-02-28 03:18:30'),
(1190, 1, 'tickets', 'open_by_project', '2', '2009-02-28 03:19:52'),
(1191, 1, 'tickets', 'open_by_project', '2', '2009-02-28 03:20:40'),
(1192, 1, 'tickets', 'open_by_project', '2', '2009-02-28 03:22:19'),
(1193, 1, 'tickets', 'open_by_project', '2', '2009-02-28 03:23:36'),
(1194, 1, 'tickets', 'open_by_project', '2', '2009-02-28 03:24:23'),
(1195, 1, 'tickets', 'open_by_project', '2', '2009-02-28 03:25:06'),
(1196, 1, 'tickets', 'open_by_project', '2', '2009-02-28 03:26:15'),
(1197, 1, 'tickets', 'open_by_project', '2', '2009-02-28 03:29:59'),
(1198, 1, 'tickets', 'open_by_project', '2', '2009-02-28 03:30:24'),
(1199, 1, 'tickets', 'open_by_project', '2', '2009-02-28 03:30:57'),
(1200, 1, 'tickets', 'open_by_project', '2', '2009-02-28 03:31:14'),
(1201, 1, 'tickets', 'open_by_project', '2', '2009-02-28 03:32:12'),
(1202, 1, 'tickets', 'open_by_project', '2', '2009-02-28 03:32:25'),
(1203, 1, 'versions', 'index', '', '2009-02-28 03:42:57'),
(1204, 1, 'milestones', 'index', '', '2009-02-28 03:43:31'),
(1205, 1, 'milestones', 'add', '1', '2009-02-28 03:43:37'),
(1206, 1, 'versions', 'index', '', '2009-02-28 03:44:13'),
(1207, 1, 'tickets', 'open_by_project', '1', '2009-02-28 03:45:32'),
(1208, 1, 'tickets', 'open_by_project', '2', '2009-02-28 03:55:45'),
(1209, 1, 'ticket_changes', 'add', '113', '2009-02-28 04:04:43'),
(1210, 1, 'ticket_changes', 'add', '18', '2009-02-28 04:05:08'),
(1211, 1, 'tickets', 'view', '113', '2009-02-28 04:05:11'),
(1212, 1, 'tickets', 'index', '', '2009-02-28 04:05:15'),
(1213, 1, 'tickets', 'add', '2', '2009-02-28 04:07:27'),
(1214, 1, 'tickets', 'add', '2', '2009-02-28 04:07:28'),
(1215, 1, 'statuses', 'index', '', '2009-02-28 04:07:47'),
(1216, 1, 'statuses', 'edit', '4', '2009-02-28 04:08:04'),
(1217, 1, 'statuses', 'edit', '4', '2009-02-28 04:08:09'),
(1218, 1, 'statuses', 'index', '', '2009-02-28 04:08:12'),
(1219, 1, 'statuses', 'edit', '7', '2009-02-28 04:08:20'),
(1220, 1, 'statuses', 'edit', '7', '2009-02-28 04:08:24'),
(1221, 1, 'statuses', 'index', '', '2009-02-28 04:08:30'),
(1222, 1, 'statuses', 'edit', '6', '2009-02-28 04:08:51'),
(1223, 1, 'statuses', 'edit', '6', '2009-02-28 04:08:56'),
(1224, 1, 'statuses', 'index', '', '2009-02-28 04:08:56'),
(1225, 1, 'statuses', 'edit', '8', '2009-02-28 04:09:13'),
(1226, 1, 'statuses', 'edit', '8', '2009-02-28 04:09:16'),
(1227, 1, 'statuses', 'index', '', '2009-02-28 04:09:17'),
(1228, 1, 'statuses', 'edit', '6', '2009-02-28 04:09:23'),
(1229, 1, 'statuses', 'edit', '6', '2009-02-28 04:09:27'),
(1230, 1, 'statuses', 'index', '', '2009-02-28 04:09:28'),
(1231, 1, 'tickets', 'add', '2', '2009-02-28 04:09:34'),
(1232, 1, 'statuses', 'index', '', '2009-02-28 04:09:43'),
(1233, 1, 'tickets', 'add', '2', '2009-02-28 04:12:22'),
(1234, 1, 'tickets', 'open_by_project', '2', '2009-02-28 04:13:18'),
(1235, 1, 'milestones', 'index', '', '2009-02-28 04:13:44'),
(1236, 1, 'tickets', 'add', '2', '2009-02-28 04:14:05'),
(1237, 1, 'elements', 'add', '2', '2009-02-28 04:14:32'),
(1238, 1, 'elements', 'add', '', '2009-02-28 04:14:37'),
(1239, 1, 'elements', 'index', '', '2009-02-28 04:14:40'),
(1240, 1, 'tickets', 'add', '2', '2009-02-28 04:14:45'),
(1241, 1, 'tickets', 'add', '', '2009-02-28 04:15:05'),
(1242, 1, 'tickets', 'view', '159', '2009-02-28 04:15:06'),
(1243, 1, 'tickets', 'open_by_project', '2', '2009-02-28 04:15:10'),
(1244, 1, 'milestones', 'index', '', '2009-02-28 04:17:16'),
(1245, 1, 'milestones', 'index', '', '2009-02-28 04:17:20'),
(1246, 1, 'milestones', 'complete', '2', '2009-02-28 04:17:29'),
(1247, 1, 'milestones', 'index', '', '2009-02-28 04:17:31'),
(1248, 1, 'milestones', 'index', '', '2009-02-28 04:17:49'),
(1249, 1, 'tickets', 'open_by_project', '2', '2009-02-28 04:17:54'),
(1250, 1, 'tickets', 'open_by_project', '2', '2009-02-28 04:22:21'),
(1251, 1, 'tickets', 'open_by_project', '2', '2009-02-28 04:22:25'),
(1252, 1, 'tickets', 'open_by_project', '2', '2009-02-28 04:23:10'),
(1253, 1, 'ticket_changes', 'add', '159', '2009-02-28 04:23:38'),
(1254, 1, 'ticket_changes', 'add', '88', '2009-02-28 04:23:48'),
(1255, 1, 'tickets', 'view', '159', '2009-02-28 04:23:51'),
(1256, 1, 'tickets', 'open_by_project', '2', '2009-02-28 04:23:57'),
(1257, 1, 'ticket_changes', 'add', '86', '2009-02-28 04:24:05'),
(1258, 1, 'ticket_changes', 'add', '13', '2009-02-28 04:24:10'),
(1259, 1, 'tickets', 'view', '86', '2009-02-28 04:24:12'),
(1260, 1, 'tickets', 'open_by_project', '2', '2009-02-28 04:24:17'),
(1261, 1, 'milestones', 'index', '', '2009-02-28 04:31:22'),
(1262, 1, 'milestones', 'complete', '4', '2009-02-28 04:31:38'),
(1263, 1, 'milestones', 'index', '', '2009-02-28 04:31:38'),
(1264, 1, 'milestones', 'edit', '4', '2009-02-28 04:31:43'),
(1265, 1, 'milestones', 'edit', '4', '2009-02-28 04:31:52'),
(1266, 1, 'milestones', 'index', '', '2009-02-28 04:31:55'),
(1267, 1, 'milestones', 'edit', '10', '2009-02-28 04:32:02'),
(1268, 1, 'milestones', 'edit', '10', '2009-02-28 04:32:06'),
(1269, 1, 'milestones', 'index', '', '2009-02-28 04:32:08'),
(1270, 1, 'milestones', 'edit', '10', '2009-02-28 04:32:11'),
(1271, 1, 'milestones', 'edit', '10', '2009-02-28 04:32:18'),
(1272, 1, 'milestones', 'index', '', '2009-02-28 04:32:19'),
(1273, 1, 'milestones', 'edit', '4', '2009-02-28 04:32:22'),
(1274, 1, 'milestones', 'edit', '4', '2009-02-28 04:32:29'),
(1275, 1, 'milestones', 'index', '', '2009-02-28 04:32:30'),
(1276, 1, 'milestones', 'edit', '11', '2009-02-28 04:32:47'),
(1277, 1, 'milestones', 'edit', '11', '2009-02-28 04:32:51'),
(1278, 1, 'milestones', 'index', '', '2009-02-28 04:32:52'),
(1279, 1, 'milestones', 'edit', '1', '2009-02-28 04:33:01'),
(1280, 1, 'milestones', 'edit', '1', '2009-02-28 04:33:07'),
(1281, 1, 'milestones', 'index', '', '2009-02-28 04:33:08'),
(1282, 1, 'milestones', 'edit', '1', '2009-02-28 04:33:11'),
(1283, 1, 'milestones', 'edit', '1', '2009-02-28 04:33:17'),
(1284, 1, 'milestones', 'index', '', '2009-02-28 04:33:20'),
(1285, 1, 'milestones', 'edit', '1', '2009-02-28 04:33:24'),
(1286, 1, 'milestones', 'edit', '1', '2009-02-28 04:33:28'),
(1287, 1, 'milestones', 'index', '', '2009-02-28 04:33:29'),
(1288, 1, 'milestones', 'edit', '2', '2009-02-28 04:33:34'),
(1289, 1, 'milestones', 'edit', '2', '2009-02-28 04:33:52'),
(1290, 1, 'milestones', 'index', '', '2009-02-28 04:33:53'),
(1291, 1, 'milestones', 'edit', '5', '2009-02-28 04:34:04'),
(1292, 1, 'milestones', 'edit', '5', '2009-02-28 04:34:08'),
(1293, 1, 'milestones', 'index', '', '2009-02-28 04:34:10'),
(1294, 1, 'milestones', 'edit', '13', '2009-02-28 04:34:19'),
(1295, 1, 'milestones', 'edit', '13', '2009-02-28 04:34:24'),
(1296, 1, 'milestones', 'index', '', '2009-02-28 04:34:28'),
(1297, 1, 'milestones', 'edit', '12', '2009-02-28 04:34:36'),
(1298, 1, 'milestones', 'edit', '12', '2009-02-28 04:34:40'),
(1299, 1, 'milestones', 'index', '', '2009-02-28 04:34:41'),
(1300, 1, 'milestones', 'edit', '9', '2009-02-28 04:34:45'),
(1301, 1, 'milestones', 'edit', '9', '2009-02-28 04:34:50'),
(1302, 1, 'milestones', 'index', '', '2009-02-28 04:34:50'),
(1303, 1, 'milestones', 'edit', '8', '2009-02-28 04:34:53'),
(1304, 1, 'milestones', 'edit', '8', '2009-02-28 04:34:57'),
(1305, 1, 'milestones', 'index', '', '2009-02-28 04:34:58'),
(1306, 1, 'milestones', 'edit', '7', '2009-02-28 04:35:01'),
(1307, 1, 'milestones', 'edit', '7', '2009-02-28 04:35:05'),
(1308, 1, 'milestones', 'index', '', '2009-02-28 04:35:06'),
(1309, 1, 'milestones', 'edit', '5', '2009-02-28 04:35:11'),
(1310, 1, 'milestones', 'edit', '6', '2009-02-28 04:35:11'),
(1311, 1, 'milestones', 'edit', '6', '2009-02-28 04:35:17'),
(1312, 1, 'milestones', 'index', '', '2009-02-28 04:35:20'),
(1313, 1, 'milestones', 'index', '', '2009-02-28 04:44:33'),
(1314, 1, 'milestones', 'index', '', '2009-02-28 05:23:19'),
(1315, 1, 'timeclocks', 'out', '', '2009-02-28 05:23:33'),
(1316, 1, 'projects', 'index', '', '2009-02-28 05:23:35'),
(1317, 1, 'projects', 'delete', '10', '2009-02-28 05:24:38'),
(1318, 1, 'projects', 'index', '', '2009-02-28 05:24:39'),
(1319, 1, 'tickets', 'open_by_project', '3', '2009-02-28 05:41:53'),
(1320, 1, 'tickets', 'add', '3', '2009-02-28 05:55:41'),
(1321, 1, 'elements', 'add', '4', '2009-02-28 05:56:04'),
(1322, 1, 'elements', 'add', '3', '2009-02-28 05:56:17'),
(1323, 1, 'elements', 'add', '', '2009-02-28 05:56:34'),
(1324, 1, 'elements', 'index', '', '2009-02-28 05:56:36'),
(1325, 1, 'tickets', 'add', '3', '2009-02-28 05:56:45'),
(1326, 1, 'tickets', 'add', '', '2009-02-28 05:56:55'),
(1327, 1, 'tickets', 'view', '160', '2009-02-28 05:56:57'),
(1328, 1, 'elements', 'index', '', '2009-02-28 05:57:01'),
(1329, 1, 'elements', 'index', '', '2009-02-28 05:57:05'),
(1330, 1, 'elements', 'edit', '36', '2009-02-28 05:57:07'),
(1331, 1, 'elements', 'edit', '36', '2009-02-28 05:57:13'),
(1332, 1, 'elements', 'index', '', '2009-02-28 05:57:14'),
(1333, 1, 'elements', 'index', '', '2009-02-28 05:57:19'),
(1334, 1, 'versions', 'add', '4', '2009-02-28 05:57:28'),
(1335, 1, 'tickets', 'open_by_project', '4', '2009-02-28 05:57:31'),
(1336, 1, 'tickets', 'open_by_project', '1', '2009-02-28 05:59:08'),
(1337, 1, 'tickets', 'open_by_project', '1', '2009-02-28 05:59:17'),
(1338, 1, 'tickets', 'open_by_project', '3', '2009-02-28 06:09:40'),
(1339, 1, 'tickets', 'open_by_project', '1', '2009-02-28 06:26:47'),
(1340, 1, 'tickets', 'add', '1', '2009-02-28 06:27:14'),
(1341, 1, 'tickets', 'open_by_project', '2', '2009-02-28 06:27:24'),
(1342, 1, 'tickets', 'open_by_project', '3', '2009-02-28 06:27:34'),
(1343, 1, 'tickets', 'open_by_project', '4', '2009-02-28 06:27:39'),
(1344, 1, 'projects', 'index', '', '2009-02-28 06:27:43'),
(1345, 1, 'projects', 'edit', '9', '2009-02-28 06:28:00'),
(1346, 1, 'projects', 'edit', '9', '2009-02-28 06:28:04'),
(1347, 1, 'projects', 'index', '', '2009-02-28 06:28:05'),
(1348, 1, 'projects', 'edit', '9', '2009-02-28 06:28:11'),
(1349, 1, 'projects', 'edit', '9', '2009-02-28 06:28:14'),
(1350, 1, 'projects', 'index', '', '2009-02-28 06:28:14'),
(1351, 1, 'tickets', 'open_by_project', '3', '2009-02-28 06:28:34'),
(1352, 1, 'timeclocks', 'add', '3', '2009-02-28 15:21:59'),
(1353, 1, 'timeclocks', 'add', '', '2009-02-28 15:22:10'),
(1354, 1, 'projects', 'index', '', '2009-02-28 15:22:11'),
(1355, 1, 'tickets', 'open_by_project', '3', '2009-02-28 15:24:56'),
(1356, 1, 'tickets', 'open_by_project', '3', '2009-02-28 17:56:15'),
(1357, 1, 'ticket_changes', 'add', '87', '2009-02-28 17:56:18'),
(1358, 1, 'ticket_changes', 'add', '52', '2009-02-28 17:56:22'),
(1359, 1, 'tickets', 'view', '87', '2009-02-28 17:56:23'),
(1360, 1, 'tickets', 'open_by_project', '3', '2009-02-28 17:56:26'),
(1361, 1, 'ticket_changes', 'add', '91', '2009-02-28 17:56:33'),
(1362, 1, 'ticket_changes', 'add', '55', '2009-02-28 17:56:40'),
(1363, 1, 'tickets', 'view', '91', '2009-02-28 17:56:41'),
(1364, 1, 'tickets', 'open_by_project', '3', '2009-02-28 17:56:44'),
(1365, 1, 'ticket_changes', 'add', '90', '2009-02-28 17:56:49'),
(1366, 1, 'ticket_changes', 'add', '54', '2009-02-28 17:56:56'),
(1367, 1, 'tickets', 'view', '90', '2009-02-28 17:56:57'),
(1368, 1, 'tickets', 'open_by_project', '3', '2009-02-28 17:57:00'),
(1369, 1, 'tickets', 'add', '3', '2009-02-28 17:57:05'),
(1370, 1, 'elements', 'add', '3', '2009-02-28 17:57:26'),
(1371, 1, 'elements', 'add', '', '2009-02-28 17:57:36'),
(1372, 1, 'elements', 'index', '', '2009-02-28 17:57:36'),
(1373, 1, 'tickets', 'add', '3', '2009-02-28 17:57:39'),
(1374, 1, 'tickets', 'add', '', '2009-02-28 17:58:01'),
(1375, 1, 'tickets', 'view', '161', '2009-02-28 17:58:02'),
(1376, 1, 'tickets', 'open_by_project', '3', '2009-02-28 17:58:04'),
(1377, 1, 'milestones', 'index', '', '2009-02-28 17:58:12'),
(1378, 1, 'milestones', 'edit', '5', '2009-02-28 17:58:19'),
(1379, 1, 'milestones', 'edit', '5', '2009-02-28 17:58:30'),
(1380, 1, 'milestones', 'index', '', '2009-02-28 17:58:31'),
(1381, 1, 'timeclocks', 'out', '', '2009-02-28 17:59:26'),
(1382, 1, 'projects', 'index', '', '2009-02-28 17:59:27'),
(1383, 1, 'tickets', 'add', '3', '2009-02-28 18:02:56'),
(1384, 1, 'tickets', 'add', '', '2009-02-28 18:03:28'),
(1385, 1, 'tickets', 'view', '162', '2009-02-28 18:03:28'),
(1386, 1, 'tickets', 'open_by_project', '3', '2009-02-28 18:12:23'),
(1387, 1, 'tickets', 'add', '3', '2009-02-28 18:12:34'),
(1388, 1, 'tickets', 'add', '', '2009-02-28 18:13:24'),
(1389, 1, 'tickets', 'view', '163', '2009-02-28 18:13:25'),
(1390, 1, 'tickets', 'open_by_project', '3', '2009-02-28 18:13:28'),
(1391, 1, 'ticket_changes', 'add', '160', '2009-02-28 18:15:15'),
(1392, 1, 'ticket_changes', 'add', '91', '2009-02-28 18:15:23'),
(1393, 1, 'tickets', 'view', '160', '2009-02-28 18:15:24'),
(1394, 1, 'tickets', 'open_by_project', '3', '2009-02-28 18:15:26'),
(1395, 1, 'ticket_changes', 'add', '92', '2009-02-28 18:15:37'),
(1396, 1, 'ticket_changes', 'add', '56', '2009-02-28 18:15:48'),
(1397, 1, 'tickets', 'view', '92', '2009-02-28 18:15:49'),
(1398, 1, 'tickets', 'open_by_project', '3', '2009-02-28 18:15:52'),
(1399, 1, 'tickets', 'open_by_project', '4', '2009-02-28 18:16:43'),
(1400, 1, 'tickets', 'open_by_project', '1', '2009-02-28 18:16:56'),
(1401, 1, 'milestones', 'index', '', '2009-02-28 18:17:01'),
(1402, 1, 'milestones', 'edit', '5', '2009-02-28 18:17:17'),
(1403, 1, 'milestones', 'edit', '5', '2009-02-28 18:17:37'),
(1404, 1, 'milestones', 'index', '', '2009-02-28 18:17:37'),
(1405, 1, 'milestones', 'index', '', '2009-02-28 18:22:10'),
(1406, 1, 'timeclocks', 'add', '4', '2009-02-28 22:18:55'),
(1407, 1, 'milestones', 'index', '', '2009-02-28 22:19:02'),
(1408, 1, 'timeclocks', 'add', '', '2009-02-28 22:19:11'),
(1409, 1, 'projects', 'index', '', '2009-02-28 22:19:12'),
(1410, 1, 'milestones', 'index', '', '2009-02-28 22:22:21'),
(1411, 1, 'milestones', 'edit', '5', '2009-02-28 22:22:24'),
(1412, 1, 'milestones', 'edit', '5', '2009-02-28 22:24:20'),
(1413, 1, 'milestones', 'index', '', '2009-02-28 22:24:23'),
(1414, 1, 'tickets', 'open_by_project', '2', '2009-02-28 22:24:33'),
(1415, 1, 'tickets', 'open_by_project', '4', '2009-02-28 22:48:03'),
(1416, 1, 'tickets', 'add', '4', '2009-02-28 22:48:12'),
(1417, 1, 'tickets', 'add', '', '2009-02-28 22:48:36'),
(1418, 1, 'tickets', 'view', '164', '2009-02-28 22:48:37'),
(1419, 1, 'tickets', 'open_by_project', '4', '2009-02-28 22:48:40'),
(1420, 1, 'tickets', 'open_by_project', '1', '2009-02-28 22:48:42'),
(1421, 1, 'timeclocks', 'out', '', '2009-02-28 23:01:25'),
(1422, 1, 'projects', 'index', '', '2009-02-28 23:01:25'),
(1423, 1, 'tickets', 'open_by_project', '4', '2009-03-01 03:39:51'),
(1424, 1, 'projects', 'add', '', '2009-03-01 15:12:07'),
(1425, 1, 'projects', 'add', '', '2009-03-01 15:12:22'),
(1426, 1, 'projects', 'index', '', '2009-03-01 15:12:23'),
(1427, 1, 'projects', 'edit', '11', '2009-03-01 15:12:35'),
(1428, 1, 'projects', 'edit', '11', '2009-03-01 15:12:37'),
(1429, 1, 'projects', 'index', '', '2009-03-01 15:12:42'),
(1430, 1, 'projects', 'edit', '3', '2009-03-01 15:12:48'),
(1431, 1, 'projects', 'edit', '3', '2009-03-01 15:12:55'),
(1432, 1, 'projects', 'index', '', '2009-03-01 15:12:56'),
(1433, 1, 'milestones', 'add', '11', '2009-03-01 15:13:06'),
(1434, 1, 'milestones', 'add', '', '2009-03-01 15:13:35'),
(1435, 1, 'milestones', 'index', '', '2009-03-01 15:13:36'),
(1436, 1, 'milestones', 'edit', '14', '2009-03-01 15:13:42'),
(1437, 1, 'milestones', 'edit', '14', '2009-03-01 15:13:57'),
(1438, 1, 'milestones', 'index', '', '2009-03-01 15:13:58'),
(1439, 1, 'versions', 'add', '11', '2009-03-01 15:14:08'),
(1440, 1, 'versions', 'add', '', '2009-03-01 15:14:15'),
(1441, 1, 'versions', 'index', '', '2009-03-01 15:14:16'),
(1442, 1, 'versions', 'edit', '11', '2009-03-01 15:14:39'),
(1443, 1, 'versions', 'edit', '11', '2009-03-01 15:14:44'),
(1444, 1, 'versions', 'index', '', '2009-03-01 15:14:46'),
(1445, 1, 'projects', 'index', '', '2009-03-01 15:14:53'),
(1446, 1, 'projects', 'edit', '11', '2009-03-01 15:14:56'),
(1447, 1, 'projects', 'edit', '11', '2009-03-01 15:14:59'),
(1448, 1, 'projects', 'index', '', '2009-03-01 15:15:02'),
(1449, 1, 'milestones', 'index', '', '2009-03-01 15:21:41'),
(1450, 1, 'milestones', 'edit', '5', '2009-03-01 15:21:56'),
(1451, 1, 'milestones', 'edit', '5', '2009-03-01 15:22:23'),
(1452, 1, 'milestones', 'index', '', '2009-03-01 15:22:23'),
(1453, 1, 'tickets', 'open_by_project', '3', '2009-03-01 15:22:56'),
(1454, 1, 'timeclocks', 'add', '3', '2009-03-01 15:30:21'),
(1455, 1, 'timeclocks', 'add', '', '2009-03-01 15:30:26'),
(1456, 1, 'projects', 'index', '', '2009-03-01 15:30:27'),
(1457, 1, 'tickets', 'open_by_project', '4', '2009-03-01 15:30:40'),
(1458, 1, 'tickets', 'open_by_project', '3', '2009-03-01 15:30:41'),
(1459, 1, 'tickets', 'open_by_project', '1', '2009-03-01 15:34:26'),
(1460, 1, 'timeclocks', 'add', '1', '2009-03-01 15:34:31'),
(1461, 1, 'timeclocks', 'add', '', '2009-03-01 15:34:39'),
(1462, 1, 'projects', 'index', '', '2009-03-01 15:34:39'),
(1463, 1, 'tickets', 'open_by_project', '1', '2009-03-01 15:34:49'),
(1464, 1, 'tickets', 'open_by_project', '1', '2009-03-01 15:34:56'),
(1465, 1, 'ticket_changes', 'add', '104', '2009-03-01 15:35:14'),
(1466, 1, 'ticket_changes', 'add', '51', '2009-03-01 15:35:25'),
(1467, 1, 'tickets', 'view', '104', '2009-03-01 15:35:27'),
(1468, 1, 'tickets', 'open_by_project', '1', '2009-03-01 15:35:32'),
(1469, 1, 'tickets', 'open_by_project', '1', '2009-03-01 15:35:36'),
(1470, 1, 'timeclocks', 'out', '', '2009-03-01 17:15:38'),
(1471, 1, 'projects', 'index', '', '2009-03-01 17:15:39'),
(1472, 1, 'tickets', 'open_by_project', '1', '2009-03-01 18:45:43'),
(1473, 1, 'timeclocks', 'add', '2', '2009-03-01 18:45:47'),
(1474, 1, 'timeclocks', 'index', '', '2009-03-01 18:45:57'),
(1475, 1, 'timeclocks', 'index', '', '2009-03-01 18:46:00'),
(1476, 1, 'timeclocks', 'add', '1', '2009-03-01 18:46:10'),
(1477, 1, 'timeclocks', 'add', '', '2009-03-01 18:46:15'),
(1478, 1, 'projects', 'index', '', '2009-03-01 18:46:16'),
(1479, 1, 'tickets', 'open_by_project', '1', '2009-03-01 18:46:33'),
(1480, 1, 'tickets', 'open_by_project', '1', '2009-03-01 18:46:35'),
(1481, 1, 'ticket_changes', 'add', '67', '2009-03-01 19:41:34'),
(1482, 1, 'ticket_changes', 'add', '50', '2009-03-01 19:41:43'),
(1483, 1, 'tickets', 'view', '67', '2009-03-01 19:41:43'),
(1484, 1, 'tickets', 'open_by_project', '1', '2009-03-01 19:41:48'),
(1485, 1, 'tickets', 'open_by_project', '1', '2009-03-01 19:41:50'),
(1486, 1, 'ticket_changes', 'add', '44', '2009-03-01 19:45:10'),
(1487, 1, 'ticket_changes', 'add', '49', '2009-03-01 19:45:17'),
(1488, 1, 'tickets', 'view', '44', '2009-03-01 19:45:18'),
(1489, 1, 'tickets', 'open_by_project', '1', '2009-03-01 19:45:21'),
(1490, 1, 'ticket_changes', 'add', '9', '2009-03-01 19:45:43'),
(1491, 1, 'ticket_changes', 'add', '27', '2009-03-01 19:45:52'),
(1492, 1, 'tickets', 'view', '9', '2009-03-01 19:45:52'),
(1493, 1, 'tickets', 'open_by_project', '1', '2009-03-01 19:45:55'),
(1494, 1, 'ticket_changes', 'add', '8', '2009-03-01 19:46:28'),
(1495, 1, 'ticket_changes', 'add', '25', '2009-03-01 19:46:33'),
(1496, 1, 'tickets', 'view', '8', '2009-03-01 19:46:33'),
(1497, 1, 'tickets', 'open_by_project', '1', '2009-03-01 19:46:36'),
(1498, 1, 'timeclocks', 'out', '', '2009-03-01 19:47:59'),
(1499, 1, 'projects', 'index', '', '2009-03-01 19:48:00'),
(1500, 1, 'tickets', 'open_by_project', '3', '2009-03-01 19:48:16'),
(1501, 1, 'projects', 'index', '', '2009-03-01 19:50:09'),
(1502, 1, 'projects', 'edit', '9', '2009-03-01 19:50:18'),
(1503, 1, 'projects', 'edit', '9', '2009-03-01 19:50:23'),
(1504, 1, 'projects', 'index', '', '2009-03-01 19:50:23'),
(1505, 1, 'milestones', 'index', '', '2009-03-01 19:50:37'),
(1506, 1, 'versions', 'index', '', '2009-03-01 19:50:55'),
(1507, 1, 'tickets', 'open_by_project', '9', '2009-03-01 19:51:08'),
(1508, 1, 'ticket_changes', 'add', '85', '2009-03-01 19:51:12'),
(1509, 1, 'ticket_changes', 'add', '', '2009-03-01 19:51:35'),
(1510, 1, 'tickets', 'view', '85', '2009-03-01 19:51:36'),
(1511, 1, 'tickets', 'open_by_project', '9', '2009-03-01 19:51:55'),
(1512, 1, 'timeclocks', 'add', '9', '2009-03-02 00:16:24'),
(1513, 1, 'timeclocks', 'add', '', '2009-03-02 00:16:32'),
(1514, 1, 'projects', 'index', '', '2009-03-02 00:16:33'),
(1515, 1, 'timeclocks', 'out', '', '2009-03-02 03:27:04'),
(1516, 1, 'projects', 'index', '', '2009-03-02 03:27:06'),
(1517, 1, 'timeclocks', 'add', '9', '2009-03-02 04:06:34'),
(1518, 1, 'timeclocks', 'add', '', '2009-03-02 04:06:41'),
(1519, 1, 'projects', 'index', '', '2009-03-02 04:06:42'),
(1520, 1, 'tickets', 'open_by_project', '9', '2009-03-02 04:06:48'),
(1521, 1, 'ticket_changes', 'add', '85', '2009-03-02 04:06:50'),
(1522, 1, 'ticket_changes', 'add', '106', '2009-03-02 04:06:57'),
(1523, 1, 'tickets', 'view', '85', '2009-03-02 04:06:57'),
(1524, 1, 'tickets', 'add', '1', '2009-03-02 04:17:45'),
(1525, 1, 'tickets', 'add', '', '2009-03-02 04:18:06'),
(1526, 1, 'tickets', 'view', '165', '2009-03-02 04:18:07'),
(1527, 1, 'tickets', 'add', '9', '2009-03-02 05:08:58'),
(1528, 1, 'tickets', 'add', '', '2009-03-02 05:09:13'),
(1529, 1, 'tickets', 'view', '166', '2009-03-02 05:09:13'),
(1530, 1, 'tickets', 'open_by_project', '9', '2009-03-02 05:40:03'),
(1531, 1, 'tickets', 'add', '9', '2009-03-02 05:40:06'),
(1532, 1, 'tickets', 'add', '', '2009-03-02 05:40:27'),
(1533, 1, 'tickets', 'view', '167', '2009-03-02 05:40:28'),
(1534, 1, 'tickets', 'add', '9', '2009-03-02 05:44:03'),
(1535, 1, 'tickets', 'add', '', '2009-03-02 05:44:26'),
(1536, 1, 'tickets', 'view', '168', '2009-03-02 05:44:27'),
(1537, 1, 'tickets', 'add', '9', '2009-03-02 05:45:03'),
(1538, 1, 'tickets', 'add', '', '2009-03-02 05:45:41'),
(1539, 1, 'tickets', 'view', '169', '2009-03-02 05:45:44'),
(1540, 1, 'tickets', 'add', '9', '2009-03-02 05:52:29'),
(1541, 1, 'tickets', 'add', '', '2009-03-02 05:52:55'),
(1542, 1, 'tickets', 'view', '170', '2009-03-02 05:52:56'),
(1543, 1, 'ticket_comments', 'add', '170', '2009-03-02 05:56:21'),
(1544, 1, 'ticket_comments', 'add', '', '2009-03-02 05:57:43'),
(1545, 1, 'tickets', 'view', '170', '2009-03-02 05:57:44'),
(1546, 1, 'ticket_comments', 'add', '170', '2009-03-02 05:58:34'),
(1547, 1, 'ticket_comments', 'add', '', '2009-03-02 05:59:41'),
(1548, 1, 'tickets', 'view', '170', '2009-03-02 05:59:42'),
(1549, 1, 'tickets', 'add', '4', '2009-03-02 06:23:51'),
(1550, 1, 'tickets', 'add', '9', '2009-03-02 06:23:54'),
(1551, 1, 'tickets', 'add', '', '2009-03-02 06:24:24'),
(1552, 1, 'tickets', 'view', '171', '2009-03-02 06:24:25'),
(1553, 1, 'tickets', 'open_by_project', '9', '2009-03-02 06:24:27'),
(1554, 1, 'tickets', 'add', '9', '2009-03-02 06:25:13'),
(1555, 1, 'tickets', 'add', '', '2009-03-02 06:25:31'),
(1556, 1, 'tickets', 'view', '172', '2009-03-02 06:25:33'),
(1557, 1, 'tickets', 'add', '9', '2009-03-02 06:28:04'),
(1558, 1, 'tickets', 'add', '', '2009-03-02 06:28:38'),
(1559, 1, 'tickets', 'view', '173', '2009-03-02 06:28:40'),
(1560, 1, 'tickets', 'open_by_project', '9', '2009-03-02 06:31:38'),
(1561, 1, 'tickets', 'add', '9', '2009-03-02 06:31:50'),
(1562, 1, 'tickets', 'add', '', '2009-03-02 06:32:14'),
(1563, 1, 'tickets', 'view', '174', '2009-03-02 06:32:15'),
(1564, 1, 'tickets', 'add', '9', '2009-03-02 06:33:09'),
(1565, 1, 'tickets', 'add', '', '2009-03-02 06:33:28'),
(1566, 1, 'tickets', 'view', '175', '2009-03-02 06:33:29'),
(1567, 1, 'tickets', 'open_by_project', '9', '2009-03-02 06:51:50'),
(1568, 1, 'tickets', 'edit', '168', '2009-03-02 06:52:03'),
(1569, 1, 'tickets', 'edit', '168', '2009-03-02 06:52:31'),
(1570, 1, 'tickets', 'view', '168', '2009-03-02 06:52:34'),
(1571, 1, 'tickets', 'add', '9', '2009-03-02 07:09:57'),
(1572, 1, 'tickets', 'add', '', '2009-03-02 07:10:28'),
(1573, 1, 'tickets', 'view', '176', '2009-03-02 07:10:29'),
(1574, 1, 'tickets', 'add', '9', '2009-03-02 07:10:52'),
(1575, 1, 'tickets', 'add', '', '2009-03-02 07:11:07'),
(1576, 1, 'tickets', 'view', '177', '2009-03-02 07:11:13'),
(1577, 1, 'tickets', 'add', '9', '2009-03-02 07:16:46'),
(1578, 1, 'tickets', 'add', '', '2009-03-02 07:17:05'),
(1579, 1, 'tickets', 'view', '178', '2009-03-02 07:17:05'),
(1580, 1, 'tickets', 'add', '9', '2009-03-02 07:23:07'),
(1581, 1, 'tickets', 'add', '', '2009-03-02 07:23:24'),
(1582, 1, 'tickets', 'view', '179', '2009-03-02 07:23:25'),
(1583, 1, 'tickets', 'add', '9', '2009-03-02 07:28:18'),
(1584, 1, 'tickets', 'add', '', '2009-03-02 07:28:41'),
(1585, 1, 'tickets', 'view', '180', '2009-03-02 07:28:45'),
(1586, 1, 'tickets', 'add', '9', '2009-03-02 07:37:40'),
(1587, 1, 'tickets', 'add', '', '2009-03-02 07:38:09'),
(1588, 1, 'tickets', 'view', '181', '2009-03-02 07:38:13'),
(1589, 1, 'tickets', 'add', '2', '2009-03-02 08:14:05'),
(1590, 1, 'tickets', 'add', '', '2009-03-02 08:17:23'),
(1591, 1, 'tickets', 'view', '182', '2009-03-02 08:17:25'),
(1592, 1, 'versions', 'index', '', '2009-03-02 08:17:30'),
(1593, 1, 'versions', 'add', '2', '2009-03-02 08:17:45'),
(1594, 1, 'versions', 'add', '', '2009-03-02 08:17:54'),
(1595, 1, 'versions', 'index', '', '2009-03-02 08:17:55'),
(1596, 1, 'tickets', 'add', '9', '2009-03-02 09:02:51'),
(1597, 1, 'tickets', 'add', '', '2009-03-02 09:03:09'),
(1598, 1, 'tickets', 'view', '183', '2009-03-02 09:03:10'),
(1599, 1, 'tickets', 'add', '9', '2009-03-02 09:03:14'),
(1600, 1, 'tickets', 'add', '', '2009-03-02 09:03:29'),
(1601, 1, 'tickets', 'view', '184', '2009-03-02 09:03:31'),
(1602, 1, 'tickets', 'add', '9', '2009-03-02 09:29:50'),
(1603, 1, 'tickets', 'add', '2', '2009-03-02 09:29:56'),
(1604, 1, 'tickets', 'add', '', '2009-03-02 09:30:26'),
(1605, 1, 'tickets', 'view', '185', '2009-03-02 09:30:27'),
(1606, 1, 'tickets', 'add', '9', '2009-03-02 09:31:34'),
(1607, 1, 'tickets', 'add', '', '2009-03-02 09:31:47'),
(1608, 1, 'tickets', 'view', '186', '2009-03-02 09:31:49'),
(1609, 1, 'tickets', 'open_by_project', '9', '2009-03-02 09:31:52'),
(1610, 1, 'ticket_changes', 'add', '186', '2009-03-02 09:31:56'),
(1611, 1, 'ticket_changes', 'add', '129', '2009-03-02 09:32:02'),
(1612, 1, 'tickets', 'view', '186', '2009-03-02 09:32:03'),
(1613, 1, 'tickets', 'add', '9', '2009-03-02 09:32:05'),
(1614, 1, 'tickets', 'add', '', '2009-03-02 09:32:23'),
(1615, 1, 'tickets', 'view', '187', '2009-03-02 09:32:23'),
(1616, 1, 'tickets', 'open_by_project', '9', '2009-03-02 09:32:31'),
(1617, 1, 'ticket_changes', 'add', '166', '2009-03-02 09:32:52'),
(1618, 1, 'ticket_changes', 'add', '109', '2009-03-02 09:32:59'),
(1619, 1, 'tickets', 'view', '166', '2009-03-02 09:33:00'),
(1620, 1, 'tickets', 'open_by_project', '9', '2009-03-02 09:33:03'),
(1621, 1, 'ticket_changes', 'add', '168', '2009-03-02 09:33:11'),
(1622, 1, 'ticket_changes', 'add', '111', '2009-03-02 09:33:18'),
(1623, 1, 'tickets', 'view', '168', '2009-03-02 09:33:18'),
(1624, 1, 'tickets', 'open_by_project', '9', '2009-03-02 09:33:21'),
(1625, 1, 'tickets', 'edit', '171', '2009-03-02 09:33:39'),
(1626, 1, 'tickets', 'edit', '171', '2009-03-02 09:33:43'),
(1627, 1, 'tickets', 'view', '171', '2009-03-02 09:33:43'),
(1628, 1, 'tickets', 'open_by_project', '9', '2009-03-02 09:33:47'),
(1629, 1, 'tickets', 'add', '9', '2009-03-02 09:35:47'),
(1630, 1, 'tickets', 'add', '', '2009-03-02 09:36:57'),
(1631, 1, 'tickets', 'view', '188', '2009-03-02 09:37:03'),
(1632, 1, 'users', 'add', '', '2009-03-02 09:54:20'),
(1633, 1, 'users', 'add', '', '2009-03-02 09:58:21'),
(1634, 1, 'users', 'index', '', '2009-03-02 09:58:22'),
(1635, 1, 'milestones', 'index', '', '2009-03-02 10:01:47'),
(1636, 6, 'users', 'index', '', '2009-03-02 10:02:50'),
(1637, 6, 'projects', 'index', '', '2009-03-02 10:03:57'),
(1638, 1, 'projects', 'index', '', '2009-03-02 10:04:17'),
(1639, 6, 'users', 'view', '3', '2009-03-02 10:06:25'),
(1640, 6, 'tickets', 'index', '', '2009-03-02 10:06:35'),
(1641, 6, 'users', 'index', '', '2009-03-02 10:06:59'),
(1642, 6, 'users', 'edit', '6', '2009-03-02 10:07:07'),
(1643, 6, 'users', 'edit', '6', '2009-03-02 10:07:30'),
(1644, 6, 'users', 'index', '', '2009-03-02 10:07:32'),
(1645, 6, 'users', 'index', '', '2009-03-02 10:07:38'),
(1646, 1, 'tickets', 'add', '9', '2009-03-02 10:15:34'),
(1647, 1, 'tickets', 'add', '', '2009-03-02 10:16:25'),
(1648, 1, 'tickets', 'view', '189', '2009-03-02 10:16:25'),
(1649, 1, 'tickets', 'open_by_project', '9', '2009-03-02 10:16:34'),
(1650, 1, 'tickets', 'edit', '189', '2009-03-02 10:16:38'),
(1651, 1, 'tickets', 'edit', '189', '2009-03-02 10:16:42'),
(1652, 1, 'tickets', 'view', '189', '2009-03-02 10:16:43'),
(1653, 1, 'tickets', 'add', '9', '2009-03-02 10:22:49'),
(1654, 1, 'tickets', 'add', '', '2009-03-02 10:23:26'),
(1655, 1, 'tickets', 'view', '190', '2009-03-02 10:23:27'),
(1656, 1, 'tickets', 'add', '9', '2009-03-02 11:06:53'),
(1657, 1, 'tickets', 'add', '', '2009-03-02 11:07:34'),
(1658, 1, 'tickets', 'view', '191', '2009-03-02 11:07:35'),
(1659, 1, 'tickets', 'add', '9', '2009-03-02 11:17:16'),
(1660, 1, 'tickets', 'add', '', '2009-03-02 11:17:46'),
(1661, 1, 'tickets', 'view', '192', '2009-03-02 11:17:47'),
(1662, 1, 'timeclocks', 'out', '', '2009-03-02 11:31:25'),
(1663, 1, 'projects', 'index', '', '2009-03-02 11:31:25'),
(1664, 1, 'timeclocks', 'add', '9', '2009-03-02 14:52:47'),
(1665, 1, 'timeclocks', 'add', '', '2009-03-02 14:52:51'),
(1666, 1, 'projects', 'index', '', '2009-03-02 14:52:52'),
(1667, 1, 'tickets', 'add', '9', '2009-03-02 16:04:29'),
(1668, 1, 'tickets', 'add', '', '2009-03-02 16:04:44'),
(1669, 1, 'tickets', 'view', '193', '2009-03-02 16:04:45'),
(1670, 1, 'tickets', 'add', '9', '2009-03-02 16:06:46'),
(1671, 1, 'tickets', 'add', '', '2009-03-02 16:07:07'),
(1672, 1, 'tickets', 'view', '194', '2009-03-02 16:07:08'),
(1673, 1, 'tickets', 'open_by_project', '9', '2009-03-02 16:15:40'),
(1674, 1, 'tickets', 'edit', '183', '2009-03-02 16:17:09'),
(1675, 1, 'tickets', 'edit', '183', '2009-03-02 16:17:13');
INSERT INTO `action_logs` (`id`, `user_id`, `controller`, `action`, `params`, `created`) VALUES (1676, 1, 'tickets', 'view', '183', '2009-03-02 16:17:14'),
(1677, 1, 'tickets', 'open_by_project', '9', '2009-03-02 16:17:38'),
(1678, 1, 'tickets', 'add', '9', '2009-03-02 16:19:09'),
(1679, 1, 'tickets', 'add', '', '2009-03-02 16:19:24'),
(1680, 1, 'tickets', 'view', '195', '2009-03-02 16:19:26'),
(1681, 1, 'tickets', 'open_by_project', '9', '2009-03-02 16:21:24'),
(1682, 1, 'tickets', 'add', '9', '2009-03-02 16:29:31'),
(1683, 1, 'tickets', 'add', '', '2009-03-02 16:29:52'),
(1684, 1, 'tickets', 'view', '196', '2009-03-02 16:29:53'),
(1685, 1, 'tickets', 'open_by_project', '9', '2009-03-02 16:37:55'),
(1686, 1, 'ticket_changes', 'add', '167', '2009-03-02 16:38:10'),
(1687, 1, 'ticket_changes', 'add', '110', '2009-03-02 16:38:16'),
(1688, 1, 'tickets', 'view', '167', '2009-03-02 16:38:17'),
(1689, 1, 'tickets', 'open_by_project', '9', '2009-03-02 16:38:20'),
(1690, 1, 'tickets', 'add', '9', '2009-03-02 16:41:46'),
(1691, 1, 'tickets', 'add', '', '2009-03-02 16:42:16'),
(1692, 1, 'tickets', 'view', '197', '2009-03-02 16:42:17'),
(1693, 1, 'tickets', 'add', '9', '2009-03-02 16:42:26'),
(1694, 1, 'tickets', 'add', '', '2009-03-02 16:42:41'),
(1695, 1, 'tickets', 'view', '198', '2009-03-02 16:42:42'),
(1696, 1, 'tickets', 'open_by_project', '9', '2009-03-02 16:43:28'),
(1697, 1, 'tickets', 'open_by_project', '9', '2009-03-02 16:43:32'),
(1698, 1, 'tickets', 'add', '9', '2009-03-02 16:43:45'),
(1699, 1, 'tickets', 'add', '', '2009-03-02 16:44:08'),
(1700, 1, 'tickets', 'view', '199', '2009-03-02 16:44:09'),
(1701, 1, 'tickets', 'add', '9', '2009-03-02 16:44:27'),
(1702, 1, 'tickets', 'add', '', '2009-03-02 16:44:44'),
(1703, 1, 'tickets', 'view', '200', '2009-03-02 16:44:45'),
(1704, 1, 'tickets', 'add', '9', '2009-03-02 16:44:48'),
(1705, 1, 'tickets', 'add', '', '2009-03-02 16:45:10'),
(1706, 1, 'tickets', 'view', '201', '2009-03-02 16:45:10'),
(1707, 1, 'tickets', 'open_by_project', '9', '2009-03-02 16:45:19'),
(1708, 1, 'ticket_changes', 'add', '171', '2009-03-02 16:45:25'),
(1709, 1, 'ticket_changes', 'add', '114', '2009-03-02 16:45:29'),
(1710, 1, 'tickets', 'view', '171', '2009-03-02 16:45:30'),
(1711, 1, 'tickets', 'open_by_project', '9', '2009-03-02 16:45:38'),
(1712, 1, 'ticket_changes', 'add', '173', '2009-03-02 16:46:23'),
(1713, 1, 'ticket_changes', 'add', '116', '2009-03-02 16:46:27'),
(1714, 1, 'tickets', 'view', '173', '2009-03-02 16:46:31'),
(1715, 1, 'tickets', 'add', '9', '2009-03-02 16:50:12'),
(1716, 1, 'tickets', 'add', '', '2009-03-02 16:50:27'),
(1717, 1, 'tickets', 'view', '202', '2009-03-02 16:50:27'),
(1718, 1, 'tickets', 'add', '9', '2009-03-02 16:52:01'),
(1719, 1, 'tickets', 'add', '', '2009-03-02 16:52:56'),
(1720, 1, 'tickets', 'view', '203', '2009-03-02 16:52:57'),
(1721, 1, 'tickets', 'add', '9', '2009-03-02 16:53:36'),
(1722, 1, 'tickets', 'add', '', '2009-03-02 16:54:04'),
(1723, 1, 'tickets', 'view', '204', '2009-03-02 16:54:04'),
(1724, 1, 'ticket_changes', 'add', '174', '2009-03-02 16:54:48'),
(1725, 1, 'ticket_changes', 'add', '117', '2009-03-02 16:54:54'),
(1726, 1, 'tickets', 'view', '174', '2009-03-02 16:54:54'),
(1727, 1, 'ticket_changes', 'add', '175', '2009-03-02 16:56:21'),
(1728, 1, 'ticket_changes', 'add', '118', '2009-03-02 16:56:40'),
(1729, 1, 'tickets', 'view', '175', '2009-03-02 16:56:41'),
(1730, 1, 'tickets', 'open_by_project', '9', '2009-03-02 16:56:50'),
(1731, 1, 'tickets', 'view', '170', '2009-03-02 16:57:34'),
(1732, 1, 'ticket_comments', 'add', '170', '2009-03-02 16:57:40'),
(1733, 1, 'ticket_comments', 'add', '', '2009-03-02 16:58:06'),
(1734, 1, 'tickets', 'view', '170', '2009-03-02 16:58:07'),
(1735, 1, 'ticket_comments', 'add', '170', '2009-03-02 16:58:36'),
(1736, 1, 'ticket_comments', 'add', '', '2009-03-02 16:58:49'),
(1737, 1, 'tickets', 'view', '170', '2009-03-02 16:58:49'),
(1738, 1, 'ticket_changes', 'add', '179', '2009-03-02 16:58:56'),
(1739, 1, 'ticket_changes', 'add', '122', '2009-03-02 16:59:04'),
(1740, 1, 'tickets', 'view', '179', '2009-03-02 16:59:05'),
(1741, 1, 'ticket_changes', 'add', '180', '2009-03-02 16:59:12'),
(1742, 1, 'ticket_changes', 'add', '123', '2009-03-02 16:59:18'),
(1743, 1, 'tickets', 'view', '180', '2009-03-02 16:59:19'),
(1744, 1, 'tickets', 'view', '191', '2009-03-02 17:00:04'),
(1745, 1, 'ticket_comments', 'add', '191', '2009-03-02 17:00:10'),
(1746, 1, 'ticket_comments', 'add', '', '2009-03-02 17:00:43'),
(1747, 1, 'tickets', 'view', '191', '2009-03-02 17:00:43'),
(1748, 1, 'tickets', 'open_by_project', '9', '2009-03-02 17:00:57'),
(1749, 1, 'tickets', 'open_by_project', '9', '2009-03-02 17:01:16'),
(1750, 1, 'ticket_changes', 'add', '198', '2009-03-02 17:10:50'),
(1751, 1, 'ticket_changes', 'add', '145', '2009-03-02 17:10:55'),
(1752, 1, 'tickets', 'view', '198', '2009-03-02 17:10:56'),
(1753, 1, 'tickets', 'open_by_project', '9', '2009-03-02 17:10:58'),
(1754, 1, 'tickets', 'open_by_project', '9', '2009-03-02 17:12:16'),
(1755, 1, 'tickets', 'open_by_project', '9', '2009-03-02 17:13:17'),
(1756, 1, 'timeclocks', 'out', '', '2009-03-02 17:39:02'),
(1757, 1, 'projects', 'index', '', '2009-03-02 17:39:03'),
(1758, 1, 'timeclocks', 'add', '9', '2009-03-02 19:51:03'),
(1759, 1, 'timeclocks', 'add', '', '2009-03-02 19:51:08'),
(1760, 1, 'projects', 'index', '', '2009-03-02 19:51:09'),
(1761, 1, 'tickets', 'open_by_project', '9', '2009-03-02 20:30:09'),
(1762, 1, 'tickets', 'edit', '195', '2009-03-02 20:30:48'),
(1763, 1, 'tickets', 'edit', '195', '2009-03-02 20:30:52'),
(1764, 1, 'tickets', 'view', '195', '2009-03-02 20:30:53'),
(1765, 1, 'tickets', 'view', '170', '2009-03-02 20:31:16'),
(1766, 1, 'tickets', 'open_by_project', '9', '2009-03-02 20:32:37'),
(1767, 1, 'tickets', 'add', '9', '2009-03-02 20:54:08'),
(1768, 1, 'tickets', 'add', '', '2009-03-02 20:54:28'),
(1769, 1, 'tickets', 'view', '205', '2009-03-02 20:54:29'),
(1770, 1, 'timeclocks', 'out', '', '2009-03-02 21:28:26'),
(1771, 1, 'projects', 'index', '', '2009-03-02 21:28:26'),
(1772, 1, 'timeclocks', 'add', '9', '2009-03-02 22:18:49'),
(1773, 1, 'timeclocks', 'add', '', '2009-03-02 22:18:54'),
(1774, 1, 'projects', 'index', '', '2009-03-02 22:18:55'),
(1775, 1, 'tickets', 'open_by_project', '9', '2009-03-02 22:19:17'),
(1776, 1, 'tickets', 'view', '170', '2009-03-02 22:19:48'),
(1777, 1, 'timeclocks', 'out', '', '2009-03-02 23:20:14'),
(1778, 1, 'projects', 'index', '', '2009-03-02 23:20:14'),
(1779, 6, 'projects', 'index', '', '2009-03-02 23:20:56'),
(1780, 6, 'tickets', 'open_by_project', '9', '2009-03-02 23:22:05'),
(1781, 6, 'tickets', 'view', '169', '2009-03-02 23:22:29'),
(1782, 6, 'users', 'logout', '', '2009-03-02 23:24:28'),
(1783, 6, 'tickets', 'view', '169', '2009-03-02 23:24:55'),
(1784, 6, 'tickets', 'add', '2', '2009-03-02 23:25:03'),
(1785, 6, 'tickets', 'open_by_project', '2', '2009-03-02 23:25:05'),
(1786, 6, 'tickets', 'open_by_project', '2', '2009-03-02 23:25:08'),
(1787, 6, 'tickets', 'add', '2', '2009-03-02 23:30:12'),
(1788, 6, 'tickets', 'open_by_project', '2', '2009-03-02 23:32:28'),
(1789, 6, 'tickets', 'open_by_project', '3', '2009-03-02 23:32:30'),
(1790, 6, 'tickets', 'view', '61', '2009-03-02 23:33:35'),
(1791, 6, 'tickets', 'view', '161', '2009-03-02 23:33:36'),
(1792, 6, 'tickets', 'add', '', '2009-03-02 23:35:14'),
(1793, 6, 'tickets', 'view', '206', '2009-03-02 23:35:15'),
(1794, 6, 'timeclocks', 'index', '', '2009-03-02 23:36:29'),
(1795, 6, 'users', 'logout', '', '2009-03-02 23:41:14'),
(1796, 1, 'projects', 'add', '', '2009-03-03 04:06:09'),
(1797, 1, 'projects', 'add', '', '2009-03-03 04:07:21'),
(1798, 1, 'timeclocks', 'index', '', '2009-03-03 05:16:48'),
(1799, 1, 'timeclocks', 'index', '', '2009-03-03 05:16:59'),
(1800, 1, 'timeclocks', 'index', '', '2009-03-03 05:17:08'),
(1801, 1, 'timeclocks', 'index', '', '2009-03-03 05:17:19'),
(1802, 1, 'timeclocks', 'index', '', '2009-03-03 05:17:24'),
(1803, 6, 'timeclocks', 'index', '', '2009-03-03 06:57:42'),
(1804, 6, 'groups', 'index', '', '2009-03-03 06:57:52'),
(1805, 6, 'users', 'add', '', '2009-03-03 06:58:11'),
(1806, 6, 'users', 'login', '', '2009-03-03 07:53:57'),
(1807, 6, 'users', 'index', '', '2009-03-03 08:00:53'),
(1808, 6, 'tickets', 'open_by_project', '2', '2009-03-03 08:01:07'),
(1809, 1, 'projects', 'index', '', '2009-03-04 00:24:30'),
(1810, 6, 'projects', 'index', '', '2009-03-04 00:26:43'),
(1811, 6, 'elements', 'index', '', '2009-03-04 00:26:50'),
(1812, 6, 'timeclocks', 'index', '', '2009-03-04 00:26:55'),
(1813, 6, 'elements', 'index', '', '2009-03-04 00:28:02'),
(1814, 6, 'timeclocks', 'index', '', '2009-03-04 00:28:15'),
(1815, 6, 'projects', 'index', '', '2009-03-04 00:28:25'),
(1816, 6, 'timeclocks', 'index', '', '2009-03-04 00:28:33'),
(1817, 6, 'elements', 'index', '', '2009-03-04 00:28:50'),
(1818, 1, 'timeclocks', 'index', '', '2009-03-04 00:35:11'),
(1819, 1, 'timeclocks', 'index', '', '2009-03-04 00:35:19'),
(1820, 6, 'tickets', 'open_by_project', '9', '2009-03-04 01:15:24'),
(1821, 6, 'users', 'login', '', '2009-03-04 03:27:16'),
(1822, 6, 'priorities', 'index', '', '2009-03-04 03:27:47'),
(1823, 6, 'tickets', 'open_by_project', '9', '2009-03-04 03:28:00'),
(1824, 6, 'tickets', 'view', '169', '2009-03-04 03:28:46'),
(1825, 6, 'tickets', 'open_by_project', '9', '2009-03-04 03:29:16'),
(1826, 6, 'tickets', 'view', '189', '2009-03-04 03:30:38'),
(1827, 6, 'tickets', 'open_by_project', '3', '2009-03-04 03:30:59'),
(1828, 6, 'projects', 'index', '', '2009-03-04 03:31:52'),
(1829, 6, 'projects', 'edit', '1', '2009-03-04 03:32:06'),
(1830, 6, 'tickets', 'open_by_project', '1', '2009-03-04 03:32:16'),
(1831, 6, 'users', 'login', '', '2009-03-04 06:13:08'),
(1832, 6, 'users', 'index', '', '2009-03-04 06:20:56'),
(1833, 6, 'users', 'edit', '6', '2009-03-04 06:21:06'),
(1834, 6, 'tickets', 'add', '2', '2009-03-04 06:21:14'),
(1835, 6, 'tickets', 'open_by_project', '2', '2009-03-04 06:23:18'),
(1836, 6, 'tickets', 'add', '', '2009-03-04 06:27:11'),
(1837, 6, 'tickets', 'view', '207', '2009-03-04 06:27:12'),
(1838, 6, 'tickets', 'open_by_project', '2', '2009-03-04 06:27:34'),
(1839, 1, 'tickets', 'open_by_project', '9', '2009-03-04 06:30:42'),
(1840, 1, 'tickets', 'open_by_project', '2', '2009-03-04 06:30:46'),
(1841, 1, 'tickets', 'open_by_project', '2', '2009-03-04 06:31:07'),
(1842, 1, 'tickets', 'view', '207', '2009-03-04 06:31:18'),
(1843, 6, 'tickets', 'edit', '207', '2009-03-04 06:34:03'),
(1844, 1, 'tickets', 'view', '207', '2009-03-04 06:34:22'),
(1845, 6, 'tickets', 'open_by_project', '2', '2009-03-04 06:34:44'),
(1846, 6, 'ticket_changes', 'add', '207', '2009-03-04 06:35:05'),
(1847, 6, 'ticket_changes', 'add', '161', '2009-03-04 06:35:34'),
(1848, 6, 'tickets', 'view', '207', '2009-03-04 06:35:35'),
(1849, 1, 'tickets', 'view', '207', '2009-03-04 06:35:58'),
(1850, 6, 'tickets', 'view', '206', '2009-03-04 06:36:23'),
(1851, 6, 'ticket_changes', 'add', '206', '2009-03-04 06:37:09'),
(1852, 6, 'ticket_changes', 'add', '160', '2009-03-04 06:37:22'),
(1853, 6, 'tickets', 'view', '206', '2009-03-04 06:37:25'),
(1854, 6, 'tickets', 'open_by_project', '2', '2009-03-04 06:37:42'),
(1855, 6, 'tickets', 'view', '207', '2009-03-04 06:37:50'),
(1856, 6, 'tickets', 'view', '207', '2009-03-04 06:38:44'),
(1857, 6, 'ticket_changes', 'add', '207', '2009-03-04 06:39:32'),
(1858, 6, 'ticket_changes', 'add', '162', '2009-03-04 06:39:45'),
(1859, 6, 'tickets', 'view', '207', '2009-03-04 06:39:48'),
(1860, 6, 'tickets', 'open_by_project', '2', '2009-03-04 06:40:18'),
(1861, 6, 'tickets', 'edit', '206', '2009-03-04 06:40:25'),
(1862, 6, 'tickets', 'open_by_project', '2', '2009-03-04 06:40:34'),
(1863, 6, 'ticket_changes', 'add', '206', '2009-03-04 06:40:41'),
(1864, 6, 'tickets', 'open_by_project', '2', '2009-03-04 06:40:57'),
(1865, 1, 'statuses', 'index', '', '2009-03-04 06:41:50'),
(1866, 6, 'statuses', 'index', '', '2009-03-04 06:41:55'),
(1867, 1, 'statuses', 'add', '', '2009-03-04 06:41:56'),
(1868, 1, 'statuses', 'add', '', '2009-03-04 06:42:10'),
(1869, 1, 'statuses', 'index', '', '2009-03-04 06:42:11'),
(1870, 6, 'tickets', 'open_by_project', '2', '2009-03-04 06:42:15'),
(1871, 1, 'statuses', 'edit', '4', '2009-03-04 06:42:25'),
(1872, 6, 'tickets', 'view', '207', '2009-03-04 06:42:28'),
(1873, 1, 'statuses', 'edit', '4', '2009-03-04 06:42:30'),
(1874, 1, 'statuses', 'index', '', '2009-03-04 06:42:31'),
(1875, 1, 'statuses', 'edit', '9', '2009-03-04 06:42:34'),
(1876, 1, 'statuses', 'edit', '9', '2009-03-04 06:42:38'),
(1877, 1, 'statuses', 'index', '', '2009-03-04 06:42:39'),
(1878, 6, 'statuses', 'index', '', '2009-03-04 06:42:49'),
(1879, 1, 'timeclocks', 'index', '', '2009-03-04 06:43:59'),
(1880, 1, 'timeclocks', 'index', '', '2009-03-04 06:44:01'),
(1881, 1, 'timeclocks', 'index', '', '2009-03-04 06:44:53'),
(1882, 1, 'timeclocks', 'index', '', '2009-03-04 06:44:57'),
(1883, 6, 'timeclocks', 'index', '', '2009-03-04 06:45:22'),
(1884, 6, 'timeclocks', 'add', '2', '2009-03-04 06:45:32'),
(1885, 6, 'timeclocks', 'add', '', '2009-03-04 06:45:46'),
(1886, 6, 'projects', 'index', '', '2009-03-04 06:45:47'),
(1887, 6, 'timeclocks', 'index', '', '2009-03-04 06:46:06'),
(1888, 6, 'timeclocks', 'out', '', '2009-03-04 06:47:03'),
(1889, 6, 'projects', 'index', '', '2009-03-04 06:47:07'),
(1890, 6, 'timeclocks', 'index', '', '2009-03-04 06:47:24'),
(1891, 6, 'timeclocks', 'index', '', '2009-03-04 06:47:32'),
(1892, 6, 'timeclocks', 'edit', '53', '2009-03-04 06:47:52'),
(1893, 1, 'timeclocks', 'index', '', '2009-03-04 06:47:52'),
(1894, 6, 'timeclocks', 'index', '', '2009-03-04 06:48:02'),
(1895, 6, 'timeclocks', 'index', '', '2009-03-04 06:48:27'),
(1896, 6, 'tickets', 'open_by_project', '2', '2009-03-04 07:01:05'),
(1897, 6, 'users', 'login', '', '2009-03-04 07:57:11'),
(1898, 6, 'timeclocks', 'add', '2', '2009-03-04 07:58:25'),
(1899, 6, 'timeclocks', 'add', '', '2009-03-04 07:58:48'),
(1900, 6, 'projects', 'index', '', '2009-03-04 07:58:51'),
(1901, 6, 'tickets', 'open_by_project', '2', '2009-03-04 07:59:01'),
(1902, 6, 'ticket_changes', 'add', '207', '2009-03-04 07:59:16'),
(1903, 6, 'ticket_changes', 'add', '164', '2009-03-04 08:08:01'),
(1904, 6, 'tickets', 'view', '207', '2009-03-04 08:08:02'),
(1905, 6, 'timeclocks', 'out', '', '2009-03-04 08:10:24'),
(1906, 6, 'projects', 'index', '', '2009-03-04 08:10:26'),
(1907, 6, 'tickets', 'open_by_project', '2', '2009-03-04 08:10:43'),
(1908, 6, 'tickets', 'view', '207', '2009-03-04 08:11:04'),
(1909, 1, 'timeclocks', 'index', '', '2009-03-04 14:14:57'),
(1910, 1, 'tickets', 'open_by_project', '2', '2009-03-04 14:15:24'),
(1911, 1, 'tickets', 'view', '207', '2009-03-04 14:15:33'),
(1912, 1, 'statuses', 'index', '', '2009-03-04 14:26:24'),
(1913, 1, 'statuses', 'add', '', '2009-03-04 14:26:27'),
(1914, 1, 'statuses', 'add', '', '2009-03-04 14:26:40'),
(1915, 1, 'statuses', 'index', '', '2009-03-04 14:26:41'),
(1916, 1, 'statuses', 'edit', '4', '2009-03-04 14:26:44'),
(1917, 1, 'statuses', 'edit', '4', '2009-03-04 14:26:47'),
(1918, 1, 'statuses', 'index', '', '2009-03-04 14:26:48'),
(1919, 1, 'ticket_comments', 'add', '207', '2009-03-04 14:27:04'),
(1920, 1, 'ticket_comments', 'add', '', '2009-03-04 14:27:08'),
(1921, 1, 'tickets', 'view', '207', '2009-03-04 14:27:08'),
(1922, 1, 'ticket_comments', 'add', '207', '2009-03-04 14:27:11'),
(1923, 1, 'ticket_comments', 'add', '', '2009-03-04 14:27:56'),
(1924, 1, 'tickets', 'view', '207', '2009-03-04 14:27:57'),
(1925, 1, 'tickets', 'open_by_project', '2', '2009-03-04 14:28:15'),
(1926, 1, 'tickets', 'view', '207', '2009-03-04 14:28:24'),
(1927, 1, 'ticket_changes', 'add', '207', '2009-03-04 14:29:36'),
(1928, 1, 'ticket_changes', 'add', '165', '2009-03-04 14:29:51'),
(1929, 1, 'tickets', 'view', '207', '2009-03-04 14:29:52'),
(1930, 1, 'ticket_comments', 'add', '207', '2009-03-04 14:30:12'),
(1931, 1, 'ticket_comments', 'add', '', '2009-03-04 14:31:38'),
(1932, 1, 'tickets', 'view', '207', '2009-03-04 14:31:38'),
(1933, 1, 'statuses', 'index', '', '2009-03-04 14:31:51'),
(1934, 1, 'tickets', 'open_by_project', '2', '2009-03-04 14:32:09'),
(1935, 1, 'ticket_changes', 'add', '207', '2009-03-04 14:32:30'),
(1936, 1, 'ticket_changes', 'add', '166', '2009-03-04 14:32:36'),
(1937, 1, 'tickets', 'view', '207', '2009-03-04 14:32:37'),
(1938, 1, 'tickets', 'open_by_project', '2', '2009-03-04 14:32:40'),
(1939, 1, 'tickets', 'view', '207', '2009-03-04 14:32:47'),
(1940, 1, 'tickets', 'add', '9', '2009-03-04 16:27:45'),
(1941, 1, 'projects', 'index', '', '2009-03-04 19:44:51'),
(1942, 1, 'tickets', 'open_by_project', '1', '2009-03-04 19:51:50'),
(1943, 1, 'tickets', 'open_by_project', '1', '2009-03-04 19:52:12'),
(1944, 1, 'tickets', 'view', '35', '2009-03-04 19:52:15'),
(1945, 1, 'ticket_changes', 'add', '35', '2009-03-04 19:52:18'),
(1946, 1, 'tickets', 'open_by_project', '1', '2009-03-04 19:52:25'),
(1947, 1, 'tickets', 'view', '7', '2009-03-04 19:52:27'),
(1948, 1, 'tickets', 'open_by_project', '2', '2009-03-04 22:03:08'),
(1949, 6, 'tickets', 'open_by_project', '2', '2009-03-04 22:52:25'),
(1950, 6, 'ticket_changes', 'add', '207', '2009-03-04 22:52:50'),
(1951, 6, 'users', 'logout', '', '2009-03-04 22:53:23'),
(1952, 6, 'ticket_changes', 'add', '207', '2009-03-04 23:07:41'),
(1953, 6, 'tickets', 'open_by_project', '2', '2009-03-04 23:08:30'),
(1954, 6, 'tickets', 'view', '207', '2009-03-04 23:08:35'),
(1955, 1, 'tickets', 'view', '207', '2009-03-04 23:10:01'),
(1956, 1, 'ticket_changes', 'add', '207', '2009-03-04 23:10:55'),
(1957, 1, 'tickets', 'open_by_project', '9', '2009-03-04 23:11:33'),
(1958, 1, 'tickets', 'view', '196', '2009-03-04 23:12:59'),
(1959, 1, 'tickets', 'open_by_project', '2', '2009-03-04 23:13:07'),
(1960, 1, 'ticket_changes', 'add', '182', '2009-03-04 23:15:56'),
(1961, 1, 'ticket_changes', 'add', '125', '2009-03-04 23:16:01'),
(1962, 1, 'tickets', 'view', '182', '2009-03-04 23:16:02'),
(1963, 1, 'tickets', 'open_by_project', '2', '2009-03-04 23:16:22'),
(1964, 1, 'ticket_changes', 'add', '207', '2009-03-04 23:16:30'),
(1965, 1, 'ticket_changes', 'add', '167', '2009-03-04 23:16:59'),
(1966, 1, 'tickets', 'view', '207', '2009-03-04 23:17:00'),
(1967, 1, 'tickets', 'open_by_project', '2', '2009-03-04 23:17:12'),
(1968, 1, 'ticket_changes', 'add', '61', '2009-03-04 23:17:33'),
(1969, 1, 'ticket_changes', 'add', '10', '2009-03-04 23:17:47'),
(1970, 1, 'tickets', 'view', '61', '2009-03-04 23:17:48'),
(1971, 1, 'tickets', 'open_by_project', '2', '2009-03-04 23:17:50'),
(1972, 1, 'ticket_changes', 'add', '79', '2009-03-04 23:18:53'),
(1973, 1, 'ticket_changes', 'add', '11', '2009-03-04 23:18:59'),
(1974, 1, 'tickets', 'view', '79', '2009-03-04 23:19:00'),
(1975, 1, 'tickets', 'open_by_project', '2', '2009-03-04 23:19:03'),
(1976, 1, 'projects', 'index', '', '2009-03-04 23:19:10'),
(1977, 1, 'projects', 'add', '', '2009-03-04 23:19:13'),
(1978, 1, 'projects', 'add', '', '2009-03-04 23:19:44'),
(1979, 1, 'projects', 'index', '', '2009-03-04 23:19:45'),
(1980, 1, 'tickets', 'open_by_project', '12', '2009-03-04 23:20:24'),
(1981, 1, 'projects', 'index', '', '2009-03-04 23:20:32'),
(1982, 1, 'projects', 'edit', '6', '2009-03-04 23:20:46'),
(1983, 1, 'projects', 'edit', '6', '2009-03-04 23:20:48'),
(1984, 1, 'projects', 'index', '', '2009-03-04 23:20:49'),
(1985, 1, 'tickets', 'open_by_project', '6', '2009-03-04 23:21:29'),
(1986, 1, 'tickets', 'open_by_project', '12', '2009-03-04 23:21:34'),
(1987, 6, 'projects', 'index', '', '2009-03-04 23:21:45'),
(1988, 6, 'users', 'view', '1', '2009-03-04 23:24:25'),
(1989, 6, 'priorities', 'index', '', '2009-03-04 23:24:31'),
(1990, 6, 'projects', 'index', '', '2009-03-04 23:24:36'),
(1991, 1, 'tickets', 'open_by_project', '2', '2009-03-05 01:00:07'),
(1992, 1, 'users', 'login', '', '2009-03-05 01:09:46'),
(1993, 1, 'users', 'login', '', '2009-03-05 01:09:49'),
(1994, 1, 'projects', 'index', '', '2009-03-05 01:09:49'),
(1995, 6, 'users', 'index', '', '2009-03-05 01:15:04'),
(1996, 6, 'users', 'index', '', '2009-03-05 01:15:10'),
(1997, 6, 'tickets', 'open_by_project', '2', '2009-03-05 01:15:40'),
(1998, 1, 'projects', 'index', '', '0000-00-00 00:00:00'),
(1999, 1, 'projects', 'index', '', '2009-03-05 21:18:14'),
(2000, 1, 'tickets', 'open_by_project', '9', '2009-03-05 21:18:40'),
(2001, 1, 'tickets', 'index', '', '2009-03-05 21:18:55'),
(2002, 1, 'tickets', 'add', '2', '2009-03-05 21:18:59'),
(2003, 1, 'tickets', 'open_by_project', '9', '2009-03-05 21:19:10'),
(2004, 1, 'tickets', 'open_by_project', '', '2009-03-05 21:19:13'),
(2005, 1, 'users', 'add', '', '2009-03-05 21:22:11'),
(2006, 1, 'users', 'actions', '', '2009-03-05 21:27:12'),
(2007, 1, 'users', 'add', '', '2009-03-05 21:27:15'),
(2008, 1, 'users', 'admin_logout', '', '2009-03-05 21:29:54'),
(2009, 1, 'users', 'index', '', '2009-03-05 21:30:03'),
(2010, 1, 'users', 'logout', '', '2009-03-05 21:30:06'),
(2011, 1, 'users', 'index', '', '2009-03-05 21:32:19'),
(2012, 1, 'users', 'admin_index', '', '2009-03-05 21:32:31'),
(2013, 1, 'users', 'admin_index', '', '2009-03-05 21:34:16'),
(2014, 1, 'users', 'admin_index', '', '2009-03-05 21:34:33'),
(2015, 1, 'users', 'admin_index', '', '2009-03-05 21:34:35'),
(2016, 1, 'users', 'admin_index', '', '2009-03-05 21:34:43'),
(2017, 1, 'action_logs', 'admin_index', '', '2009-03-05 21:35:22'),
(2018, 1, 'users', 'admin_index', '', '2009-03-05 21:36:10'),
(2019, 6, 'projects', 'index', '', '2009-03-06 00:04:58'),
(2020, 6, 'projects', 'index', '', '2009-03-06 00:04:59'),
(2021, 6, 'users', 'login', '', '2009-03-06 00:05:13'),
(2022, 1, 'users', 'login', '', '2009-03-06 00:54:26'),
(2023, 1, 'users', 'login', '', '2009-03-06 00:54:28'),
(2024, 1, 'projects', 'index', '', '2009-03-06 00:54:29'),
(2025, 6, 'users', 'login', '', '2009-03-06 00:54:37'),
(2026, 6, 'users', 'index', '', '2009-03-06 00:54:55'),
(2027, 6, 'users', 'login', '', '2009-03-06 00:55:01'),
(2028, 6, 'users', 'login', '', '2009-03-06 00:55:09'),
(2029, 6, 'projects', 'index', '', '2009-03-06 00:55:09'),
(2030, 6, 'users', 'login', '', '2009-03-06 00:55:44'),
(2031, 6, 'users', 'logout', '', '2009-03-06 00:56:06'),
(2032, 1, 'users', 'index', '', '2009-03-06 00:56:50'),
(2033, 6, 'projects', 'index', '', '2009-03-06 01:23:40'),
(2034, 6, 'groups', 'index', '', '2009-03-06 01:23:59'),
(2035, 6, 'groups', 'security', '1', '2009-03-06 01:24:04'),
(2036, 6, 'groups', 'index', '', '2009-03-06 01:24:48'),
(2037, 1, 'groups', 'index', '', '2009-03-06 01:24:49'),
(2038, 6, 'groups', 'security', '2', '2009-03-06 01:24:52'),
(2039, 1, 'groups', 'security', '', '2009-03-06 01:24:54'),
(2040, 1, 'groups', 'security', '', '2009-03-06 01:24:55'),
(2041, 6, 'users', 'index', '', '2009-03-06 01:24:59'),
(2042, 6, 'groups', 'index', '', '2009-03-06 01:25:45'),
(2043, 6, 'groups', 'security', '2', '2009-03-06 01:25:51'),
(2044, 6, 'groups', 'security', '2', '2009-03-06 01:25:57'),
(2045, 6, 'groups', 'index', '', '2009-03-06 01:26:47'),
(2046, 6, 'groups', 'index', '', '2009-03-06 01:27:23'),
(2047, 1, 'groups', 'index', '', '2009-03-06 01:27:27'),
(2048, 6, 'groups', 'index', '', '2009-03-06 01:27:35'),
(2049, 6, 'groups', 'index', '', '2009-03-06 01:27:37'),
(2050, 6, 'groups', 'index', '', '2009-03-06 01:28:07'),
(2051, 6, 'priorities', 'index', '', '2009-03-06 01:36:10'),
(2052, 6, 'projects', 'index', '', '2009-03-06 01:36:11'),
(2053, 6, 'projects', 'add', '', '2009-03-06 01:37:54'),
(2054, 6, 'projects', 'index', '', '2009-03-06 01:37:59'),
(2055, 6, 'groups', 'index', '', '2009-03-06 01:38:11'),
(2056, 6, 'projects', 'admin_index', '', '2009-03-06 01:38:35'),
(2057, 6, 'groups', 'admin_index', '', '2009-03-06 01:39:49'),
(2058, 6, 'users', 'admin_index', '', '2009-03-06 01:39:57'),
(2059, 6, 'users', 'admin_edit', '6', '2009-03-06 01:40:07'),
(2060, 6, 'projects', 'admin_index', '', '2009-03-06 01:40:14'),
(2061, 6, 'projects', 'admin_edit', '2', '2009-03-06 01:41:07'),
(2062, 6, 'users', 'login', '', '2009-03-06 01:48:17'),
(2063, 6, 'users', 'login', '', '2009-03-06 01:50:52'),
(2064, 1, 'projects', 'index', '', '2009-03-06 01:51:43'),
(2065, 6, 'users', 'login', '', '2009-03-06 01:52:25'),
(2066, 1, 'tickets', 'open_by_project', '1', '2009-03-06 01:53:16'),
(2067, 1, 'users', 'login', '', '2009-03-06 01:53:25'),
(2068, 1, 'users', 'login', '', '2009-03-06 01:53:28'),
(2069, 1, 'projects', 'index', '', '2009-03-06 01:53:29'),
(2070, 1, 'users', 'login', '', '2009-03-06 01:53:32'),
(2071, 1, 'projects', 'index', '', '2009-03-06 01:53:43'),
(2072, 6, 'tickets', 'open_by_project', '2', '2009-03-06 01:55:10'),
(2073, 6, 'tickets', 'open_by_project', '2', '2009-03-06 01:55:17'),
(2074, 6, 'tickets', 'index', '', '2009-03-06 01:55:26'),
(2075, 1, 'projects', 'index', '', '2009-03-06 01:58:50'),
(2076, 6, 'tickets', 'index', '', '2009-03-06 01:58:51'),
(2077, 6, 'tickets', 'index', '', '2009-03-06 01:58:55'),
(2078, 1, 'projects', 'index', '', '2009-03-06 02:01:46'),
(2079, 6, 'tickets', 'index', '', '2009-03-06 02:02:33'),
(2080, 6, 'tickets', 'open_by_project', '1', '2009-03-06 02:02:47'),
(2081, 6, 'users', 'login', '', '2009-03-06 02:02:54'),
(2082, 1, 'users', 'admin_index', '', '2009-03-06 02:09:23'),
(2083, 6, 'users', 'admin_index', '', '2009-03-06 02:09:47'),
(2084, 1, 'projects', 'index', '', '2009-03-06 02:18:43'),
(2085, 1, 'projects', 'index', '', '2009-03-06 02:39:50'),
(2086, 1, 'projects', 'index', '', '2009-03-06 02:39:55'),
(2087, 6, 'tickets', 'open_by_project', '2', '2009-03-06 02:41:04'),
(2088, 6, 'tickets', 'open_by_project', '2', '2009-03-06 02:41:40'),
(2089, 1, 'projects', 'index', '', '2009-03-06 02:42:42'),
(2090, 1, 'projects', 'index', '', '2009-03-06 02:43:59'),
(2091, 1, 'users', 'index', '', '2009-03-06 02:44:23'),
(2092, 1, 'users', 'add', '', '2009-03-06 02:44:53'),
(2093, 1, 'users', 'index', '', '2009-03-06 02:45:32'),
(2094, 1, 'users', 'index', '', '2009-03-06 02:45:46'),
(2095, 1, 'users', 'add', '', '2009-03-06 02:46:24'),
(2096, 1, 'users', 'index', '', '2009-03-06 02:46:25'),
(2097, 7, 'projects', 'index', '', '2009-03-06 02:46:46'),
(2098, 1, 'milestones', 'index', '', '2009-03-06 02:46:51'),
(2099, 1, 'tickets', 'open_by_project', '1', '2009-03-06 02:47:10'),
(2100, 1, 'milestones', 'index', '', '2009-03-06 02:47:10'),
(2101, 7, 'tickets', 'open_by_project', '1', '2009-03-06 02:47:22'),
(2102, 7, 'projects', 'index', '', '2009-03-06 02:47:23'),
(2103, 1, 'tickets', 'open_by_project', '1', '2009-03-06 02:47:31'),
(2104, 1, 'milestones', 'index', '', '2009-03-06 02:47:31'),
(2105, 7, 'tickets', 'open_by_project', '1', '2009-03-06 02:47:33'),
(2106, 7, 'projects', 'index', '', '2009-03-06 02:47:33'),
(2107, 7, 'projects', 'edit', '7', '2009-03-06 02:47:47'),
(2108, 7, 'users', 'login', '', '2009-03-06 02:48:02'),
(2109, 7, 'users', 'login', '', '2009-03-06 02:48:12'),
(2110, 7, 'projects', 'index', '', '2009-03-06 02:48:12'),
(2111, 1, 'tickets', 'open_by_project', '1', '2009-03-06 02:49:18'),
(2112, 7, 'users', 'login', '', '2009-03-06 02:49:19'),
(2113, 7, 'users', 'login', '', '2009-03-06 02:49:29'),
(2114, 7, 'projects', 'index', '', '2009-03-06 02:49:29'),
(2115, 7, 'tickets', 'open_by_project', '1', '2009-03-06 02:49:33'),
(2116, 1, 'tickets', 'open_by_project', '1', '2009-03-06 02:49:50'),
(2117, 7, 'tickets', 'open_by_project', '1', '2009-03-06 02:49:58'),
(2118, 7, 'tickets', 'open_by_project', '1', '2009-03-06 02:50:01'),
(2119, 7, 'elements', 'index', '', '2009-03-06 02:50:22'),
(2120, 7, 'groups', 'index', '', '2009-03-06 02:50:25'),
(2121, 7, 'milestones', 'index', '', '2009-03-06 02:50:28'),
(2122, 7, 'priorities', 'index', '', '2009-03-06 02:50:30'),
(2123, 7, 'projects', 'index', '', '2009-03-06 02:50:33'),
(2124, 7, 'severities', 'index', '', '2009-03-06 02:50:35'),
(2125, 7, 'versions', 'index', '', '2009-03-06 02:50:37'),
(2126, 7, 'users', 'index', '', '2009-03-06 02:50:39'),
(2127, 7, 'types', 'index', '', '2009-03-06 02:50:41'),
(2128, 7, 'timeclocks', 'index', '', '2009-03-06 02:50:42'),
(2129, 7, 'types', 'index', '', '2009-03-06 02:50:45'),
(2130, 7, 'types', 'index', '', '2009-03-06 02:50:51'),
(2131, 7, 'users', 'index', '', '2009-03-06 02:50:52'),
(2132, 7, 'versions', 'index', '', '2009-03-06 02:50:55'),
(2133, 7, 'priorities', 'index', '', '2009-03-06 02:50:58'),
(2134, 7, 'projects', 'index', '', '2009-03-06 02:51:00'),
(2135, 7, 'severities', 'index', '', '2009-03-06 02:51:02'),
(2136, 1, 'tickets', 'open_by_project', '1', '2009-03-06 02:51:05'),
(2137, 7, 'groups', 'index', '', '2009-03-06 02:51:06'),
(2138, 7, 'tickets', 'open_by_project', '1', '2009-03-06 02:51:16'),
(2139, 1, 'tickets', 'open_by_project', '9', '2009-03-06 02:51:39'),
(2140, 7, 'tickets', 'open_by_project', '9', '2009-03-06 02:51:41'),
(2141, 1, 'tickets', 'view', '170', '2009-03-06 02:52:23'),
(2142, 7, 'tickets', 'view', '170', '2009-03-06 02:52:24'),
(2143, 1, 'ticket_changes', 'add', '170', '2009-03-06 02:53:29'),
(2144, 7, 'ticket_changes', 'add', '170', '2009-03-06 02:53:38'),
(2145, 1, 'tickets', 'open_by_project', '9', '2009-03-06 02:55:40'),
(2146, 1, 'tickets', 'open_by_project', '2', '2009-03-06 02:56:35'),
(2147, 7, 'tickets', 'open_by_project', '2', '2009-03-06 02:56:52'),
(2148, 7, 'timeclocks', 'index', '', '2009-03-06 02:57:18'),
(2149, 1, 'timeclocks', 'add', '2', '2009-03-06 02:57:26'),
(2150, 7, 'timeclocks', 'add', '2', '2009-03-06 02:57:31'),
(2151, 1, 'timeclocks', 'index', '', '2009-03-06 02:57:43'),
(2152, 7, 'timeclocks', 'index', '', '2009-03-06 02:57:45'),
(2153, 1, 'timeclocks', 'index', '', '2009-03-06 02:58:59'),
(2154, 7, 'timeclocks', 'index', '', '2009-03-06 02:59:04'),
(2155, 1, 'milestones', 'index', '', '2009-03-06 04:44:39'),
(2156, 1, 'milestones', 'edit', '13', '2009-03-06 04:48:35'),
(2157, 1, 'milestones', 'edit', '13', '2009-03-06 04:48:42'),
(2158, 1, 'milestones', 'index', '', '2009-03-06 04:48:42'),
(2159, 1, 'milestones', 'edit', '5', '2009-03-06 04:48:51'),
(2160, 1, 'milestones', 'edit', '5', '2009-03-06 04:49:00'),
(2161, 1, 'milestones', 'index', '', '2009-03-06 04:49:00'),
(2162, 1, 'projects', 'index', '', '2009-03-06 04:50:11'),
(2163, 1, 'projects', 'add', '', '2009-03-06 04:50:17'),
(2164, 1, 'projects', 'add', '', '2009-03-06 04:51:02'),
(2165, 1, 'projects', 'index', '', '2009-03-06 04:51:02'),
(2166, 1, 'versions', 'index', '', '2009-03-06 04:53:01'),
(2167, 1, 'versions', 'add', '13', '2009-03-06 04:53:16'),
(2168, 1, 'versions', 'add', '', '2009-03-06 04:53:58'),
(2169, 1, 'versions', 'index', '', '2009-03-06 04:53:59'),
(2170, 1, 'milestones', 'add', '13', '2009-03-06 04:54:32'),
(2171, 1, 'milestones', 'add', '', '2009-03-06 04:56:56'),
(2172, 1, 'milestones', 'index', '', '2009-03-06 04:57:03'),
(2173, 7, 'timeclocks', 'index', '', '2009-03-06 05:33:00'),
(2174, 7, 'tickets', 'add', '13', '2009-03-06 05:33:12'),
(2175, 1, 'tickets', 'add', '13', '2009-03-06 05:33:14'),
(2176, 1, 'tickets', 'open_by_project', '13', '2009-03-06 05:36:13'),
(2177, 7, 'tickets', 'add', '', '2009-03-06 05:36:16'),
(2178, 1, 'tickets', 'open_by_project', '13', '2009-03-06 05:36:20'),
(2179, 7, 'tickets', 'add', '', '2009-03-06 05:36:30'),
(2180, 1, 'tickets', 'add', '13', '2009-03-06 05:36:38'),
(2181, 7, 'tickets', 'index', '', '2009-03-06 05:36:44'),
(2182, 7, 'tickets', 'add', '13', '2009-03-06 05:36:53'),
(2183, 6, 'users', 'login', '', '2009-03-06 05:37:09'),
(2184, 7, 'tickets', 'add', '', '2009-03-06 05:37:10'),
(2185, 1, 'tickets', 'add', '', '2009-03-06 05:44:06'),
(2186, 1, 'users', 'login', '', '2009-03-06 05:44:26'),
(2187, 1, 'tickets', 'add', '13', '2009-03-06 05:44:31'),
(2188, 7, 'users', 'login', '', '2009-03-06 05:50:23'),
(2189, 7, 'tickets', 'add', '13', '2009-03-06 05:50:31'),
(2190, 7, 'tickets', 'add', '', '2009-03-06 05:50:52'),
(2191, 7, 'users', 'login', '', '2009-03-06 05:50:58'),
(2192, 1, 'tickets', 'add', '', '2009-03-06 06:10:45'),
(2193, 6, 'projects', 'index', '', '2009-03-06 06:13:45'),
(2194, 6, 'tickets', 'open_by_project', '2', '2009-03-06 06:13:56'),
(2195, 6, 'tickets', 'add', '3', '2009-03-06 06:14:08'),
(2196, 6, 'tickets', 'open_by_project', '2', '2009-03-06 06:14:14'),
(2197, 6, 'tickets', 'add', '2', '2009-03-06 06:14:22'),
(2198, 6, 'tickets', 'add', '', '2009-03-06 06:14:36'),
(2199, 1, 'projects', 'index', '', '2009-03-06 06:14:52'),
(2200, 1, 'users', 'logout', '', '2009-03-06 06:14:55'),
(2201, 1, 'projects', 'index', '', '2009-03-06 06:15:03'),
(2202, 1, 'tickets', 'add', '12', '2009-03-06 06:16:09'),
(2203, 1, 'tickets', 'add', '12', '2009-03-06 06:18:52'),
(2204, 1, 'tickets', 'add', '', '2009-03-06 06:19:00'),
(2205, 1, 'tickets', 'add', '', '2009-03-06 06:20:47'),
(2206, 1, 'tickets', 'add', '', '2009-03-06 06:23:29'),
(2207, 6, 'tickets', 'index', '', '2009-03-06 06:29:04'),
(2208, 6, 'tickets', 'index', '', '2009-03-06 06:29:25'),
(2209, 6, 'tickets', 'open_by_project', '2', '2009-03-06 06:29:32'),
(2210, 6, 'tickets', 'add', '2', '2009-03-06 06:29:41'),
(2211, 6, 'tickets', 'add', '', '2009-03-06 06:29:50'),
(2212, 1, 'tickets', 'add', '', '2009-03-06 06:54:16'),
(2213, 1, 'projects', 'index', '', '2009-03-06 07:03:36'),
(2214, 1, 'projects', 'index', '', '2009-03-06 07:03:48'),
(2215, 6, 'users', 'login', '', '2009-03-06 07:04:04'),
(2216, 6, 'projects', 'index', '', '2009-03-06 07:04:08'),
(2217, 6, 'projects', 'index', '', '2009-03-06 07:09:10'),
(2218, 6, 'severities', 'index', '', '2009-03-06 07:09:11'),
(2219, 6, 'users', 'index', '', '2009-03-06 07:09:22'),
(2220, 6, 'tickets', 'index', '', '2009-03-06 07:09:23'),
(2221, 1, 'projects', 'index', '', '2009-03-06 07:10:14'),
(2222, 1, 'tickets', 'add', '', '2009-03-06 09:03:49'),
(2223, 1, 'tickets', 'add', '', '2009-03-06 09:04:31'),
(2224, 1, 'tickets', 'view', '212', '2009-03-06 09:05:16'),
(2225, 1, 'ticket_changes', 'add', '212', '2009-03-06 09:05:31'),
(2226, 1, 'ticket_changes', 'add', '172', '2009-03-06 09:05:48'),
(2227, 1, 'tickets', 'view', '212', '2009-03-06 09:05:48'),
(2228, 1, 'tickets', 'open_by_project', '12', '2009-03-06 09:05:57'),
(2229, 1, 'tickets', 'open_by_project', '1', '2009-03-06 15:58:56'),
(2230, 1, 'projects', 'index', '', '2009-03-06 17:28:22'),
(2231, 1, 'projects', 'index', '', '2009-03-06 17:29:09'),
(2232, 1, 'tickets', 'open_by_project', '1', '2009-03-06 17:37:05'),
(2233, 1, 'tickets', 'open_by_project', '2', '2009-03-06 18:03:00'),
(2234, 1, 'projects', 'index', '', '2009-03-06 21:12:45'),
(2235, 6, 'projects', 'index', '', '2009-03-06 23:37:45'),
(2236, 6, 'versions', 'index', '', '2009-03-06 23:38:02'),
(2237, 6, 'tickets', 'open_by_project', '2', '2009-03-06 23:38:08'),
(2238, 6, 'groups', 'index', '', '2009-03-06 23:38:31'),
(2239, 6, 'timeclocks', 'add', '2', '2009-03-06 23:38:37'),
(2240, 6, 'milestones', 'add', '4', '2009-03-06 23:38:41'),
(2241, 6, 'severities', 'index', '', '2009-03-06 23:39:35'),
(2242, 6, 'elements', 'add', '1', '2009-03-06 23:39:45'),
(2243, 6, 'elements', 'index', '', '2009-03-06 23:39:48'),
(2244, 6, 'groups', 'index', '', '2009-03-06 23:39:53'),
(2245, 6, 'versions', 'index', '', '2009-03-06 23:40:29'),
(2246, 6, 'users', 'index', '', '2009-03-06 23:40:50'),
(2247, 6, 'tickets', 'add', '3', '2009-03-06 23:41:07'),
(2248, 6, 'tickets', 'open_by_project', '2', '2009-03-06 23:41:17'),
(2249, 6, 'statuses', 'index', '', '2009-03-07 02:56:39'),
(2250, 6, 'severities', 'index', '', '2009-03-07 02:56:54'),
(2251, 6, 'versions', 'index', '', '2009-03-07 02:56:59'),
(2252, 6, 'projects', 'view', '2', '2009-03-07 02:57:20'),
(2253, 6, 'projects', 'add', '', '2009-03-07 02:57:35'),
(2254, 6, 'projects', 'index', '', '2009-03-07 02:58:39'),
(2255, 6, 'users', 'view', '2', '2009-03-07 02:58:52'),
(2256, 6, 'users', 'login', '', '2009-03-07 03:02:01'),
(2257, 6, 'users', 'index', '', '2009-03-07 03:02:31'),
(2258, 6, 'users', 'view', '7', '2009-03-07 03:02:40'),
(2259, 6, 'tickets', 'open_by_project', '2', '2009-03-07 03:02:53'),
(2260, 6, 'tickets', 'add', '4', '2009-03-07 03:04:33'),
(2261, 6, 'tickets', 'add', '2', '2009-03-07 03:04:36'),
(2262, 1, 'projects', 'index', '', '2009-03-07 03:05:02'),
(2263, 1, 'tickets', 'open_by_project', '9', '2009-03-07 03:05:29'),
(2264, 6, 'tickets', 'add', '', '2009-03-07 03:07:51'),
(2265, 6, 'tickets', 'view', '213', '2009-03-07 03:07:52'),
(2266, 6, 'ticket_changes', 'add', '213', '2009-03-07 03:08:16'),
(2267, 6, 'ticket_changes', 'add', '174', '2009-03-07 03:08:39'),
(2268, 6, 'tickets', 'view', '213', '2009-03-07 03:08:41'),
(2269, 6, 'tickets', 'open_by_project', '2', '2009-03-07 03:08:58'),
(2270, 6, 'users', 'index', '', '2009-03-07 03:09:28'),
(2271, 6, 'groups', 'view', '2', '2009-03-07 03:09:32'),
(2272, 6, 'users', 'index', '', '2009-03-07 03:10:00'),
(2273, 6, 'tickets', 'add', '2', '2009-03-07 03:13:11'),
(2274, 6, 'tickets', 'add', '', '2009-03-07 03:14:35'),
(2275, 6, 'tickets', 'view', '214', '2009-03-07 03:14:35'),
(2276, 7, 'projects', 'index', '', '2009-03-07 03:20:05'),
(2277, 7, 'tickets', 'add', '13', '2009-03-07 03:20:15'),
(2278, 1, 'users', 'index', '', '2009-03-07 03:20:30'),
(2279, 1, 'users', 'edit', '7', '2009-03-07 03:20:35'),
(2280, 1, 'tickets', 'open_by_project', '13', '2009-03-07 03:20:50'),
(2281, 1, 'tickets', 'open_by_project', '13', '2009-03-07 03:21:18'),
(2282, 7, 'tickets', 'add', '', '2009-03-07 03:22:13'),
(2283, 7, 'tickets', 'view', '215', '2009-03-07 03:22:13'),
(2284, 7, 'ticket_changes', 'add', '215', '2009-03-07 03:22:32'),
(2285, 7, 'ticket_changes', 'add', '177', '2009-03-07 03:22:52'),
(2286, 7, 'tickets', 'view', '215', '2009-03-07 03:22:53'),
(2287, 7, 'users', 'view', '7', '2009-03-07 03:23:05'),
(2288, 7, 'users', 'index', '', '2009-03-07 03:23:10'),
(2289, 1, 'tickets', 'open_by_project', '13', '2009-03-07 03:25:33'),
(2290, 1, 'tickets', 'view', '215', '2009-03-07 03:25:38'),
(2291, 7, 'tickets', 'add', '13', '2009-03-07 03:27:19'),
(2292, 1, 'tickets', 'open_by_project', '13', '2009-03-07 03:27:41'),
(2293, 6, 'timeclocks', 'add', '2', '2009-03-07 03:28:24'),
(2294, 6, 'timeclocks', 'add', '', '2009-03-07 03:28:46'),
(2295, 6, 'projects', 'index', '', '2009-03-07 03:28:47'),
(2296, 6, 'tickets', 'open_by_project', '2', '2009-03-07 03:30:47'),
(2297, 6, 'ticket_changes', 'add', '214', '2009-03-07 03:30:58'),
(2298, 6, 'ticket_changes', 'add', '176', '2009-03-07 03:31:22'),
(2299, 6, 'tickets', 'view', '214', '2009-03-07 03:31:23'),
(2300, 6, 'timeclocks', 'out', '', '2009-03-07 03:31:36'),
(2301, 6, 'projects', 'index', '', '2009-03-07 03:31:36'),
(2302, 6, 'tickets', 'open_by_project', '2', '2009-03-07 03:31:50'),
(2303, 1, 'tickets', 'open_by_project', '13', '2009-03-07 04:08:28'),
(2304, 1, 'milestones', 'index', '', '2009-03-07 04:09:05'),
(2305, 6, 'tickets', 'open_by_project', '2', '2009-03-07 07:14:40'),
(2306, 6, 'milestones', 'index', '', '2009-03-07 07:15:28'),
(2307, 6, 'severities', 'index', '', '2009-03-07 07:15:36'),
(2308, 6, 'timeclocks', 'index', '', '2009-03-07 07:15:53'),
(2309, 6, 'timeclocks', 'index', '', '2009-03-07 07:15:58'),
(2310, 6, 'elements', 'index', '', '2009-03-07 07:17:31'),
(2311, 6, 'tickets', 'add', '2', '2009-03-07 07:17:47'),
(2312, 6, 'tickets', 'add', '3', '2009-03-07 07:17:56'),
(2313, 7, 'users', 'login', '', '2009-03-07 07:31:14'),
(2314, 7, 'projects', 'index', '', '2009-03-07 07:31:15'),
(2315, 6, 'users', 'logout', '', '2009-03-07 08:34:49'),
(2316, 6, 'tickets', 'add', '3', '2009-03-07 08:48:21'),
(2317, 6, 'tickets', 'open_by_project', '2', '2009-03-07 08:48:42'),
(2318, 1, 'tickets', 'open_by_project', '1', '2009-03-07 16:51:03'),
(2319, 1, 'tickets', 'add', '1', '2009-03-07 16:52:12'),
(2320, 1, 'tickets', 'add', '', '2009-03-07 16:53:01'),
(2321, 1, 'tickets', 'view', '216', '2009-03-07 16:53:02'),
(2322, 1, 'tickets', 'add', '1', '2009-03-07 17:00:14'),
(2323, 1, 'tickets', 'add', '', '2009-03-07 17:00:56'),
(2324, 1, 'tickets', 'view', '217', '2009-03-07 17:00:57'),
(2325, 1, 'tickets', 'open_by_project', '1', '2009-03-07 17:01:04'),
(2326, 1, 'timeclocks', 'add', '1', '2009-03-07 17:13:17'),
(2327, 1, 'timeclocks', 'add', '', '2009-03-07 17:13:25'),
(2328, 1, 'projects', 'index', '', '2009-03-07 17:13:25'),
(2329, 1, 'tickets', 'open_by_project', '1', '2009-03-07 17:49:43'),
(2330, 1, 'ticket_changes', 'add', '12', '2009-03-07 17:50:03'),
(2331, 1, 'ticket_changes', 'add', '31', '2009-03-07 17:50:09'),
(2332, 1, 'tickets', 'view', '12', '2009-03-07 17:50:09'),
(2333, 1, 'tickets', 'open_by_project', '1', '2009-03-07 17:50:11'),
(2334, 1, 'ticket_changes', 'add', '18', '2009-03-07 17:50:24'),
(2335, 1, 'ticket_changes', 'add', '37', '2009-03-07 17:50:31'),
(2336, 1, 'tickets', 'view', '18', '2009-03-07 17:50:31'),
(2337, 1, 'tickets', 'open_by_project', '1', '2009-03-07 17:50:33'),
(2338, 1, 'tickets', 'open_by_project', '1', '2009-03-07 17:50:56'),
(2339, 1, 'ticket_changes', 'add', '217', '2009-03-07 17:51:09'),
(2340, 1, 'ticket_changes', 'add', '181', '2009-03-07 17:51:14'),
(2341, 1, 'tickets', 'view', '217', '2009-03-07 17:51:15'),
(2342, 1, 'tickets', 'open_by_project', '1', '2009-03-07 17:51:17'),
(2343, 1, 'ticket_changes', 'add', '6', '2009-03-07 17:51:39'),
(2344, 1, 'tickets', 'open_by_project', '1', '2009-03-07 17:51:53'),
(2345, 1, 'tickets', 'view', '8', '2009-03-07 17:57:39'),
(2346, 1, 'timeclocks', 'index', '', '2009-03-07 17:57:59'),
(2347, 1, 'timeclocks', 'index', '', '2009-03-07 17:58:03'),
(2348, 1, 'timeclocks', 'index', '', '2009-03-07 17:58:14'),
(2349, 1, 'timeclocks', 'index', '', '2009-03-07 17:58:19'),
(2350, 1, 'timeclocks', 'index', '', '2009-03-07 17:58:26'),
(2351, 1, 'tickets', 'open_by_project', '1', '2009-03-07 17:58:44'),
(2352, 1, 'tickets', 'open_by_project', '1', '2009-03-07 17:58:48'),
(2353, 1, 'elements', 'index', '', '2009-03-07 18:03:27'),
(2354, 1, 'tickets', 'open_by_project', '1', '2009-03-07 18:03:31'),
(2355, 1, 'tickets', 'view', '8', '2009-03-07 18:03:34'),
(2356, 1, 'ticket_changes', 'add', '8', '2009-03-07 18:24:23'),
(2357, 1, 'ticket_changes', 'add', '105', '2009-03-07 18:24:29'),
(2358, 1, 'tickets', 'view', '8', '2009-03-07 18:24:32'),
(2359, 1, 'tickets', 'open_by_project', '1', '2009-03-07 18:24:36'),
(2360, 1, 'tickets', 'open_by_project', '1', '2009-03-07 18:25:08'),
(2361, 1, 'tickets', 'add', '1', '2009-03-07 18:25:15'),
(2362, 1, 'tickets', 'add', '', '2009-03-07 18:25:55'),
(2363, 1, 'tickets', 'view', '218', '2009-03-07 18:25:55'),
(2364, 1, 'tickets', 'open_by_project', '1', '2009-03-07 18:25:57'),
(2365, 1, 'ticket_changes', 'add', '6', '2009-03-07 18:26:27'),
(2366, 1, 'tickets', 'open_by_project', '1', '2009-03-07 18:26:31'),
(2367, 1, 'ticket_changes', 'add', '6', '2009-03-07 18:26:44'),
(2368, 1, 'ticket_changes', 'add', '23', '2009-03-07 18:26:50'),
(2369, 1, 'tickets', 'view', '6', '2009-03-07 18:26:50'),
(2370, 1, 'tickets', 'open_by_project', '1', '2009-03-07 18:26:53'),
(2371, 1, 'ticket_changes', 'add', '25', '2009-03-07 18:27:09'),
(2372, 1, 'ticket_changes', 'add', '40', '2009-03-07 18:27:13'),
(2373, 1, 'tickets', 'view', '25', '2009-03-07 18:27:14'),
(2374, 1, 'ticket_changes', 'add', '31', '2009-03-07 18:27:21'),
(2375, 1, 'ticket_changes', 'add', '46', '2009-03-07 18:27:26'),
(2376, 1, 'tickets', 'view', '31', '2009-03-07 18:27:26'),
(2377, 1, 'ticket_changes', 'add', '165', '2009-03-07 18:27:37'),
(2378, 1, 'ticket_changes', 'add', '108', '2009-03-07 18:27:43'),
(2379, 1, 'tickets', 'view', '165', '2009-03-07 18:27:44'),
(2380, 1, 'tickets', 'open_by_project', '1', '2009-03-07 18:27:48'),
(2381, 1, 'tickets', 'open_by_project', '1', '2009-03-07 18:27:55'),
(2382, 1, 'ticket_changes', 'add', '216', '2009-03-07 18:28:08'),
(2383, 1, 'ticket_changes', 'add', '180', '2009-03-07 18:28:13'),
(2384, 1, 'tickets', 'view', '216', '2009-03-07 18:28:14'),
(2385, 1, 'tickets', 'open_by_project', '1', '2009-03-07 18:28:20'),
(2386, 1, 'tickets', 'add', '1', '2009-03-07 18:28:26'),
(2387, 1, 'tickets', 'add', '', '2009-03-07 18:29:10'),
(2388, 1, 'tickets', 'view', '219', '2009-03-07 18:29:11'),
(2389, 1, 'tickets', 'add', '13', '2009-03-07 18:29:27'),
(2390, 1, 'tickets', 'add', '', '2009-03-07 18:29:50'),
(2391, 1, 'tickets', 'view', '220', '2009-03-07 18:29:51'),
(2392, 1, 'timeclocks', 'add', '13', '2009-03-07 18:30:13'),
(2393, 1, 'timeclocks', 'add', '', '2009-03-07 18:30:18'),
(2394, 1, 'projects', 'index', '', '2009-03-07 18:30:19'),
(2395, 1, 'tickets', 'open_by_project', '13', '2009-03-07 18:30:47'),
(2396, 1, 'tickets', 'view', '220', '2009-03-07 18:30:50'),
(2397, 1, 'ticket_comments', 'add', '220', '2009-03-07 18:30:54'),
(2398, 1, 'ticket_comments', 'add', '', '2009-03-07 18:31:19'),
(2399, 1, 'tickets', 'view', '220', '2009-03-07 18:31:19'),
(2400, 1, 'tickets', 'add', '13', '2009-03-07 18:31:27'),
(2401, 1, 'tickets', 'add', '', '2009-03-07 18:31:56'),
(2402, 1, 'tickets', 'view', '221', '2009-03-07 18:31:57'),
(2403, 1, 'tickets', 'add', '13', '2009-03-07 18:32:05'),
(2404, 1, 'tickets', 'add', '', '2009-03-07 18:32:46'),
(2405, 1, 'tickets', 'view', '222', '2009-03-07 18:32:46'),
(2406, 1, 'tickets', 'add', '13', '2009-03-07 18:32:51'),
(2407, 1, 'tickets', 'add', '', '2009-03-07 18:33:32'),
(2408, 1, 'tickets', 'view', '223', '2009-03-07 18:33:32'),
(2409, 1, 'tickets', 'add', '13', '2009-03-07 18:33:37'),
(2410, 1, 'tickets', 'add', '', '2009-03-07 18:34:09'),
(2411, 1, 'tickets', 'view', '224', '2009-03-07 18:34:10'),
(2412, 1, 'tickets', 'add', '13', '2009-03-07 18:34:15'),
(2413, 1, 'tickets', 'add', '', '2009-03-07 18:34:26'),
(2414, 1, 'tickets', 'view', '225', '2009-03-07 18:34:26'),
(2415, 1, 'tickets', 'add', '13', '2009-03-07 18:34:36'),
(2416, 1, 'tickets', 'add', '', '2009-03-07 18:34:52'),
(2417, 1, 'tickets', 'view', '226', '2009-03-07 18:34:52'),
(2418, 1, 'tickets', 'add', '13', '2009-03-07 18:34:57'),
(2419, 1, 'tickets', 'add', '', '2009-03-07 18:35:08'),
(2420, 1, 'tickets', 'view', '227', '2009-03-07 18:35:08'),
(2421, 1, 'tickets', 'add', '13', '2009-03-07 18:35:15'),
(2422, 1, 'tickets', 'add', '', '2009-03-07 18:35:31'),
(2423, 1, 'tickets', 'view', '228', '2009-03-07 18:35:32'),
(2424, 1, 'tickets', 'add', '13', '2009-03-07 18:35:36'),
(2425, 1, 'tickets', 'add', '', '2009-03-07 18:35:46'),
(2426, 1, 'tickets', 'view', '229', '2009-03-07 18:35:47'),
(2427, 1, 'tickets', 'add', '13', '2009-03-07 18:35:52'),
(2428, 1, 'tickets', 'add', '', '2009-03-07 18:36:27'),
(2429, 1, 'tickets', 'view', '230', '2009-03-07 18:36:27'),
(2430, 1, 'tickets', 'add', '13', '2009-03-07 18:36:32'),
(2431, 1, 'tickets', 'add', '', '2009-03-07 18:36:41'),
(2432, 1, 'tickets', 'view', '231', '2009-03-07 18:36:42'),
(2433, 1, 'tickets', 'open_by_project', '13', '2009-03-07 18:36:45'),
(2434, 1, 'ticket_changes', 'add', '215', '2009-03-07 18:36:50'),
(2435, 1, 'ticket_changes', 'add', '178', '2009-03-07 18:36:59'),
(2436, 1, 'tickets', 'view', '215', '2009-03-07 18:37:00'),
(2437, 1, 'ticket_changes', 'add', '215', '2009-03-07 18:37:03'),
(2438, 1, 'ticket_changes', 'add', '205', '2009-03-07 18:37:07'),
(2439, 1, 'tickets', 'view', '215', '2009-03-07 18:37:07'),
(2440, 1, 'tickets', 'open_by_project', '13', '2009-03-07 18:37:09'),
(2441, 1, 'tickets', 'view', '228', '2009-03-07 18:37:14'),
(2442, 1, 'ticket_comments', 'add', '228', '2009-03-07 18:37:16'),
(2443, 1, 'ticket_comments', 'add', '', '2009-03-07 18:37:22'),
(2444, 1, 'tickets', 'view', '228', '2009-03-07 18:37:22'),
(2445, 1, 'tickets', 'add', '13', '2009-03-07 18:37:31'),
(2446, 1, 'tickets', 'add', '', '2009-03-07 18:37:39'),
(2447, 1, 'tickets', 'view', '232', '2009-03-07 18:37:40'),
(2448, 1, 'tickets', 'add', '13', '2009-03-07 18:37:43'),
(2449, 1, 'tickets', 'add', '', '2009-03-07 18:37:53'),
(2450, 1, 'tickets', 'view', '233', '2009-03-07 18:37:53'),
(2451, 1, 'tickets', 'add', '13', '2009-03-07 18:37:58'),
(2452, 1, 'tickets', 'add', '', '2009-03-07 18:38:27'),
(2453, 1, 'tickets', 'view', '234', '2009-03-07 18:38:28'),
(2454, 1, 'tickets', 'open_by_project', '13', '2009-03-07 18:38:31'),
(2455, 1, 'timeclocks', 'out', '', '2009-03-07 18:38:47'),
(2456, 1, 'projects', 'index', '', '2009-03-07 18:38:48'),
(2457, 1, 'priorities', 'index', '', '2009-03-07 18:38:56'),
(2458, 1, 'projects', 'index', '', '2009-03-07 18:38:57'),
(2459, 1, 'projects', 'edit', '6', '2009-03-07 18:39:18'),
(2460, 1, 'projects', 'edit', '6', '2009-03-07 18:39:20'),
(2461, 1, 'projects', 'index', '', '2009-03-07 18:39:24'),
(2462, 1, 'tickets', 'open_by_project', '4', '2009-03-07 18:39:33'),
(2463, 1, 'projects', 'edit', '4', '2009-03-07 18:39:39'),
(2464, 1, 'projects', 'edit', '4', '2009-03-07 18:39:49'),
(2465, 1, 'projects', 'index', '', '2009-03-07 18:39:50'),
(2466, 1, 'projects', 'edit', '12', '2009-03-07 18:40:05'),
(2467, 1, 'projects', 'edit', '12', '2009-03-07 18:40:08'),
(2468, 1, 'projects', 'index', '', '2009-03-07 18:40:08'),
(2469, 1, 'users', 'logout', '', '2009-03-07 18:41:07'),
(2470, 1, 'projects', 'index', '', '2009-03-07 23:24:11'),
(2471, 1, 'tickets', 'open_by_project', '2', '2009-03-07 23:24:17'),
(2472, 1, 'tickets', 'view', '52', '2009-03-07 23:27:33'),
(2473, 6, 'tickets', 'view', '52', '2009-03-07 23:28:02'),
(2474, 6, 'tickets', 'view', '52', '2009-03-07 23:28:14'),
(2475, 1, 'tickets', 'open_by_project', '1', '2009-03-07 23:45:55'),
(2476, 1, 'tickets', 'open_by_project', '2', '2009-03-07 23:45:55'),
(2477, 1, 'tickets', 'add', '2', '2009-03-07 23:58:10'),
(2478, 1, 'timeclocks', 'add', '2', '2009-03-07 23:58:11'),
(2479, 1, 'timeclocks', 'add', '', '2009-03-07 23:58:29'),
(2480, 1, 'projects', 'index', '', '2009-03-07 23:58:29'),
(2481, 1, 'tickets', 'open_by_project', '1', '2009-03-08 00:30:25'),
(2482, 1, 'tickets', 'open_by_project', '1', '2009-03-08 00:30:26'),
(2483, 1, 'tickets', 'open_by_project', '1', '2009-03-08 00:31:43'),
(2484, 1, 'tickets', 'open_by_project', '1', '2009-03-08 00:33:12'),
(2485, 1, 'tickets', 'admin', 'users', '2009-03-08 00:34:01'),
(2486, 1, 'users', 'admin_index', '', '2009-03-08 00:34:07'),
(2487, 1, 'configurations', 'admin_index', '', '2009-03-08 00:36:00'),
(2488, 1, 'configurations', 'admin_add', '', '2009-03-08 00:36:04'),
(2489, 1, 'configurations', 'admin_add', '', '2009-03-08 00:36:22'),
(2490, 1, 'configurations', 'admin_index', '', '2009-03-08 00:36:23'),
(2491, 1, 'tickets', 'open_by_project', '1', '2009-03-08 00:36:30'),
(2492, 1, 'tickets', 'open_by_project', '1', '2009-03-08 00:37:07'),
(2493, 1, 'configurations', 'admin_edit', '1', '2009-03-08 00:37:17'),
(2494, 1, 'configurations', 'admin_edit', '1', '2009-03-08 00:37:28'),
(2495, 1, 'configurations', 'admin_index', '', '2009-03-08 00:37:29'),
(2496, 1, 'tickets', 'open_by_project', '1', '2009-03-08 00:37:33'),
(2497, 1, 'tickets', 'open_by_project', '1', '2009-03-08 00:37:48'),
(2498, 1, 'configurations', 'admin_edit', '1', '2009-03-08 00:38:52'),
(2499, 1, 'configurations', 'admin_edit', '1', '2009-03-08 00:38:57'),
(2500, 1, 'configurations', 'admin_index', '', '2009-03-08 00:38:58'),
(2501, 1, 'tickets', 'open_by_project', '2', '2009-03-08 00:41:01'),
(2502, 1, 'tickets', 'view', '81', '2009-03-08 00:45:13'),
(2503, 1, 'ticket_changes', 'add', '81', '2009-03-08 00:45:16'),
(2504, 1, 'ticket_changes', 'add', '12', '2009-03-08 00:45:22'),
(2505, 1, 'tickets', 'view', '81', '2009-03-08 00:45:23'),
(2506, 1, 'tickets', 'open_by_project', '2', '2009-03-08 00:45:28'),
(2507, 1, 'tickets', 'view', '185', '2009-03-08 00:48:21'),
(2508, 1, 'ticket_changes', 'add', '185', '2009-03-08 00:49:09'),
(2509, 1, 'ticket_changes', 'add', '128', '2009-03-08 00:49:14'),
(2510, 1, 'tickets', 'view', '185', '2009-03-08 00:49:15'),
(2511, 1, 'tickets', 'open_by_project', '2', '2009-03-08 00:49:18'),
(2512, 1, 'tickets', 'view', '213', '2009-03-08 00:49:44'),
(2513, 1, 'tickets', 'open_by_project', '2', '2009-03-08 00:50:12'),
(2514, 1, 'tickets', 'view', '214', '2009-03-08 00:50:14');
INSERT INTO `action_logs` (`id`, `user_id`, `controller`, `action`, `params`, `created`) VALUES (2515, 6, 'tickets', 'view', '213', '2009-03-08 00:53:00'),
(2516, 1, 'ticket_changes', 'add', '214', '2009-03-08 01:12:25'),
(2517, 1, 'ticket_changes', 'add', '179', '2009-03-08 01:12:31'),
(2518, 1, 'tickets', 'view', '214', '2009-03-08 01:12:31'),
(2519, 1, 'tickets', 'open_by_project', '2', '2009-03-08 01:12:33'),
(2520, 1, 'ticket_changes', 'add', '213', '2009-03-08 01:12:37'),
(2521, 1, 'ticket_changes', 'add', '175', '2009-03-08 01:12:41'),
(2522, 1, 'tickets', 'view', '213', '2009-03-08 01:12:42'),
(2523, 1, 'tickets', 'open_by_project', '2', '2009-03-08 01:13:07'),
(2524, 1, 'milestones', 'add', '2', '2009-03-08 01:14:05'),
(2525, 1, 'milestones', 'index', '', '2009-03-08 01:14:10'),
(2526, 1, 'milestones', 'edit', '10', '2009-03-08 01:14:20'),
(2527, 1, 'milestones', 'edit', '10', '2009-03-08 01:14:30'),
(2528, 1, 'milestones', 'index', '', '2009-03-08 01:14:30'),
(2529, 1, 'milestones', 'add', '2', '2009-03-08 01:14:44'),
(2530, 1, 'milestones', 'add', '', '2009-03-08 01:14:59'),
(2531, 1, 'milestones', 'index', '', '2009-03-08 01:14:59'),
(2532, 1, 'tickets', 'open_by_project', '2', '2009-03-08 01:15:05'),
(2533, 1, 'ticket_changes', 'add', '54', '2009-03-08 01:15:12'),
(2534, 1, 'ticket_changes', 'add', '7', '2009-03-08 01:15:17'),
(2535, 1, 'tickets', 'view', '54', '2009-03-08 01:15:18'),
(2536, 1, 'ticket_changes', 'add', '62', '2009-03-08 01:15:29'),
(2537, 1, 'ticket_changes', 'add', '6', '2009-03-08 01:15:33'),
(2538, 1, 'tickets', 'view', '62', '2009-03-08 01:15:33'),
(2539, 1, 'ticket_changes', 'add', '99', '2009-03-08 01:15:44'),
(2540, 1, 'ticket_changes', 'add', '15', '2009-03-08 01:15:48'),
(2541, 1, 'tickets', 'view', '99', '2009-03-08 01:15:48'),
(2542, 1, 'ticket_changes', 'add', '100', '2009-03-08 01:15:53'),
(2543, 1, 'ticket_changes', 'add', '16', '2009-03-08 01:15:56'),
(2544, 1, 'tickets', 'view', '100', '2009-03-08 01:15:57'),
(2545, 1, 'ticket_changes', 'add', '101', '2009-03-08 01:16:02'),
(2546, 1, 'ticket_changes', 'add', '17', '2009-03-08 01:16:05'),
(2547, 1, 'tickets', 'view', '101', '2009-03-08 01:16:06'),
(2548, 1, 'tickets', 'view', '206', '2009-03-08 01:16:15'),
(2549, 1, 'tickets', 'add', '2', '2009-03-08 01:28:24'),
(2550, 1, 'tickets', 'add', '', '2009-03-08 01:28:48'),
(2551, 1, 'tickets', 'view', '235', '2009-03-08 01:28:48'),
(2552, 1, 'tickets', 'view', '235', '2009-03-08 01:40:23'),
(2553, 1, 'tickets', 'view', '235', '2009-03-08 01:50:17'),
(2554, 1, 'users', 'initDB', '', '2009-03-08 01:50:36'),
(2555, 1, 'users', 'initDB', '', '2009-03-08 01:50:58'),
(2556, 1, 'users', 'logout', '', '2009-03-08 01:51:30'),
(2557, 1, 'users', 'initDB', '', '2009-03-08 01:51:34'),
(2558, 1, 'priorities', 'index', '', '2009-03-08 01:51:48'),
(2559, 1, 'tickets', 'open_by_project', '1', '2009-03-08 01:51:52'),
(2560, 1, 'tickets', 'open_by_project', '1', '2009-03-08 01:54:06'),
(2561, 1, 'tickets', 'open_by_project', '2', '2009-03-08 01:58:49'),
(2562, 1, 'ticket_changes', 'add', '206', '2009-03-08 01:58:54'),
(2563, 1, 'ticket_changes', 'add', '163', '2009-03-08 01:59:03'),
(2564, 1, 'tickets', 'view', '206', '2009-03-08 01:59:04'),
(2565, 1, 'tickets', 'open_by_project', '2', '2009-03-08 01:59:06'),
(2566, 1, 'timeclocks', 'index', '', '2009-03-08 03:04:22'),
(2567, 1, 'timeclocks', 'index', '', '2009-03-08 03:04:24'),
(2568, 1, 'timeclocks', 'index', '', '2009-03-08 03:06:35'),
(2569, 6, 'users', 'login', '', '2009-03-08 03:06:36'),
(2570, 6, 'timeclocks', 'add', '2', '2009-03-08 03:06:50'),
(2571, 6, 'timeclocks', 'add', '', '2009-03-08 03:07:04'),
(2572, 6, 'projects', 'index', '', '2009-03-08 03:07:04'),
(2573, 1, 'projects', 'index', '', '2009-03-08 03:10:40'),
(2574, 1, 'users', 'index', '', '2009-03-08 03:24:58'),
(2575, 1, 'timeclocks', 'out', '', '2009-03-08 03:25:05'),
(2576, 1, 'projects', 'index', '', '2009-03-08 03:25:05'),
(2577, 1, 'users', 'logout', '', '2009-03-08 03:25:07'),
(2578, 7, 'projects', 'index', '', '2009-03-08 03:25:14'),
(2579, 7, 'projects', 'index', '', '2009-03-08 03:27:37'),
(2580, 7, 'projects', 'edit', '13', '2009-03-08 03:27:58'),
(2581, 7, 'projects', 'index', '', '2009-03-08 03:29:07'),
(2582, 7, 'users', 'view', '1', '2009-03-08 03:29:13'),
(2583, 7, 'projects', 'index', '', '2009-03-08 03:30:55'),
(2584, 7, 'projects', 'index', '', '2009-03-08 03:31:48'),
(2585, 7, 'projects', 'index', '', '2009-03-08 03:32:06'),
(2586, 7, 'projects', 'index', '', '2009-03-08 03:32:31'),
(2587, 7, 'projects', 'index', '', '2009-03-08 03:32:47'),
(2588, 7, 'users', 'view', '7', '2009-03-08 03:32:50'),
(2589, 6, 'users', 'login', '', '2009-03-08 03:34:39'),
(2590, 7, 'users', 'view', '7', '2009-03-08 03:35:24'),
(2591, 7, 'projects', 'index', '', '2009-03-08 03:35:28'),
(2592, 7, 'projects', 'add', '', '2009-03-08 03:35:32'),
(2593, 7, 'tickets', 'add', '13', '2009-03-08 03:36:00'),
(2594, 7, 'projects', 'index', '', '2009-03-08 03:36:07'),
(2595, 7, 'projects', 'add', '', '2009-03-08 03:36:09'),
(2596, 7, 'projects', 'add', '', '2009-03-08 03:38:20'),
(2597, 7, 'projects', 'add', '', '2009-03-08 03:38:30'),
(2598, 7, 'projects', 'add', '', '2009-03-08 03:40:14'),
(2599, 7, 'tickets', 'open_by_project', '13', '2009-03-08 03:40:18'),
(2600, 7, 'projects', 'index', '', '2009-03-08 03:40:21'),
(2601, 6, 'timeclocks', 'out', '', '2009-03-08 03:40:36'),
(2602, 6, 'projects', 'index', '', '2009-03-08 03:40:36'),
(2603, 6, 'users', 'logout', '', '2009-03-08 03:40:40'),
(2604, 7, 'tickets', 'open_by_project', '13', '2009-03-08 03:40:50'),
(2605, 7, 'projects', 'index', '', '2009-03-08 03:41:07'),
(2606, 7, 'tickets', 'open_by_project', '13', '2009-03-08 03:42:40'),
(2607, 7, 'tickets', 'open_by_project', '13', '2009-03-08 03:43:04'),
(2608, 7, 'projects', 'index', '', '2009-03-08 03:43:11'),
(2609, 7, 'tickets', 'add', '13', '2009-03-08 03:43:25'),
(2610, 7, 'projects', 'index', '', '2009-03-08 03:44:09'),
(2611, 7, 'projects', 'add', '', '2009-03-08 03:44:10'),
(2612, 7, 'users', 'logout', '', '2009-03-08 03:44:10'),
(2613, 6, 'projects', 'index', '', '2009-03-08 03:44:23'),
(2614, 7, 'projects', 'index', '', '2009-03-08 03:45:06'),
(2615, 7, 'tickets', 'add', '13', '2009-03-08 03:45:10'),
(2616, 7, 'projects', 'index', '', '2009-03-08 03:45:12'),
(2617, 7, 'users', 'logout', '', '2009-03-08 03:45:20'),
(2618, 1, 'projects', 'index', '', '2009-03-08 03:45:22'),
(2619, 1, 'tickets', 'open_by_project', '2', '2009-03-08 03:47:34'),
(2620, 1, 'tickets', 'open_by_project', '2', '2009-03-08 03:48:12'),
(2621, 1, 'elements', 'index', '', '2009-03-08 03:50:37'),
(2622, 1, 'tickets', 'open_by_project', '2', '2009-03-08 03:51:02'),
(2623, 1, 'ticket_changes', 'add', '235', '2009-03-08 03:51:05'),
(2624, 1, 'tickets', 'open_by_project', '2', '2009-03-08 03:52:02'),
(2625, 1, 'tickets', 'view', '235', '2009-03-08 03:53:07'),
(2626, 1, 'ticket_changes', 'add', '235', '2009-03-08 03:53:11'),
(2627, 1, 'ticket_changes', 'add', '219', '2009-03-08 03:54:00'),
(2628, 1, 'tickets', 'view', '235', '2009-03-08 03:54:01'),
(2629, 1, 'tickets', 'open_by_project', '2', '2009-03-08 03:54:04'),
(2630, 1, 'ticket_changes', 'add', '98', '2009-03-08 03:54:16'),
(2631, 1, 'ticket_changes', 'add', '14', '2009-03-08 03:54:20'),
(2632, 1, 'tickets', 'view', '98', '2009-03-08 03:54:20'),
(2633, 1, 'tickets', 'open_by_project', '2', '2009-03-08 03:54:23'),
(2634, 1, 'ticket_changes', 'add', '53', '2009-03-08 03:54:36'),
(2635, 1, 'ticket_changes', 'add', '5', '2009-03-08 03:54:40'),
(2636, 1, 'tickets', 'view', '53', '2009-03-08 03:54:41'),
(2637, 1, 'tickets', 'open_by_project', '2', '2009-03-08 03:54:43'),
(2638, 1, 'ticket_changes', 'add', '59', '2009-03-08 03:54:50'),
(2639, 1, 'ticket_changes', 'add', '8', '2009-03-08 03:54:55'),
(2640, 1, 'tickets', 'view', '59', '2009-03-08 03:54:55'),
(2641, 1, 'tickets', 'open_by_project', '2', '2009-03-08 03:54:58'),
(2642, 1, 'ticket_changes', 'add', '60', '2009-03-08 03:55:01'),
(2643, 1, 'ticket_changes', 'add', '9', '2009-03-08 03:55:05'),
(2644, 1, 'tickets', 'view', '60', '2009-03-08 03:55:06'),
(2645, 1, 'tickets', 'open_by_project', '2', '2009-03-08 03:55:08'),
(2646, 1, 'tickets', 'add', '2', '2009-03-08 03:55:17'),
(2647, 1, 'tickets', 'add', '', '2009-03-08 03:55:45'),
(2648, 1, 'tickets', 'view', '236', '2009-03-08 03:55:45'),
(2649, 1, 'tickets', 'open_by_project', '2', '2009-03-08 03:55:48'),
(2650, 1, 'tickets', 'open_by_project', '2', '2009-03-08 03:56:38'),
(2651, 1, 'tickets', 'open_by_project', '2', '2009-03-08 03:57:32'),
(2652, 6, 'tickets', 'open_by_project', '2', '2009-03-08 03:58:21'),
(2653, 1, 'users', 'logout', '', '2009-03-08 04:03:07'),
(2654, 1, 'projects', 'index', '', '2009-03-08 04:06:38'),
(2655, 1, 'tickets', 'open_by_project', '2', '2009-03-08 04:06:45'),
(2656, 1, 'ticket_changes', 'add', '236', '2009-03-08 04:08:18'),
(2657, 1, 'ticket_changes', 'add', '226', '2009-03-08 04:08:22'),
(2658, 1, 'tickets', 'view', '236', '2009-03-08 04:08:23'),
(2659, 1, 'tickets', 'open_by_project', '2', '2009-03-08 04:08:25'),
(2660, 1, 'ticket_changes', 'add', '86', '2009-03-08 04:08:33'),
(2661, 1, 'ticket_changes', 'add', '90', '2009-03-08 04:08:38'),
(2662, 1, 'tickets', 'view', '86', '2009-03-08 04:08:38'),
(2663, 1, 'tickets', 'open_by_project', '2', '2009-03-08 04:08:47'),
(2664, 1, 'ticket_changes', 'add', '52', '2009-03-08 04:08:51'),
(2665, 1, 'ticket_changes', 'add', '3', '2009-03-08 04:08:54'),
(2666, 1, 'tickets', 'view', '52', '2009-03-08 04:08:55'),
(2667, 1, 'tickets', 'open_by_project', '2', '2009-03-08 04:09:01'),
(2668, 1, 'users', 'admin_index', '', '2009-03-08 04:10:39'),
(2669, 1, 'projects', 'index', '', '2009-03-08 04:10:46'),
(2670, 1, 'users', 'logout', '', '2009-03-08 04:10:49'),
(2671, 6, 'tickets', 'open_by_project', '2', '2009-03-08 04:13:57'),
(2672, 1, 'projects', 'index', '', '2009-03-08 04:29:41'),
(2673, 1, 'tickets', 'open_by_project', '2', '2009-03-08 04:29:44'),
(2674, 6, 'timeclocks', 'add', '2', '2009-03-08 05:31:58'),
(2675, 6, 'timeclocks', 'add', '', '2009-03-08 05:32:12'),
(2676, 6, 'projects', 'index', '', '2009-03-08 05:32:13'),
(2677, 6, 'timeclocks', 'out', '', '2009-03-08 04:30:23'),
(2678, 6, 'projects', 'index', '', '2009-03-08 06:30:24'),
(2679, 1, 'projects', 'index', '', '2009-03-08 07:30:57'),
(2680, 6, 'timeclocks', 'add', '2', '2009-03-08 05:47:27'),
(2681, 6, 'timeclocks', 'add', '', '2009-03-08 07:47:35'),
(2682, 6, 'projects', 'index', '', '2009-03-08 07:47:36'),
(2683, 6, 'timeclocks', 'out', '', '2009-03-08 06:13:30'),
(2684, 6, 'projects', 'index', '', '2009-03-08 06:13:31'),
(2685, 6, 'timeclocks', 'add', '2', '2009-03-08 09:00:09'),
(2686, 6, 'timeclocks', 'add', '', '2009-03-08 07:23:05'),
(2687, 6, 'projects', 'index', '', '2009-03-08 07:23:05'),
(2688, 1, 'timeclocks', 'index', '', '2009-03-08 09:23:43'),
(2689, 1, 'timeclocks', 'index', '', '2009-03-08 09:23:47'),
(2690, 1, 'timeclocks', 'index', '', '2009-03-08 07:23:50'),
(2691, 1, 'timeclocks', 'edit', '61', '2009-03-08 07:24:58'),
(2692, 1, 'timeclocks', 'edit', '61', '2009-03-08 07:25:11'),
(2693, 1, 'projects', 'index', '', '2009-03-08 09:25:11'),
(2694, 1, 'timeclocks', 'edit', '62', '2009-03-08 07:25:24'),
(2695, 1, 'timeclocks', 'edit', '62', '2009-03-08 09:25:31'),
(2696, 1, 'projects', 'index', '', '2009-03-08 09:25:31'),
(2697, 1, 'timeclocks', 'index', '', '2009-03-08 09:25:39'),
(2698, 1, 'timeclocks', 'index', '', '2009-03-08 07:25:48'),
(2699, 1, 'timeclocks', 'add', '1', '2009-03-08 07:36:56'),
(2700, 1, 'timeclocks', 'add', '', '2009-03-08 09:37:11'),
(2701, 1, 'projects', 'index', '', '2009-03-08 07:37:11'),
(2702, 1, 'timeclocks', 'index', '', '2009-03-08 07:37:15'),
(2703, 1, 'timeclocks', 'index', '', '2009-03-08 07:37:18'),
(2704, 1, 'timeclocks', 'index', '', '2009-03-08 09:37:23'),
(2705, 1, 'tickets', 'add', '1', '2009-03-08 09:37:29'),
(2706, 1, 'tickets', 'open_by_project', '1', '2009-03-08 09:37:30'),
(2707, 1, 'tickets', 'open_by_project', '1', '2009-03-08 09:41:39'),
(2708, 1, 'tickets', 'view', '218', '2009-03-08 07:41:50'),
(2709, 6, 'timeclocks', 'out', '', '2009-03-08 08:06:05'),
(2710, 6, 'projects', 'index', '', '2009-03-08 08:06:06'),
(2711, 1, 'ticket_changes', 'add', '218', '2009-03-08 10:14:32'),
(2712, 1, 'ticket_changes', 'add', '186', '2009-03-08 10:14:37'),
(2713, 1, 'tickets', 'view', '218', '2009-03-08 10:14:37'),
(2714, 1, 'timeclocks', 'out', '', '2009-03-08 08:44:37'),
(2715, 1, 'projects', 'index', '', '2009-03-08 08:44:37'),
(2716, 1, 'timeclocks', 'index', '', '2009-03-08 08:44:50'),
(2717, 1, 'timeclocks', 'index', '', '2009-03-08 08:44:52'),
(2718, 1, 'timeclocks', 'edit', '64', '2009-03-08 10:47:03'),
(2719, 1, 'timeclocks', 'edit', '64', '2009-03-08 08:47:08'),
(2720, 1, 'projects', 'index', '', '2009-03-08 08:47:08'),
(2721, 7, 'projects', 'index', '', '2009-03-08 18:37:35'),
(2722, 7, 'tickets', 'open_by_project', '13', '2009-03-08 16:37:47'),
(2723, 1, 'projects', 'index', '', '2009-03-08 16:38:02'),
(2724, 7, 'tickets', 'view', '220', '2009-03-08 16:38:10'),
(2725, 1, 'users', 'logout', '', '2009-03-08 16:38:19'),
(2726, 7, 'tickets', 'open_by_project', '13', '2009-03-08 16:57:51'),
(2727, 7, 'tickets', 'view', '221', '2009-03-08 16:57:58'),
(2728, 7, 'tickets', 'open_by_project', '13', '2009-03-08 16:58:04'),
(2729, 7, 'tickets', 'view', '222', '2009-03-08 16:58:05'),
(2730, 7, 'tickets', 'open_by_project', '13', '2009-03-08 16:58:22'),
(2731, 7, 'tickets', 'view', '223', '2009-03-08 16:58:24'),
(2732, 7, 'tickets', 'open_by_project', '13', '2009-03-08 18:58:31'),
(2733, 7, 'tickets', 'view', '224', '2009-03-08 16:58:34'),
(2734, 7, 'projects', 'index', '', '2009-03-08 16:59:18'),
(2735, 7, 'tickets', 'open_by_project', '13', '2009-03-08 16:59:22'),
(2736, 7, 'tickets', 'view', '225', '2009-03-08 16:59:49'),
(2737, 7, 'ticket_changes', 'add', '225', '2009-03-08 19:13:23'),
(2738, 7, 'ticket_changes', 'add', '198', '2009-03-08 17:24:18'),
(2739, 7, 'tickets', 'view', '225', '2009-03-08 17:24:19'),
(2740, 7, 'tickets', 'open_by_project', '13', '2009-03-08 17:24:33'),
(2741, 1, 'projects', 'index', '', '2009-03-08 17:57:29'),
(2742, 1, 'tickets', 'open_by_project', '1', '2009-03-08 17:57:33'),
(2743, 1, 'tickets', 'open_by_project', '2', '2009-03-08 19:57:39'),
(2744, 7, 'tickets', 'view', '224', '2009-03-08 18:04:15'),
(2745, 7, 'tickets', 'open_by_project', '13', '2009-03-08 18:04:24'),
(2746, 7, 'tickets', 'view', '226', '2009-03-08 18:04:29'),
(2747, 7, 'tickets', 'open_by_project', '13', '2009-03-08 20:04:37'),
(2748, 7, 'tickets', 'view', '227', '2009-03-08 18:04:44'),
(2749, 7, 'ticket_changes', 'add', '227', '2009-03-08 20:04:50'),
(2750, 7, 'ticket_changes', 'add', '200', '2009-03-08 18:15:36'),
(2751, 7, 'tickets', 'view', '227', '2009-03-08 18:15:37'),
(2752, 7, 'tickets', 'open_by_project', '13', '2009-03-08 18:15:40'),
(2753, 7, 'tickets', 'view', '226', '2009-03-08 18:15:52'),
(2754, 7, 'tickets', 'open_by_project', '13', '2009-03-08 18:16:03'),
(2755, 7, 'tickets', 'view', '227', '2009-03-08 18:16:07'),
(2756, 7, 'tickets', 'open_by_project', '13', '2009-03-08 18:16:11'),
(2757, 7, 'tickets', 'view', '228', '2009-03-08 18:16:13'),
(2758, 7, 'tickets', 'open_by_project', '13', '2009-03-08 18:16:31'),
(2759, 7, 'tickets', 'view', '227', '2009-03-08 18:16:35'),
(2760, 7, 'tickets', 'open_by_project', '13', '2009-03-08 18:16:40'),
(2761, 7, 'tickets', 'view', '228', '2009-03-08 18:16:43'),
(2762, 7, 'tickets', 'open_by_project', '13', '2009-03-08 18:16:50'),
(2763, 7, 'tickets', 'view', '226', '2009-03-08 18:23:54'),
(2764, 7, 'ticket_changes', 'add', '226', '2009-03-08 18:24:00'),
(2765, 7, 'tickets', 'open_by_project', '13', '2009-03-08 18:26:41'),
(2766, 7, 'tickets', 'add', '13', '2009-03-08 18:26:49'),
(2767, 7, 'tickets', 'open_by_project', '13', '2009-03-08 18:26:53'),
(2768, 7, 'tickets', 'view', '229', '2009-03-08 18:26:57'),
(2769, 7, 'tickets', 'open_by_project', '13', '2009-03-08 18:27:03'),
(2770, 7, 'tickets', 'view', '230', '2009-03-08 18:27:05'),
(2771, 7, 'ticket_changes', 'add', '230', '2009-03-08 18:27:13'),
(2772, 7, 'tickets', 'open_by_project', '13', '2009-03-08 18:29:58'),
(2773, 7, 'tickets', 'view', '226', '2009-03-08 18:30:01'),
(2774, 7, 'ticket_changes', 'add', '226', '2009-03-08 18:30:03'),
(2775, 7, 'ticket_changes', 'add', '199', '2009-03-08 19:19:35'),
(2776, 7, 'tickets', 'view', '226', '2009-03-08 19:19:35'),
(2777, 7, 'ticket_changes', 'add', '226', '2009-03-08 21:19:49'),
(2778, 7, 'ticket_changes', 'add', '233', '2009-03-08 19:20:41'),
(2779, 7, 'tickets', 'view', '226', '2009-03-08 19:20:41'),
(2780, 7, 'tickets', 'open_by_project', '13', '2009-03-08 19:50:26'),
(2781, 7, 'tickets', 'view', '229', '2009-03-08 19:50:34'),
(2782, 7, 'tickets', 'open_by_project', '13', '2009-03-08 19:50:38'),
(2783, 7, 'tickets', 'view', '227', '2009-03-08 21:51:02'),
(2784, 7, 'ticket_changes', 'add', '227', '2009-03-08 21:51:09'),
(2785, 7, 'tickets', 'open_by_project', '13', '2009-03-08 19:52:22'),
(2786, 7, 'tickets', 'view', '229', '2009-03-08 19:52:24'),
(2787, 7, 'ticket_changes', 'add', '229', '2009-03-08 19:52:26'),
(2788, 7, 'ticket_changes', 'add', '202', '2009-03-08 19:54:43'),
(2789, 7, 'tickets', 'view', '229', '2009-03-08 19:54:43'),
(2790, 7, 'tickets', 'add', '13', '2009-03-08 19:56:41'),
(2791, 7, 'tickets', 'add', '', '2009-03-08 20:05:22'),
(2792, 7, 'tickets', 'view', '237', '2009-03-08 20:05:23'),
(2793, 7, 'tickets', 'add', '13', '2009-03-08 20:06:05'),
(2794, 7, 'tickets', 'add', '', '2009-03-08 20:12:11'),
(2795, 7, 'tickets', 'view', '238', '2009-03-08 20:12:11'),
(2796, 7, 'tickets', 'open_by_project', '13', '2009-03-08 20:13:23'),
(2797, 7, 'tickets', 'view', '230', '2009-03-08 20:13:38'),
(2798, 7, 'ticket_changes', 'add', '230', '2009-03-08 20:13:46'),
(2799, 7, 'ticket_changes', 'add', '203', '2009-03-08 20:15:33'),
(2800, 7, 'tickets', 'view', '230', '2009-03-08 20:15:34'),
(2801, 7, 'tickets', 'add', '13', '2009-03-08 20:15:56'),
(2802, 7, 'tickets', 'add', '', '2009-03-08 20:26:05'),
(2803, 7, 'tickets', 'view', '239', '2009-03-08 20:26:05'),
(2804, 7, 'tickets', 'open_by_project', '13', '2009-03-08 20:26:47'),
(2805, 7, 'tickets', 'view', '237', '2009-03-08 20:26:53'),
(2806, 7, 'tickets', 'open_by_project', '13', '2009-03-08 20:27:04'),
(2807, 7, 'tickets', 'view', '230', '2009-03-08 20:27:12'),
(2808, 7, 'tickets', 'open_by_project', '13', '2009-03-08 20:27:16'),
(2809, 7, 'tickets', 'view', '231', '2009-03-08 20:27:20'),
(2810, 7, 'tickets', 'open_by_project', '13', '2009-03-08 20:27:23'),
(2811, 7, 'tickets', 'view', '232', '2009-03-08 20:27:26'),
(2812, 7, 'tickets', 'open_by_project', '13', '2009-03-08 20:27:31'),
(2813, 7, 'tickets', 'view', '232', '2009-03-08 20:27:36'),
(2814, 7, 'ticket_changes', 'add', '232', '2009-03-08 20:27:40'),
(2815, 7, 'ticket_changes', 'add', '207', '2009-03-08 20:27:55'),
(2816, 7, 'tickets', 'view', '232', '2009-03-08 20:27:55'),
(2817, 7, 'tickets', 'open_by_project', '13', '2009-03-08 20:28:00'),
(2818, 7, 'tickets', 'view', '233', '2009-03-08 20:28:04'),
(2819, 7, 'tickets', 'open_by_project', '13', '2009-03-08 20:28:11'),
(2820, 7, 'tickets', 'view', '234', '2009-03-08 20:28:15'),
(2821, 7, 'ticket_changes', 'add', '234', '2009-03-08 20:28:22'),
(2822, 7, 'ticket_changes', 'add', '209', '2009-03-08 20:32:12'),
(2823, 7, 'tickets', 'view', '234', '2009-03-08 20:32:13'),
(2824, 7, 'tickets', 'add', '13', '2009-03-08 20:33:19'),
(2825, 7, 'tickets', 'add', '', '2009-03-08 20:36:53'),
(2826, 7, 'tickets', 'view', '240', '2009-03-08 20:36:53'),
(2827, 7, 'tickets', 'open_by_project', '13', '2009-03-08 20:38:47'),
(2828, 7, 'tickets', 'view', '234', '2009-03-08 20:38:55'),
(2829, 7, 'tickets', 'open_by_project', '13', '2009-03-08 20:39:31'),
(2830, 7, 'tickets', 'view', '234', '2009-03-08 20:39:35'),
(2831, 7, 'ticket_changes', 'add', '234', '2009-03-08 20:39:37'),
(2832, 7, 'ticket_changes', 'add', '241', '2009-03-08 20:40:20'),
(2833, 7, 'tickets', 'view', '234', '2009-03-08 20:40:21'),
(2834, 7, 'tickets', 'open_by_project', '13', '2009-03-08 20:46:33'),
(2835, 7, 'tickets', 'view', '240', '2009-03-08 20:46:43'),
(2836, 7, 'tickets', 'add', '13', '2009-03-08 20:49:02'),
(2837, 7, 'tickets', 'add', '', '2009-03-08 20:57:54'),
(2838, 7, 'tickets', 'view', '241', '2009-03-08 20:57:54'),
(2839, 7, 'tickets', 'open_by_project', '13', '2009-03-08 20:58:56'),
(2840, 7, 'tickets', 'view', '240', '2009-03-08 20:58:59'),
(2841, 7, 'ticket_changes', 'add', '240', '2009-03-08 20:59:03'),
(2842, 7, 'ticket_changes', 'add', '242', '2009-03-08 20:59:34'),
(2843, 7, 'tickets', 'view', '240', '2009-03-08 20:59:35'),
(2844, 7, 'tickets', 'open_by_project', '13', '2009-03-08 21:00:25'),
(2845, 7, 'tickets', 'add', '13', '2009-03-08 21:00:28'),
(2846, 7, 'tickets', 'add', '', '2009-03-08 21:01:16'),
(2847, 7, 'tickets', 'view', '242', '2009-03-08 21:01:17'),
(2848, 6, 'projects', 'index', '', '2009-03-08 23:35:52'),
(2849, 6, 'timeclocks', 'add', '2', '2009-03-08 23:35:57'),
(2850, 6, 'timeclocks', 'add', '', '2009-03-08 23:36:10'),
(2851, 6, 'projects', 'index', '', '2009-03-08 23:36:11'),
(2852, 6, 'tickets', 'add', '2', '2009-03-08 23:36:18'),
(2853, 6, 'tickets', 'add', '', '2009-03-08 23:40:00'),
(2854, 6, 'tickets', 'view', '243', '2009-03-08 23:40:00'),
(2855, 6, 'timeclocks', 'out', '', '2009-03-08 23:40:34'),
(2856, 6, 'projects', 'index', '', '2009-03-08 23:40:35'),
(2857, 6, 'users', 'logout', '', '2009-03-08 23:40:41'),
(2858, 6, 'projects', 'index', '', '2009-03-09 08:39:36'),
(2859, 6, 'tickets', 'open_by_project', '2', '2009-03-09 08:40:17'),
(2860, 6, 'tickets', 'view', '243', '2009-03-09 10:40:24'),
(2861, 6, 'ticket_changes', 'add', '243', '2009-03-09 08:40:34'),
(2862, 6, 'ticket_changes', 'add', '247', '2009-03-09 08:40:43'),
(2863, 6, 'tickets', 'view', '243', '2009-03-09 08:40:45'),
(2864, 6, 'tickets', 'open_by_project', '2', '2009-03-09 08:40:59'),
(2865, 1, 'tickets', 'open_by_project', '2', '2009-03-09 14:06:58'),
(2866, 1, 'timeclocks', 'index', '', '2009-03-09 14:07:00'),
(2867, 1, 'timeclocks', 'index', '', '2009-03-09 14:07:03'),
(2868, 1, 'timeclocks', 'index', '', '2009-03-09 14:07:19'),
(2869, 1, 'timeclocks', 'index', '', '2009-03-09 14:07:22'),
(2870, 1, 'timeclocks', 'index', '', '2009-03-09 14:07:29'),
(2871, 1, 'tickets', 'open_by_project', '1', '2009-03-09 14:23:28'),
(2872, 1, 'tickets', 'open_by_project', '13', '2009-03-09 14:36:16'),
(2873, 1, 'ticket_changes', 'add', '237', '2009-03-09 14:36:29'),
(2874, 1, 'ticket_changes', 'add', '236', '2009-03-09 16:36:35'),
(2875, 1, 'tickets', 'view', '237', '2009-03-09 14:36:35'),
(2876, 1, 'tickets', 'open_by_project', '13', '2009-03-09 14:36:46'),
(2877, 1, 'ticket_changes', 'add', '238', '2009-03-09 14:36:50'),
(2878, 1, 'ticket_changes', 'add', '237', '2009-03-09 14:37:06'),
(2879, 1, 'tickets', 'view', '238', '2009-03-09 14:37:07'),
(2880, 1, 'tickets', 'open_by_project', '13', '2009-03-09 14:37:12'),
(2881, 1, 'ticket_changes', 'add', '239', '2009-03-09 14:37:22'),
(2882, 1, 'ticket_changes', 'add', '239', '2009-03-09 14:37:30'),
(2883, 1, 'tickets', 'view', '239', '2009-03-09 14:37:31'),
(2884, 1, 'projects', 'index', '', '2009-03-09 15:46:33'),
(2885, 1, 'tickets', 'add', '2', '2009-03-09 15:46:39'),
(2886, 1, 'tickets', 'add', '', '2009-03-09 15:47:32'),
(2887, 1, 'tickets', 'view', '244', '2009-03-09 15:47:32'),
(2888, 1, 'milestones', 'index', '', '2009-03-09 15:47:35'),
(2889, 1, 'milestones', 'complete', '10', '2009-03-09 15:47:44'),
(2890, 1, 'milestones', 'index', '', '2009-03-09 15:47:45'),
(2891, 1, 'milestones', 'edit', '2', '2009-03-09 15:48:03'),
(2892, 1, 'milestones', 'edit', '2', '2009-03-09 15:48:11'),
(2893, 1, 'milestones', 'index', '', '2009-03-09 15:48:12'),
(2894, 1, 'milestones', 'edit', '2', '2009-03-09 15:48:27'),
(2895, 1, 'milestones', 'edit', '2', '2009-03-09 15:48:32'),
(2896, 1, 'milestones', 'index', '', '2009-03-09 15:48:32'),
(2897, 1, 'milestones', 'edit', '5', '2009-03-09 17:48:39'),
(2898, 1, 'milestones', 'edit', '5', '2009-03-09 15:48:42'),
(2899, 1, 'milestones', 'index', '', '2009-03-09 15:48:42'),
(2900, 1, 'milestones', 'edit', '15', '2009-03-09 15:48:50'),
(2901, 1, 'milestones', 'edit', '15', '2009-03-09 15:48:55'),
(2902, 1, 'milestones', 'index', '', '2009-03-09 15:48:55'),
(2903, 1, 'milestones', 'edit', '13', '2009-03-09 15:48:59'),
(2904, 1, 'milestones', 'edit', '13', '2009-03-09 15:49:02'),
(2905, 1, 'milestones', 'index', '', '2009-03-09 15:49:02'),
(2906, 1, 'milestones', 'edit', '11', '2009-03-09 15:49:08'),
(2907, 1, 'milestones', 'edit', '11', '2009-03-09 15:49:15'),
(2908, 1, 'milestones', 'index', '', '2009-03-09 15:49:16'),
(2909, 1, 'milestones', 'complete', '5', '2009-03-09 15:49:39'),
(2910, 1, 'milestones', 'index', '', '2009-03-09 15:49:39'),
(2911, 1, 'milestones', 'edit', '15', '2009-03-09 17:50:01'),
(2912, 1, 'milestones', 'edit', '15', '2009-03-09 15:50:04'),
(2913, 1, 'milestones', 'index', '', '2009-03-09 15:50:04'),
(2914, 1, 'versions', 'index', '', '2009-03-09 15:50:12'),
(2915, 1, 'versions', 'add', '2', '2009-03-09 15:50:19'),
(2916, 1, 'versions', 'add', '', '2009-03-09 15:50:25'),
(2917, 1, 'versions', 'index', '', '2009-03-09 15:50:26'),
(2918, 1, 'versions', 'add', '3', '2009-03-09 15:50:38'),
(2919, 1, 'versions', 'add', '', '2009-03-09 15:50:45'),
(2920, 1, 'versions', 'index', '', '2009-03-09 15:50:45'),
(2921, 1, 'milestones', 'index', '', '2009-03-09 15:50:51'),
(2922, 1, 'tickets', 'open_by_project', '3', '2009-03-09 15:51:04'),
(2923, 1, 'ticket_changes', 'add', '161', '2009-03-09 15:51:10'),
(2924, 1, 'ticket_changes', 'add', '95', '2009-03-09 17:51:14'),
(2925, 1, 'tickets', 'view', '161', '2009-03-09 15:51:15'),
(2926, 1, 'tickets', 'open_by_project', '3', '2009-03-09 15:51:19'),
(2927, 1, 'ticket_changes', 'add', '162', '2009-03-09 15:51:24'),
(2928, 1, 'ticket_changes', 'add', '96', '2009-03-09 15:51:27'),
(2929, 1, 'tickets', 'view', '162', '2009-03-09 15:51:28'),
(2930, 1, 'tickets', 'open_by_project', '3', '2009-03-09 15:51:30'),
(2931, 1, 'ticket_changes', 'add', '163', '2009-03-09 15:51:33'),
(2932, 1, 'ticket_changes', 'add', '97', '2009-03-09 15:51:37'),
(2933, 1, 'tickets', 'view', '163', '2009-03-09 15:51:41'),
(2934, 1, 'tickets', 'open_by_project', '3', '2009-03-09 15:51:48'),
(2935, 1, 'tickets', 'open_by_project', '13', '2009-03-09 15:52:15'),
(2936, 1, 'tickets', 'open_by_project', '13', '2009-03-09 15:52:20'),
(2937, 1, 'ticket_changes', 'add', '242', '2009-03-09 17:52:26'),
(2938, 1, 'ticket_changes', 'add', '246', '2009-03-09 15:52:33'),
(2939, 1, 'tickets', 'view', '242', '2009-03-09 15:52:33'),
(2940, 1, 'tickets', 'open_by_project', '13', '2009-03-09 15:52:49'),
(2941, 1, 'tickets', 'view', '237', '2009-03-09 15:52:59'),
(2942, 1, 'tickets', 'open_by_project', '13', '2009-03-09 15:53:52'),
(2943, 1, 'tickets', 'view', '238', '2009-03-09 15:53:59'),
(2944, 1, 'tickets', 'view', '220', '2009-03-09 15:54:19'),
(2945, 1, 'tickets', 'view', '221', '2009-03-09 15:54:26'),
(2946, 1, 'tickets', 'view', '222', '2009-03-09 15:54:31'),
(2947, 1, 'tickets', 'view', '223', '2009-03-09 15:54:36'),
(2948, 1, 'tickets', 'view', '224', '2009-03-09 15:54:46'),
(2949, 1, 'tickets', 'view', '225', '2009-03-09 15:54:52'),
(2950, 1, 'tickets', 'view', '226', '2009-03-09 15:55:17'),
(2951, 1, 'tickets', 'view', '227', '2009-03-09 15:55:58'),
(2952, 1, 'tickets', 'view', '228', '2009-03-09 15:56:29'),
(2953, 1, 'tickets', 'view', '225', '2009-03-09 15:56:52'),
(2954, 1, 'ticket_comments', 'add', '225', '2009-03-09 15:57:05'),
(2955, 1, 'ticket_comments', 'add', '', '2009-03-09 15:57:07'),
(2956, 1, 'tickets', 'view', '225', '2009-03-09 15:57:07'),
(2957, 1, 'ticket_changes', 'add', '225', '2009-03-09 15:57:10'),
(2958, 1, 'ticket_changes', 'add', '231', '2009-03-09 15:57:15'),
(2959, 1, 'tickets', 'view', '225', '2009-03-09 15:57:15'),
(2960, 1, 'tickets', 'view', '226', '2009-03-09 15:57:22'),
(2961, 1, 'ticket_comments', 'add', '226', '2009-03-09 15:57:40'),
(2962, 1, 'ticket_comments', 'add', '', '2009-03-09 15:57:43'),
(2963, 1, 'tickets', 'view', '226', '2009-03-09 15:57:43'),
(2964, 1, 'ticket_changes', 'add', '226', '2009-03-09 15:57:55'),
(2965, 1, 'ticket_changes', 'add', '234', '2009-03-09 15:58:02'),
(2966, 1, 'tickets', 'view', '226', '2009-03-09 15:58:03'),
(2967, 1, 'tickets', 'view', '227', '2009-03-09 15:58:12'),
(2968, 1, 'ticket_comments', 'add', '227', '2009-03-09 15:58:20'),
(2969, 1, 'ticket_comments', 'add', '', '2009-03-09 15:58:22'),
(2970, 1, 'tickets', 'view', '227', '2009-03-09 15:58:22'),
(2971, 1, 'ticket_changes', 'add', '227', '2009-03-09 15:58:25'),
(2972, 1, 'ticket_changes', 'add', '232', '2009-03-09 15:58:29'),
(2973, 1, 'tickets', 'view', '227', '2009-03-09 15:58:30'),
(2974, 1, 'tickets', 'view', '228', '2009-03-09 15:58:37'),
(2975, 1, 'tickets', 'view', '229', '2009-03-09 15:58:44'),
(2976, 1, 'ticket_comments', 'add', '229', '2009-03-09 15:58:53'),
(2977, 1, 'ticket_comments', 'add', '', '2009-03-09 15:58:55'),
(2978, 1, 'tickets', 'view', '229', '2009-03-09 15:58:56'),
(2979, 1, 'ticket_changes', 'add', '229', '2009-03-09 15:58:58'),
(2980, 1, 'ticket_changes', 'add', '235', '2009-03-09 15:59:03'),
(2981, 1, 'tickets', 'view', '229', '2009-03-09 15:59:03'),
(2982, 1, 'tickets', 'view', '230', '2009-03-09 15:59:09'),
(2983, 1, 'ticket_comments', 'add', '230', '2009-03-09 15:59:22'),
(2984, 1, 'ticket_comments', 'add', '', '2009-03-09 15:59:24'),
(2985, 1, 'tickets', 'view', '230', '2009-03-09 15:59:24'),
(2986, 1, 'ticket_changes', 'add', '230', '2009-03-09 15:59:26'),
(2987, 1, 'ticket_changes', 'add', '238', '2009-03-09 15:59:31'),
(2988, 1, 'tickets', 'view', '230', '2009-03-09 15:59:31'),
(2989, 1, 'tickets', 'add', '2', '2009-03-09 15:59:45'),
(2990, 1, 'tickets', 'add', '', '2009-03-09 16:00:10'),
(2991, 1, 'tickets', 'view', '245', '2009-03-09 16:00:10'),
(2992, 1, 'tickets', 'view', '231', '2009-03-09 16:00:16'),
(2993, 1, 'tickets', 'view', '232', '2009-03-09 16:00:20'),
(2994, 1, 'tickets', 'view', '233', '2009-03-09 16:00:28'),
(2995, 1, 'tickets', 'view', '234', '2009-03-09 16:00:32'),
(2996, 1, 'ticket_changes', 'add', '234', '2009-03-09 16:00:37'),
(2997, 1, 'ticket_changes', 'add', '243', '2009-03-09 16:00:44'),
(2998, 1, 'tickets', 'view', '234', '2009-03-09 16:00:45'),
(2999, 1, 'ticket_comments', 'add', '234', '2009-03-09 16:00:48'),
(3000, 1, 'ticket_comments', 'add', '', '2009-03-09 16:00:50'),
(3001, 1, 'tickets', 'view', '234', '2009-03-09 16:00:51'),
(3002, 1, 'tickets', 'view', '237', '2009-03-09 16:01:00'),
(3003, 1, 'ticket_changes', 'add', '237', '2009-03-09 16:01:03'),
(3004, 1, 'ticket_changes', 'add', '249', '2009-03-09 16:01:10'),
(3005, 1, 'tickets', 'view', '237', '2009-03-09 16:01:10'),
(3006, 1, 'ticket_comments', 'add', '237', '2009-03-09 16:01:12'),
(3007, 1, 'ticket_comments', 'add', '', '2009-03-09 16:01:15'),
(3008, 1, 'tickets', 'view', '237', '2009-03-09 16:01:15'),
(3009, 1, 'tickets', 'view', '238', '2009-03-09 16:01:25'),
(3010, 1, 'ticket_changes', 'add', '238', '2009-03-09 16:01:30'),
(3011, 1, 'ticket_changes', 'add', '250', '2009-03-09 16:01:34'),
(3012, 1, 'tickets', 'view', '238', '2009-03-09 16:01:35'),
(3013, 1, 'ticket_comments', 'add', '238', '2009-03-09 16:01:37'),
(3014, 1, 'ticket_comments', 'add', '', '2009-03-09 16:01:40'),
(3015, 1, 'tickets', 'view', '238', '2009-03-09 16:01:40'),
(3016, 1, 'tickets', 'view', '239', '2009-03-09 16:01:47'),
(3017, 1, 'ticket_changes', 'add', '239', '2009-03-09 16:01:50'),
(3018, 1, 'ticket_changes', 'add', '251', '2009-03-09 16:01:56'),
(3019, 1, 'tickets', 'view', '239', '2009-03-09 16:01:56'),
(3020, 1, 'ticket_comments', 'add', '239', '2009-03-09 16:01:58'),
(3021, 1, 'ticket_comments', 'add', '', '2009-03-09 16:02:00'),
(3022, 1, 'tickets', 'view', '239', '2009-03-09 16:02:01'),
(3023, 1, 'tickets', 'view', '240', '2009-03-09 16:02:06'),
(3024, 1, 'tickets', 'view', '241', '2009-03-09 16:02:21'),
(3025, 1, 'ticket_changes', 'add', '241', '2009-03-09 16:02:24'),
(3026, 1, 'ticket_changes', 'add', '244', '2009-03-09 16:02:33'),
(3027, 1, 'tickets', 'view', '241', '2009-03-09 16:02:33'),
(3028, 1, 'ticket_comments', 'add', '241', '2009-03-09 16:02:35'),
(3029, 1, 'ticket_comments', 'add', '', '2009-03-09 16:02:37'),
(3030, 1, 'tickets', 'view', '241', '2009-03-09 16:02:38'),
(3031, 1, 'tickets', 'open_by_project', '13', '2009-03-09 16:02:48'),
(3032, 1, 'tickets', 'view', '242', '2009-03-09 16:02:50'),
(3033, 1, 'projects', 'index', '', '2009-03-09 16:02:54'),
(3034, 1, 'tickets', 'open_by_project', '13', '2009-03-09 16:10:01'),
(3035, 1, 'tickets', 'view', '225', '2009-03-09 16:10:15'),
(3036, 1, 'users', 'logout', '', '2009-03-09 16:10:28'),
(3037, 7, 'tickets', 'view', '225', '2009-03-09 16:10:34'),
(3038, 7, 'tickets', 'open_by_project', '13', '2009-03-09 16:10:43'),
(3039, 7, 'projects', 'index', '', '2009-03-09 16:10:47'),
(3040, 7, 'tickets', 'open_by_project', '13', '2009-03-09 16:10:53'),
(3041, 7, 'tickets', 'open_by_project', '13', '2009-03-09 16:11:03'),
(3042, 7, 'tickets', 'view', '242', '2009-03-09 16:11:06'),
(3043, 7, 'ticket_comments', 'add', '242', '2009-03-09 16:11:31'),
(3044, 7, 'users', 'logout', '', '2009-03-09 16:11:37'),
(3045, 1, 'ticket_comments', 'add', '242', '2009-03-09 16:11:39'),
(3046, 1, 'projects', 'index', '', '2009-03-09 16:11:45'),
(3047, 1, 'tickets', 'open_by_project', '2', '2009-03-09 16:12:23'),
(3048, 1, 'tickets', 'view', '245', '2009-03-09 16:12:27'),
(3049, 1, 'ticket_changes', 'add', '245', '2009-03-09 16:12:37'),
(3050, 1, 'ticket_changes', 'add', '262', '2009-03-09 16:12:43'),
(3051, 1, 'tickets', 'view', '245', '2009-03-09 16:12:43'),
(3052, 1, 'tickets', 'open_by_project', '2', '2009-03-09 16:12:51'),
(3053, 1, 'tickets', 'add', '2', '2009-03-09 16:13:04'),
(3054, 1, 'tickets', 'add', '', '2009-03-09 16:13:26'),
(3055, 1, 'tickets', 'view', '246', '2009-03-09 16:13:27'),
(3056, 1, 'ticket_changes', 'add', '246', '2009-03-09 16:13:31'),
(3057, 1, 'ticket_changes', 'add', '269', '2009-03-09 16:13:46'),
(3058, 1, 'tickets', 'view', '246', '2009-03-09 16:13:46'),
(3059, 1, 'tickets', 'open_by_project', '2', '2009-03-09 16:13:49'),
(3060, 1, 'ticket_changes', 'add', '52', '2009-03-09 16:13:58'),
(3061, 1, 'tickets', 'open_by_project', '2', '2009-03-09 16:14:02'),
(3062, 1, 'tickets', 'view', '52', '2009-03-09 16:14:04'),
(3063, 1, 'ticket_changes', 'add', '52', '2009-03-09 16:14:07'),
(3064, 1, 'tickets', 'open_by_project', '2', '2009-03-09 16:14:17'),
(3065, 1, 'tickets', 'view', '52', '2009-03-09 16:14:20'),
(3066, 1, 'ticket_comments', 'add', '52', '2009-03-09 16:14:21'),
(3067, 1, 'ticket_comments', 'add', '', '2009-03-09 16:14:47'),
(3068, 1, 'tickets', 'view', '52', '2009-03-09 16:14:48'),
(3069, 1, 'tickets', 'open_by_project', '2', '2009-03-09 16:15:02'),
(3070, 1, 'ticket_changes', 'add', '60', '2009-03-09 16:15:19'),
(3071, 1, 'ticket_changes', 'add', '225', '2009-03-09 16:15:25'),
(3072, 1, 'tickets', 'view', '60', '2009-03-09 16:15:25'),
(3073, 1, 'tickets', 'open_by_project', '2', '2009-03-09 16:15:29'),
(3074, 1, 'tickets', 'view', '243', '2009-03-09 16:15:41'),
(3075, 1, 'ticket_comments', 'add', '243', '2009-03-09 16:16:09'),
(3076, 1, 'ticket_comments', 'add', '', '2009-03-09 16:16:26'),
(3077, 1, 'tickets', 'view', '243', '2009-03-09 16:16:27'),
(3078, 1, 'ticket_changes', 'add', '243', '2009-03-09 16:16:31'),
(3079, 1, 'ticket_changes', 'add', '248', '2009-03-09 16:16:49'),
(3080, 1, 'tickets', 'view', '243', '2009-03-09 16:16:50'),
(3081, 1, 'tickets', 'open_by_project', '2', '2009-03-09 16:16:54'),
(3082, 1, 'ticket_changes', 'add', '53', '2009-03-09 16:16:59'),
(3083, 1, 'ticket_changes', 'add', '223', '2009-03-09 16:17:07'),
(3084, 1, 'tickets', 'view', '53', '2009-03-09 16:17:07'),
(3085, 1, 'tickets', 'open_by_project', '2', '2009-03-09 16:17:09'),
(3086, 1, 'ticket_changes', 'add', '54', '2009-03-09 16:17:12'),
(3087, 1, 'ticket_changes', 'add', '214', '2009-03-09 16:17:18'),
(3088, 1, 'tickets', 'view', '54', '2009-03-09 16:17:19'),
(3089, 1, 'ticket_changes', 'add', '59', '2009-03-09 16:17:22'),
(3090, 1, 'ticket_changes', 'add', '224', '2009-03-09 16:17:28'),
(3091, 1, 'tickets', 'view', '59', '2009-03-09 16:17:28'),
(3092, 1, 'ticket_changes', 'add', '86', '2009-03-09 16:17:39'),
(3093, 1, 'ticket_changes', 'add', '228', '2009-03-09 16:17:44'),
(3094, 1, 'tickets', 'view', '86', '2009-03-09 16:17:44'),
(3095, 1, 'ticket_changes', 'add', '98', '2009-03-09 16:17:50'),
(3096, 1, 'ticket_changes', 'add', '222', '2009-03-09 16:17:57'),
(3097, 1, 'tickets', 'view', '98', '2009-03-09 16:17:57'),
(3098, 1, 'ticket_changes', 'add', '99', '2009-03-09 16:18:03'),
(3099, 1, 'ticket_changes', 'add', '216', '2009-03-09 16:18:09'),
(3100, 1, 'tickets', 'view', '99', '2009-03-09 16:18:10'),
(3101, 1, 'ticket_changes', 'add', '52', '2009-03-09 16:18:15'),
(3102, 1, 'ticket_changes', 'add', '229', '2009-03-09 16:18:19'),
(3103, 1, 'tickets', 'view', '52', '2009-03-09 16:18:19'),
(3104, 1, 'ticket_changes', 'add', '100', '2009-03-09 16:18:32'),
(3105, 1, 'ticket_changes', 'add', '217', '2009-03-09 16:18:45'),
(3106, 1, 'tickets', 'view', '100', '2009-03-09 16:18:46'),
(3107, 1, 'ticket_changes', 'add', '101', '2009-03-09 16:18:54'),
(3108, 1, 'ticket_changes', 'add', '218', '2009-03-09 16:19:02'),
(3109, 1, 'tickets', 'view', '101', '2009-03-09 16:19:02'),
(3110, 1, 'ticket_changes', 'add', '236', '2009-03-09 16:19:06'),
(3111, 1, 'ticket_changes', 'add', '227', '2009-03-09 16:19:18'),
(3112, 1, 'tickets', 'view', '236', '2009-03-09 16:19:18'),
(3113, 1, 'ticket_changes', 'add', '243', '2009-03-09 16:19:29'),
(3114, 1, 'ticket_changes', 'add', '244', '2009-03-09 16:19:40'),
(3115, 1, 'ticket_changes', 'add', '252', '2009-03-09 16:19:46'),
(3116, 1, 'tickets', 'view', '244', '2009-03-09 16:19:47'),
(3117, 1, 'ticket_changes', 'add', '246', '2009-03-09 16:19:56'),
(3118, 1, 'ticket_changes', 'add', '270', '2009-03-09 16:20:05'),
(3119, 1, 'tickets', 'view', '246', '2009-03-09 16:20:05'),
(3120, 1, 'tickets', 'open_by_project', '2', '2009-03-09 16:20:10'),
(3121, 1, 'ticket_changes', 'add', '246', '2009-03-09 16:20:25'),
(3122, 1, 'ticket_changes', 'add', '284', '2009-03-09 16:20:30'),
(3123, 1, 'tickets', 'view', '246', '2009-03-09 16:20:30'),
(3124, 1, 'ticket_changes', 'add', '62', '2009-03-09 16:20:50'),
(3125, 1, 'ticket_changes', 'add', '215', '2009-03-09 16:20:54'),
(3126, 1, 'tickets', 'view', '62', '2009-03-09 16:20:55'),
(3127, 1, 'tickets', 'open_by_project', '2', '2009-03-09 16:20:57'),
(3128, 1, 'ticket_changes', 'add', '246', '2009-03-09 16:21:10'),
(3129, 1, 'ticket_changes', 'add', '285', '2009-03-09 16:21:14'),
(3130, 1, 'tickets', 'view', '246', '2009-03-09 16:21:14'),
(3131, 1, 'tickets', 'open_by_project', '2', '2009-03-09 16:21:20'),
(3132, 1, 'tickets', 'view', '246', '2009-03-09 16:22:22'),
(3133, 1, 'tickets', 'view', '243', '2009-03-09 16:22:30'),
(3134, 1, 'tickets', 'view', '244', '2009-03-09 16:22:38'),
(3135, 1, 'ticket_changes', 'add', '244', '2009-03-09 16:22:41'),
(3136, 1, 'ticket_changes', 'add', '283', '2009-03-09 16:22:47'),
(3137, 1, 'tickets', 'view', '244', '2009-03-09 16:22:47'),
(3138, 1, 'ticket_changes', 'add', '100', '2009-03-09 16:23:04'),
(3139, 1, 'ticket_changes', 'add', '280', '2009-03-09 16:23:10'),
(3140, 1, 'tickets', 'view', '100', '2009-03-09 16:23:10'),
(3141, 1, 'ticket_changes', 'add', '52', '2009-03-09 16:23:39'),
(3142, 1, 'ticket_changes', 'add', '279', '2009-03-09 16:24:19'),
(3143, 1, 'tickets', 'view', '52', '2009-03-09 16:24:19'),
(3144, 1, 'tickets', 'open_by_project', '2', '2009-03-09 16:24:23'),
(3145, 1, 'tickets', 'open_by_project', '2', '2009-03-09 16:27:33'),
(3146, 1, 'tickets', 'open_by_project', '2', '2009-03-09 16:28:10'),
(3147, 1, 'tickets', 'open_by_project', '2', '2009-03-09 16:29:14'),
(3148, 1, 'tickets', 'open_by_project', '2', '2009-03-09 16:29:44'),
(3149, 1, 'tickets', 'open_by_project', '2', '2009-03-09 16:30:07'),
(3150, 1, 'tickets', 'open_by_project', '2', '2009-03-09 16:36:02'),
(3151, 1, 'tickets', 'open_by_project', '2', '2009-03-09 16:36:28'),
(3152, 1, 'tickets', 'view', '52', '2009-03-09 16:36:38'),
(3153, 1, 'tickets', 'open_by_project', '2', '2009-03-09 16:37:48'),
(3154, 1, 'tickets', 'open_by_project', '2', '2009-03-09 16:38:23'),
(3155, 1, 'tickets', 'open_by_project', '2', '2009-03-09 16:39:22'),
(3156, 1, 'tickets', 'open_by_project', '2', '2009-03-09 16:39:40'),
(3157, 1, 'tickets', 'open_by_project', '2', '2009-03-09 16:40:15'),
(3158, 1, 'tickets', 'open_by_project', '2', '2009-03-09 16:40:34'),
(3159, 1, 'tickets', 'open_by_project', '2', '2009-03-09 16:41:09'),
(3160, 1, 'projects', 'tickets', '1', '2009-03-09 18:06:26'),
(3161, 1, 'users', 'login', '', '2009-03-09 18:06:26'),
(3162, 1, 'users', 'login', '', '2009-03-09 18:06:55'),
(3163, 1, 'projects', 'index', '', '2009-03-09 18:06:55'),
(3164, 1, 'projects', 'tickets', '1', '2009-03-09 18:07:02'),
(3165, 1, 'projects', 'tickets', '1', '2009-03-09 18:07:06'),
(3166, 1, 'projects', 'tickets', '2', '2009-03-09 18:07:51'),
(3167, 1, 'projects', 'tickets', '2', '2009-03-09 18:08:40'),
(3168, 1, 'projects', 'tickets', '2', '2009-03-09 18:09:29'),
(3169, 1, 'projects', 'tickets', '2', '2009-03-09 18:10:12'),
(3170, 1, 'projects', 'tickets', '2', '2009-03-09 18:10:30'),
(3171, 1, 'projects', 'tickets', '2', '2009-03-09 18:10:46'),
(3172, 1, 'projects', 'tickets', '2', '2009-03-09 18:13:22'),
(3173, 1, 'projects', 'tickets', '2', '2009-03-09 18:14:08'),
(3174, 1, 'projects', 'tickets', '2', '2009-03-09 18:22:25'),
(3175, 1, 'projects', 'tickets', '2,2', '2009-03-09 18:24:02'),
(3176, 1, 'projects', 'tickets', '2,mine', '2009-03-09 18:28:26'),
(3177, 1, 'projects', 'tickets', '2,mine', '2009-03-09 18:29:05'),
(3178, 1, 'projects', 'tickets', '2,all', '2009-03-09 18:29:11'),
(3179, 1, 'projects', 'tickets', '2,all', '2009-03-09 18:29:16'),
(3180, 1, 'projects', 'tickets', '2,all', '2009-03-09 18:29:19'),
(3181, 1, 'projects', 'tickets', '2,all', '2009-03-09 18:29:22'),
(3182, 1, 'projects', 'tickets', '2,all', '2009-03-09 18:29:33'),
(3183, 1, 'projects', 'tickets', '2,all', '2009-03-09 18:29:46'),
(3184, 1, 'projects', 'tickets', '2,all', '2009-03-09 18:29:53'),
(3185, 1, 'projects', 'tickets', '2,all', '2009-03-09 18:31:06'),
(3186, 1, 'projects', 'tickets', '1', '2009-03-09 18:31:09'),
(3187, 1, 'projects', 'tickets', '2', '2009-03-09 18:31:14'),
(3188, 1, 'projects', 'tickets', '13', '2009-03-09 18:31:20'),
(3189, 1, 'projects', 'tickets', '2', '2009-03-09 18:32:01'),
(3190, 1, 'ticket_changes', 'add', '246', '2009-03-09 18:32:07'),
(3191, 1, 'ticket_changes', 'add', '287', '2009-03-09 18:32:15'),
(3192, 1, 'tickets', 'view', '246', '2009-03-09 18:32:15'),
(3193, 1, 'tickets', 'view', '246', '2009-03-09 18:33:27'),
(3194, 1, 'tickets', 'view', '246', '2009-03-09 18:33:45'),
(3195, 1, 'projects', 'tickets', '1', '2009-03-09 18:33:48'),
(3196, 1, 'uploads', 'index', '', '2009-03-09 18:34:57'),
(3197, 1, 'users', 'login', '', '2009-03-09 18:34:57'),
(3198, 1, 'projects', 'tickets', '1', '2009-03-09 18:39:03'),
(3199, 1, 'projects', 'tickets', '1', '2009-03-09 18:41:43'),
(3200, 1, 'uploads', 'index', '', '2009-03-09 18:43:42'),
(3201, 1, 'upload_folders', 'index', '', '2009-03-09 18:44:21'),
(3202, 1, 'timeclocks', 'add', '2', '2009-03-09 18:51:20'),
(3203, 1, 'timeclocks', 'add', '', '2009-03-09 18:51:30'),
(3204, 1, 'projects', 'index', '', '2009-03-09 18:51:32'),
(3205, 1, 'uploads', 'index', '', '2009-03-09 18:57:02'),
(3206, 1, 'uploads', 'index', '', '2009-03-09 18:57:49'),
(3207, 1, 'uploads', 'index', '', '2009-03-09 18:59:09'),
(3208, 1, 'uploads', 'index', '', '2009-03-09 19:01:03'),
(3209, 1, 'projects', 'tickets', '2', '2009-03-09 19:01:11'),
(3210, 1, 'ticket_changes', 'add', '243', '2009-03-09 19:01:18'),
(3211, 1, 'ticket_changes', 'add', '272', '2009-03-09 19:01:47'),
(3212, 1, 'tickets', 'view', '243', '2009-03-09 19:01:50'),
(3213, 1, 'projects', 'tickets', '2', '2009-03-09 19:02:07'),
(3214, 1, 'projects', 'tickets', '2', '2009-03-09 19:03:56'),
(3215, 1, 'uploads', 'index', '', '2009-03-09 19:04:02'),
(3216, 1, 'upload_folders', 'index', '', '2009-03-09 19:04:08'),
(3217, 1, 'upload_folders', 'add', '', '2009-03-09 19:04:16'),
(3218, 1, 'upload_folders', 'add', '', '2009-03-09 19:04:24'),
(3219, 1, 'upload_folders', 'index', '', '2009-03-09 19:04:28'),
(3220, 1, 'upload_folders', 'add', '', '2009-03-09 19:04:36'),
(3221, 1, 'upload_folders', 'add', '', '2009-03-09 19:04:49'),
(3222, 1, 'upload_folders', 'index', '', '2009-03-09 19:04:53'),
(3223, 1, 'projects', 'tickets', '2', '2009-03-09 19:19:05'),
(3224, 1, 'tickets', 'add', '2', '2009-03-09 19:20:02'),
(3225, 1, 'tickets', 'add', '', '2009-03-09 19:20:31'),
(3226, 1, 'tickets', 'view', '247', '2009-03-09 19:20:36'),
(3227, 1, 'projects', 'tickets', '2', '2009-03-09 19:20:43'),
(3228, 1, 'ticket_changes', 'add', '236', '2009-03-09 19:23:22'),
(3229, 1, 'ticket_changes', 'add', '282', '2009-03-09 19:23:33'),
(3230, 1, 'tickets', 'view', '236', '2009-03-09 19:23:39'),
(3231, 1, 'projects', 'tickets', '2', '2009-03-09 19:23:47'),
(3232, 1, 'ticket_changes', 'add', '62', '2009-03-09 19:24:13'),
(3233, 1, 'ticket_changes', 'add', '286', '2009-03-09 19:24:26'),
(3234, 1, 'tickets', 'view', '62', '2009-03-09 19:24:32'),
(3235, 1, 'projects', 'tickets', '2', '2009-03-09 19:24:42'),
(3236, 1, 'projects', 'tickets', '1', '2009-03-09 19:25:00'),
(3237, 1, 'projects', 'tickets', '1', '2009-03-09 19:25:47'),
(3238, 1, 'projects', 'tickets', '3', '2009-03-09 19:26:23'),
(3239, 1, 'timeclocks', 'out', '', '2009-03-09 21:18:40'),
(3240, 1, 'projects', 'index', '', '2009-03-09 21:18:47'),
(3241, 1, 'tickets', 'add', '2', '2009-03-09 21:19:09'),
(3242, 1, 'projects', 'tickets', '2', '2009-03-09 21:19:16'),
(3243, 1, 'tickets', 'view', '53', '2009-03-09 21:19:28'),
(3244, 1, 'ticket_comments', 'add', '53', '2009-03-09 21:19:39'),
(3245, 1, 'ticket_comments', 'add', '', '2009-03-09 21:20:07'),
(3246, 1, 'tickets', 'view', '53', '2009-03-09 21:20:15'),
(3247, 6, 'projects', 'index', '', '2009-03-09 22:08:59'),
(3248, 6, 'projects', 'index', '', '2009-03-09 22:09:07'),
(3249, 6, 'projects', 'tickets', '2', '2009-03-09 22:09:18'),
(3250, 6, 'tickets', 'index', '', '2009-03-09 22:09:54'),
(3251, 6, 'projects', 'tickets', '2', '2009-03-09 22:10:11'),
(3252, 6, 'tickets', 'view', '247', '2009-03-09 22:11:12'),
(3253, 6, 'projects', 'tickets', '2', '2009-03-09 22:13:19'),
(3254, 6, 'tickets', 'view', '244', '2009-03-09 22:13:35'),
(3255, 1, 'projects', 'tickets', '2', '2009-03-09 22:14:43'),
(3256, 6, 'projects', 'tickets', '2', '2009-03-09 22:15:22'),
(3257, 6, 'projects', 'tickets', '2,all', '2009-03-09 22:15:32'),
(3258, 1, 'tickets', 'view', '52', '2009-03-09 22:16:55'),
(3259, 6, 'projects', 'tickets', '2', '2009-03-09 22:18:44'),
(3260, 6, 'tickets', 'view', '52', '2009-03-09 22:20:21'),
(3261, 6, 'tickets', 'view', '62', '2009-03-09 22:20:32'),
(3262, 6, 'tickets', 'view', '86', '2009-03-09 22:21:30'),
(3263, 6, 'tickets', 'view', '244', '2009-03-09 22:21:42'),
(3264, 6, 'uploads', 'index', '', '2009-03-09 22:21:53'),
(3265, 6, 'tickets', 'view', '100', '2009-03-09 22:22:04'),
(3266, 6, 'upload_folders', 'index', '', '2009-03-09 22:22:26'),
(3267, 6, 'upload_folders', 'files', '18', '2009-03-09 22:23:34'),
(3268, 1, 'ticket_comments', 'add', '52', '2009-03-09 22:29:18'),
(3269, 1, 'projects', 'tickets', '2', '2009-03-09 22:32:24'),
(3270, 1, 'configurations', 'admin_index', '', '2009-03-09 22:35:09'),
(3271, 6, 'configurations', 'admin_index', '', '2009-03-09 22:35:15'),
(3272, 6, 'upload_folders', 'index', '', '2009-03-09 22:39:52'),
(3273, 1, 'tickets', 'add', '1', '2009-03-09 22:45:44'),
(3274, 1, 'projects', 'tickets', '2', '2009-03-09 22:50:29'),
(3275, 1, 'projects', 'tickets', '2', '2009-03-09 22:50:47'),
(3276, 1, 'projects', 'tickets', '2', '2009-03-09 22:51:05'),
(3277, 1, 'projects', 'tickets', '2', '2009-03-09 22:51:54'),
(3278, 1, 'projects', 'tickets', '2', '2009-03-09 22:52:32'),
(3279, 1, 'projects', 'tickets', '2', '2009-03-09 22:53:42'),
(3280, 1, 'projects', 'tickets', '2', '2009-03-09 22:54:22'),
(3281, 1, 'projects', 'tickets', '2', '2009-03-09 22:55:07'),
(3282, 1, 'projects', 'tickets', '2', '2009-03-09 22:55:28'),
(3283, 1, 'projects', 'tickets', '2', '2009-03-09 22:55:56'),
(3284, 1, 'projects', 'tickets', '2', '2009-03-09 22:55:59'),
(3285, 1, 'ticket_changes', 'add', '52', '2009-03-09 22:56:11'),
(3286, 1, 'ticket_changes', 'add', '52', '2009-03-09 22:56:15'),
(3287, 1, 'ticket_changes', 'add', '52', '2009-03-09 22:56:25'),
(3288, 1, 'ticket_changes', 'add', '52', '2009-03-09 22:56:53'),
(3289, 1, 'tickets', 'add', '2', '2009-03-09 22:56:57'),
(3290, 1, 'tickets', 'add', '', '2009-03-09 22:57:03'),
(3291, 1, 'tickets', 'view', '248', '2009-03-09 22:57:04'),
(3292, 1, 'projects', 'tickets', '2', '2009-03-09 22:57:07'),
(3293, 1, 'ticket_changes', 'add', '248', '2009-03-09 22:57:12'),
(3294, 1, 'ticket_changes', 'add', '248', '2009-03-09 22:57:35'),
(3295, 1, 'ticket_changes', 'add', '248', '2009-03-09 22:57:48'),
(3296, 1, 'ticket_changes', 'add', '248', '2009-03-09 22:58:55'),
(3297, 1, 'ticket_changes', 'add', '248', '2009-03-09 23:00:35'),
(3298, 1, 'ticket_changes', 'add', '248', '2009-03-09 23:01:43'),
(3299, 1, 'ticket_changes', 'add', '248', '2009-03-09 23:03:00'),
(3300, 1, 'ticket_changes', 'add', '248', '2009-03-09 23:04:00'),
(3301, 1, 'ticket_changes', 'add', '248', '2009-03-09 23:04:15'),
(3302, 1, 'ticket_changes', 'add', '248', '2009-03-09 23:04:18'),
(3303, 1, 'ticket_changes', 'add', '248', '2009-03-09 23:04:50'),
(3304, 1, 'ticket_changes', 'add', '248', '2009-03-09 23:06:50'),
(3305, 1, 'ticket_changes', 'add', '248', '2009-03-09 23:07:14'),
(3306, 1, 'ticket_changes', 'add', '248', '2009-03-09 23:07:17'),
(3307, 1, 'projects', 'tickets', '2', '2009-03-09 23:08:07'),
(3308, 1, 'projects', 'tickets', '2,all', '2009-03-09 23:08:10'),
(3309, 1, 'ticket_changes', 'add', '36', '2009-03-09 23:08:12'),
(3310, 1, 'ticket_changes', 'add', '36', '2009-03-09 23:08:25'),
(3311, 1, 'ticket_changes', 'add', '296', '2009-03-09 23:10:45'),
(3312, 1, 'tickets', 'view', '248', '2009-03-09 23:10:46'),
(3313, 1, 'projects', 'tickets', '2', '2009-03-09 23:10:49'),
(3314, 1, 'projects', 'tickets', '2', '2009-03-09 23:11:40'),
(3315, 1, 'ticket_changes', 'add', '248', '2009-03-09 23:11:51'),
(3316, 1, 'ticket_changes', 'add', '297', '2009-03-09 23:12:02'),
(3317, 1, 'tickets', 'view', '248', '2009-03-09 23:12:03'),
(3318, 1, 'tickets', 'view', '248', '2009-03-09 23:13:47'),
(3319, 1, 'projects', 'tickets', '2', '2009-03-09 23:13:49'),
(3320, 1, 'ticket_changes', 'add', '52', '2009-03-09 23:13:55'),
(3321, 1, 'ticket_changes', 'add', '290', '2009-03-09 23:14:00'),
(3322, 1, 'tickets', 'view', '52', '2009-03-09 23:14:01'),
(3323, 1, 'projects', 'tickets', '2', '2009-03-09 23:14:04'),
(3324, 1, 'ticket_changes', 'add', '53', '2009-03-09 23:14:11'),
(3325, 1, 'ticket_changes', 'add', '273', '2009-03-09 23:14:16'),
(3326, 1, 'tickets', 'view', '53', '2009-03-09 23:14:17'),
(3327, 1, 'tickets', 'view', '53', '2009-03-09 23:14:46'),
(3328, 1, 'projects', 'tickets', '2', '2009-03-09 23:14:49'),
(3329, 1, 'ticket_changes', 'add', '62', '2009-03-09 23:14:56'),
(3330, 1, 'ticket_changes', 'add', '295', '2009-03-09 23:15:01'),
(3331, 1, 'tickets', 'view', '62', '2009-03-09 23:15:01'),
(3332, 1, 'projects', 'tickets', '2', '2009-03-09 23:15:05'),
(3333, 1, 'ticket_changes', 'add', '100', '2009-03-09 23:15:15'),
(3334, 1, 'ticket_changes', 'add', '289', '2009-03-09 23:15:20');
INSERT INTO `action_logs` (`id`, `user_id`, `controller`, `action`, `params`, `created`) VALUES (3335, 1, 'tickets', 'view', '100', '2009-03-09 23:15:20'),
(3336, 1, 'projects', 'tickets', '2', '2009-03-09 23:15:22'),
(3337, 1, 'ticket_changes', 'add', '244', '2009-03-09 23:15:28'),
(3338, 1, 'ticket_changes', 'add', '288', '2009-03-09 23:15:33'),
(3339, 1, 'tickets', 'view', '244', '2009-03-09 23:15:33'),
(3340, 1, 'projects', 'tickets', '2', '2009-03-09 23:15:37'),
(3341, 1, 'ticket_changes', 'add', '247', '2009-03-09 23:15:58'),
(3342, 1, 'ticket_changes', 'add', '293', '2009-03-09 23:16:01'),
(3343, 1, 'tickets', 'view', '247', '2009-03-09 23:16:01'),
(3344, 1, 'projects', 'tickets', '2', '2009-03-09 23:16:04'),
(3345, 1, 'projects', 'tickets', '2,mine', '2009-03-09 23:16:12'),
(3346, 1, 'projects', 'tickets', '2', '2009-03-09 23:16:15'),
(3347, 1, 'tickets', 'add', '2', '2009-03-09 23:16:44'),
(3348, 1, 'tickets', 'add', '', '2009-03-09 23:17:42'),
(3349, 1, 'tickets', 'view', '249', '2009-03-09 23:17:42'),
(3350, 1, 'ticket_changes', 'add', '249', '2009-03-09 23:17:47'),
(3351, 1, 'ticket_changes', 'add', '305', '2009-03-09 23:17:49'),
(3352, 1, 'tickets', 'view', '249', '2009-03-09 23:17:50'),
(3353, 1, 'projects', 'tickets', '2', '2009-03-09 23:17:52'),
(3354, 1, 'tickets', 'view', '247', '2009-03-09 23:18:42');

-- --------------------------------------------------------

-- 
-- Table structure for table `aros`
-- 

CREATE TABLE `aros` (
  `id` int(10) NOT NULL auto_increment,
  `parent_id` int(10) default NULL,
  `model` varchar(255) default NULL,
  `foreign_key` int(10) default NULL,
  `alias` varchar(255) default NULL,
  `lft` int(10) default NULL,
  `rght` int(10) default NULL,
  PRIMARY KEY  (`id`)
) ENGINE=MyISAM AUTO_INCREMENT=18 DEFAULT CHARSET=latin1;

-- 
-- Dumping data for table `aros`
-- 

INSERT INTO `aros` (`id`, `parent_id`, `model`, `foreign_key`, `alias`, `lft`, `rght`) VALUES (2, NULL, 'Group', 1, 'Group:1', 13, 18),
(9, 0, 'Group', 2, 'Group:2', 1, 12),
(4, 2, 'User', 1, 'User:1', 14, 15),
(12, 9, 'User', 2, 'User:2', 2, 3),
(13, 9, 'User', 3, 'User:3', 4, 5),
(14, 9, 'User', 4, 'User:4', 6, 7),
(15, 9, 'User', 5, 'User:5', 8, 9),
(16, 2, 'User', 6, 'User:6', 16, 17),
(17, 9, 'User', 7, 'User:7', 10, 11);

-- --------------------------------------------------------

-- 
-- Table structure for table `aros_acos`
-- 

CREATE TABLE `aros_acos` (
  `id` int(10) NOT NULL auto_increment,
  `aro_id` int(10) NOT NULL default '0',
  `aco_id` int(10) NOT NULL default '0',
  `_create` char(2) NOT NULL default '0',
  `_read` char(2) NOT NULL default '0',
  `_update` char(2) NOT NULL default '0',
  `_delete` char(2) NOT NULL default '0',
  PRIMARY KEY  (`id`),
  UNIQUE KEY `ARO_ACO_KEY` (`aro_id`,`aco_id`)
) ENGINE=MyISAM AUTO_INCREMENT=3 DEFAULT CHARSET=latin1;

-- 
-- Dumping data for table `aros_acos`
-- 

INSERT INTO `aros_acos` (`id`, `aro_id`, `aco_id`, `_create`, `_read`, `_update`, `_delete`) VALUES (1, 2, 1, '1', '1', '1', '1'),
(2, 9, 1, '1', '1', '1', '1');

-- --------------------------------------------------------

-- 
-- Table structure for table `configurations`
-- 

CREATE TABLE `configurations` (
  `id` int(11) NOT NULL auto_increment,
  `name` varchar(50) NOT NULL default '',
  `value` text NOT NULL,
  PRIMARY KEY  (`id`),
  UNIQUE KEY `name` (`name`)
) ENGINE=InnoDB DEFAULT CHARSET=latin1;

-- 
-- Dumping data for table `configurations`
-- 

INSERT INTO `configurations` (`id`, `name`, `value`) VALUES (1, 'foo', 'bar');

-- --------------------------------------------------------

-- 
-- Table structure for table `elements`
-- 

CREATE TABLE `elements` (
  `id` int(11) NOT NULL auto_increment,
  `name` varchar(255) NOT NULL default '',
  `description` varchar(255) NOT NULL default '',
  `project_id` int(11) NOT NULL default '0',
  `owner_id` int(11) default NULL,
  PRIMARY KEY  (`id`)
) ENGINE=InnoDB DEFAULT CHARSET=latin1;

-- 
-- Dumping data for table `elements`
-- 

INSERT INTO `elements` (`id`, `name`, `description`, `project_id`, `owner_id`) VALUES (1, 'General', '', 0, NULL),
(2, 'Inventories', '', 1, 1),
(3, 'Items', '', 1, 1),
(4, 'Forms', '', 0, NULL),
(5, 'Models', '', 0, NULL),
(6, 'Views', '', 0, NULL),
(7, 'Database', '', 0, NULL),
(8, 'Purchase Orders', '', 1, 1),
(9, 'Transactions', '', 1, 1),
(10, 'Permissions', '', 0, NULL),
(11, 'Users', '', 0, NULL),
(12, 'Batches', '', 1, 1),
(13, 'Items', '', 1, 1),
(14, 'None', '', 0, NULL),
(16, 'Tickets', '', 2, 1),
(20, 'Timeclocks', '', 2, 1),
(22, 'Controllers', '', 0, NULL),
(23, 'File Management', '', 2, 1),
(24, 'Instant Messaging', '', 2, 1),
(25, 'Tags', '', 2, 1),
(26, 'Wiki', '', 2, 1),
(27, 'Configuration', '', 2, 1),
(28, 'Projects', '', 2, 1),
(29, 'Invoices', '', 2, 1),
(30, 'Plug-Ins', '', 2, 1),
(31, 'Gift Cards', '', 1, 1),
(32, 'Searching', '', 1, 1),
(33, 'Barcodes', '', 1, 1),
(34, 'Pages', '', 3, 1),
(35, 'Milestones', '', 2, 1),
(36, 'Online Store', '', 3, 1),
(37, 'Contact', '', 3, 1);

-- --------------------------------------------------------

-- 
-- Table structure for table `groups`
-- 

CREATE TABLE `groups` (
  `id` int(11) NOT NULL auto_increment,
  `name` varchar(255) NOT NULL default '',
  `parent_id` int(11) default NULL,
  PRIMARY KEY  (`id`)
) ENGINE=InnoDB DEFAULT CHARSET=latin1;

-- 
-- Dumping data for table `groups`
-- 

INSERT INTO `groups` (`id`, `name`, `parent_id`) VALUES (1, 'Developers', 0),
(2, 'Clients', NULL);

-- --------------------------------------------------------

-- 
-- Table structure for table `milestones`
-- 

CREATE TABLE `milestones` (
  `id` int(11) NOT NULL auto_increment,
  `name` varchar(255) NOT NULL default '',
  `codename` varchar(255) NOT NULL default '',
  `description` longtext NOT NULL,
  `project_id` int(11) NOT NULL default '0',
  `owner_id` int(11) default NULL,
  `due` datetime default NULL,
  `completed` datetime default NULL,
  `created` datetime default NULL,
  PRIMARY KEY  (`id`)
) ENGINE=InnoDB DEFAULT CHARSET=latin1;

-- 
-- Dumping data for table `milestones`
-- 

INSERT INTO `milestones` (`id`, `name`, `codename`, `description`, `project_id`, `owner_id`, `due`, `completed`, `created`) VALUES (1, '0.6', 'beta', '', 1, 1, '2009-02-16 12:00:00', '2009-02-16 12:00:00', '2009-02-18 01:09:07'),
(2, '1.0', 'RC', '', 1, 1, '2009-03-13 00:00:00', NULL, '2009-02-18 02:09:37'),
(3, 'None', '', '', 0, NULL, NULL, NULL, '2009-02-18 02:39:20'),
(4, '0.2', 'alpha', '', 2, 1, '2009-02-28 12:00:00', '2009-02-28 04:31:38', '2009-02-18 07:03:46'),
(5, '0.5', 'beta', '', 3, 1, '2009-03-13 00:00:00', '2009-03-09 15:49:39', '2009-02-19 15:16:46'),
(6, '0.2', 'alpha', '', 4, 1, '2009-02-25 18:00:00', '2009-02-24 00:00:00', '2009-02-19 22:35:10'),
(7, '1.0', 'release', '', 5, 1, '2009-02-24 12:00:00', '2009-02-24 08:24:00', '2009-02-22 00:43:28'),
(8, '0.2', 'alpha', '', 7, 1, '2009-03-30 00:00:00', NULL, '2009-02-24 02:31:01'),
(9, '0.2', 'alpha', '', 9, 1, '2009-03-30 00:00:00', NULL, '2009-02-24 03:54:30'),
(10, '0.3', 'beta', '', 2, 1, '2009-03-15 00:00:00', '2009-03-09 15:47:44', '2009-02-26 00:07:50'),
(11, '0.3', 'beta', '', 4, 1, '2009-03-25 00:00:00', NULL, '2009-02-26 00:12:58'),
(12, '1.5', 'release', '', 1, 1, '2009-03-30 00:00:00', NULL, '2009-02-26 00:34:17'),
(13, '1.0', 'release', '', 3, 1, '2009-03-13 00:00:00', NULL, '2009-02-28 01:14:23'),
(14, '0.2', 'alpha', '', 11, 1, '2009-03-30 00:00:00', NULL, '2009-03-01 15:13:35'),
(15, '0.1', 'beta', '', 13, 1, '2009-03-30 00:00:00', NULL, '2009-03-06 04:56:56'),
(16, '0.4', 'beta', '', 2, 1, '2009-03-30 00:00:00', NULL, '2009-03-08 01:14:59');

-- --------------------------------------------------------

-- 
-- Table structure for table `priorities`
-- 

CREATE TABLE `priorities` (
  `id` int(11) NOT NULL auto_increment,
  `name` varchar(255) NOT NULL default '',
  `order` int(11) NOT NULL default '0',
  PRIMARY KEY  (`id`)
) ENGINE=InnoDB DEFAULT CHARSET=latin1;

-- 
-- Dumping data for table `priorities`
-- 

INSERT INTO `priorities` (`id`, `name`, `order`) VALUES (1, 'Very Low', 1),
(2, 'Low', 2),
(3, 'Medium', 3),
(4, 'High', 4),
(5, 'Critical', 5);

-- --------------------------------------------------------

-- 
-- Table structure for table `projects`
-- 

CREATE TABLE `projects` (
  `id` int(11) NOT NULL auto_increment,
  `name` varchar(255) NOT NULL default '',
  `description` longtext NOT NULL,
  `client_id` int(11) NOT NULL default '0',
  `owner_id` int(11) NOT NULL default '0',
  `is_active` tinyint(1) NOT NULL default '0',
  `ticket_count` int(11) NOT NULL default '0',
  `open_ticket_count` int(11) NOT NULL default '0',
  `created` datetime default NULL,
  `updated` datetime default NULL,
  PRIMARY KEY  (`id`)
) ENGINE=InnoDB DEFAULT CHARSET=latin1;

-- 
-- Dumping data for table `projects`
-- 

INSERT INTO `projects` (`id`, `name`, `description`, `client_id`, `owner_id`, `is_active`, `ticket_count`, `open_ticket_count`, `created`, `updated`) VALUES (1, 'Freedom POS', '', 2, 1, 1, 45, 21, '2009-02-18 00:00:00', '2009-03-08 10:14:37'),
(2, 'kn-spr''', '', 1, 1, 1, 76, 13, '2009-02-18 06:45:51', '2009-03-09 23:17:49'),
(3, 'Airport Crabpot Company', '', 3, 1, 1, 13, 6, '2009-02-19 15:10:54', '2009-03-09 15:51:37'),
(4, 'Kollab', '', 4, 1, 0, 10, 5, '2009-02-19 22:33:00', '2009-03-07 18:39:49'),
(5, 'Bear Power Fencing', '', 5, 1, 0, 0, 0, '2009-02-22 00:41:39', '2009-02-24 08:24:23'),
(6, 'Lamping Photography', '', 3, 1, 0, 0, 0, '2009-02-22 00:48:51', '2009-03-07 18:39:20'),
(7, 'Normal Or Not', '', 1, 1, 0, 0, 0, '2009-02-24 02:27:57', '2009-02-24 03:55:49'),
(8, 'Arrested Development', '', 1, 1, 0, 0, 0, '2009-02-24 02:46:32', '2009-02-24 03:55:40'),
(9, 'It''s In The Pantry', '', 1, 1, 1, 39, 28, '2009-02-24 03:49:24', '2009-03-02 20:54:29'),
(11, 'Lost All My Numbers', '', 1, 1, 0, 0, 0, '2009-03-01 15:12:22', '2009-03-01 15:14:59'),
(12, 'exqSoft Hosting and Portfolio', '', 1, 1, 0, 1, 0, '2009-03-04 23:19:44', '2009-03-07 18:40:08'),
(13, 'Coupld', '', 7, 1, 1, 22, 21, '2009-03-06 04:51:02', '2009-03-09 16:02:33');

-- --------------------------------------------------------

-- 
-- Table structure for table `severities`
-- 

CREATE TABLE `severities` (
  `id` int(11) NOT NULL auto_increment,
  `name` varchar(255) NOT NULL default '',
  `order` int(11) NOT NULL default '0',
  PRIMARY KEY  (`id`)
) ENGINE=InnoDB DEFAULT CHARSET=latin1;

-- 
-- Dumping data for table `severities`
-- 

INSERT INTO `severities` (`id`, `name`, `order`) VALUES (1, 'Trivial', 1),
(2, 'Minor', 2),
(3, 'Normal', 3),
(4, 'Major', 4),
(5, 'Critical', 5);

-- --------------------------------------------------------

-- 
-- Table structure for table `statuses`
-- 

CREATE TABLE `statuses` (
  `id` int(11) NOT NULL auto_increment,
  `name` varchar(255) NOT NULL default '',
  `order` int(11) NOT NULL default '0',
  PRIMARY KEY  (`id`)
) ENGINE=InnoDB DEFAULT CHARSET=latin1;

-- 
-- Dumping data for table `statuses`
-- 

INSERT INTO `statuses` (`id`, `name`, `order`) VALUES (1, 'New', 1),
(4, 'Resolved', 8),
(5, 'Duplicate', 3),
(6, 'Reopened', 5),
(7, 'Assigned', 2),
(8, 'Won''t Fix', 4),
(9, 'Pending', 6),
(10, 'To Merge', 7);

-- --------------------------------------------------------

-- 
-- Table structure for table `ticket_changes`
-- 

CREATE TABLE `ticket_changes` (
  `id` int(11) NOT NULL auto_increment,
  `ticket_id` int(11) NOT NULL default '0',
  `user_id` int(11) NOT NULL default '0',
  `type_id` int(11) NOT NULL default '0',
  `element_id` int(11) NOT NULL default '0',
  `severity_id` int(11) NOT NULL default '0',
  `priority_id` int(11) NOT NULL default '0',
  `version_id` int(11) NOT NULL default '0',
  `milestone_id` int(11) NOT NULL default '0',
  `description` longtext,
  `resolution` longtext,
  `status_id` int(11) NOT NULL default '0',
  `is_active` tinyint(1) NOT NULL default '0',
  `due` datetime default NULL,
  `completed` datetime default NULL,
  `created` datetime default NULL,
  PRIMARY KEY  (`id`)
) ENGINE=InnoDB DEFAULT CHARSET=latin1;

-- 
-- Dumping data for table `ticket_changes`
-- 

INSERT INTO `ticket_changes` (`id`, `ticket_id`, `user_id`, `type_id`, `element_id`, `severity_id`, `priority_id`, `version_id`, `milestone_id`, `description`, `resolution`, `status_id`, `is_active`, `due`, `completed`, `created`) VALUES (1, 146, 1, 1, 16, 5, 5, 2, 4, NULL, NULL, 1, 0, NULL, NULL, '2009-02-27 23:43:55'),
(2, 146, 1, 1, 16, 5, 5, 2, 4, NULL, NULL, 7, 0, NULL, NULL, '2009-02-27 23:58:27'),
(3, 52, 1, 3, 23, 5, 1, 2, 10, NULL, NULL, 1, 0, NULL, NULL, '2009-02-28 00:01:12'),
(4, 142, 1, 1, 1, 1, 1, 2, 3, NULL, NULL, 4, 1, NULL, '2009-02-28 00:01:00', '2009-02-28 00:01:59'),
(5, 53, 1, 3, 24, 5, 1, 2, 10, NULL, NULL, 1, 0, NULL, NULL, '2009-02-28 00:10:06'),
(6, 62, 1, 3, 11, 5, 1, 2, 10, NULL, NULL, 1, 0, NULL, NULL, '2009-02-28 00:11:47'),
(7, 54, 1, 3, 25, 5, 1, 2, 10, NULL, NULL, 1, 0, NULL, NULL, '2009-02-28 00:13:36'),
(8, 59, 1, 3, 26, 5, 1, 2, 10, NULL, NULL, 1, 0, NULL, NULL, '2009-02-28 00:13:56'),
(9, 60, 1, 5, 1, 5, 1, 2, 10, NULL, NULL, 1, 0, NULL, NULL, '2009-02-28 00:14:24'),
(10, 61, 1, 3, 10, 5, 1, 2, 10, NULL, NULL, 1, 0, NULL, NULL, '2009-02-28 00:14:49'),
(11, 79, 1, 5, 1, 5, 5, 2, 10, NULL, NULL, 1, 0, NULL, NULL, '2009-02-28 00:15:12'),
(12, 81, 1, 3, 27, 5, 1, 2, 10, NULL, NULL, 1, 0, NULL, NULL, '2009-02-28 00:15:36'),
(13, 86, 1, 2, 1, 5, 5, 2, 4, NULL, NULL, 1, 0, NULL, NULL, '2009-02-28 00:16:11'),
(14, 98, 1, 2, 27, 1, 1, 2, 10, NULL, NULL, 1, 0, NULL, NULL, '2009-02-28 00:16:40'),
(15, 99, 1, 3, 20, 1, 1, 2, 10, NULL, NULL, 1, 0, NULL, NULL, '2009-02-28 00:17:10'),
(16, 100, 1, 1, 30, 1, 1, 2, 10, NULL, NULL, 1, 0, NULL, NULL, '2009-02-28 00:17:54'),
(17, 101, 1, 3, 30, 1, 1, 2, 10, NULL, NULL, 1, 0, NULL, NULL, '2009-02-28 00:18:18'),
(18, 113, 1, 3, 1, 1, 1, 2, 4, 're-order them in drop-downs so they appear in expected order', NULL, 1, 0, NULL, NULL, '2009-02-28 00:19:18'),
(19, 115, 1, 2, 1, 1, 1, 2, 4, NULL, NULL, 1, 0, NULL, NULL, '2009-02-28 00:19:50'),
(20, 146, 1, 1, 16, 5, 5, 2, 4, NULL, NULL, 1, 0, NULL, NULL, '2009-02-28 00:20:16'),
(21, 6, 1, 3, 2, 1, 1, 1, 2, NULL, NULL, 1, 0, NULL, NULL, '2009-02-28 00:49:55'),
(22, 7, 1, 1, 4, 1, 1, 6, 2, NULL, NULL, 1, 0, NULL, NULL, '2009-02-28 00:50:25'),
(23, 6, 1, 3, 2, 5, 5, 1, 2, NULL, NULL, 1, 0, NULL, NULL, '2009-02-28 00:50:36'),
(24, 7, 1, 5, 4, 1, 1, 6, 2, NULL, NULL, 1, 0, NULL, NULL, '2009-02-28 00:51:00'),
(25, 8, 1, 5, 1, 1, 1, 1, 2, NULL, NULL, 1, 0, NULL, NULL, '2009-02-28 00:51:21'),
(26, 7, 1, 5, 4, 1, 1, 1, 2, NULL, NULL, 1, 0, NULL, NULL, '2009-02-28 00:51:31'),
(27, 9, 1, 5, 1, 5, 5, 1, 2, NULL, NULL, 1, 0, NULL, NULL, '2009-02-28 00:51:56'),
(28, 7, 1, 5, 4, 1, 1, 1, 12, NULL, NULL, 1, 1, NULL, NULL, '2009-02-28 00:52:16'),
(29, 10, 1, 5, 1, 5, 1, 1, 12, NULL, NULL, 1, 1, NULL, NULL, '2009-02-28 00:52:59'),
(30, 11, 1, 5, 6, 1, 1, 1, 12, NULL, NULL, 1, 1, NULL, NULL, '2009-02-28 00:53:27'),
(31, 12, 1, 4, 1, 1, 1, 1, 12, NULL, NULL, 1, 0, NULL, NULL, '2009-02-28 00:53:44'),
(32, 13, 1, 3, 8, 5, 1, 1, 12, NULL, NULL, 1, 1, NULL, NULL, '2009-02-28 00:54:26'),
(33, 14, 1, 3, 31, 5, 1, 1, 12, NULL, NULL, 1, 1, NULL, NULL, '2009-02-28 00:55:08'),
(34, 15, 1, 3, 1, 5, 5, 1, 2, NULL, NULL, 1, 1, NULL, NULL, '2009-02-28 00:55:41'),
(35, 16, 1, 5, 1, 1, 1, 1, 12, NULL, NULL, 1, 1, NULL, NULL, '2009-02-28 01:01:53'),
(36, 17, 1, 5, 10, 5, 1, 1, 12, NULL, NULL, 1, 1, NULL, NULL, '2009-02-28 01:02:41'),
(37, 18, 1, 5, 4, 5, 5, 1, 2, NULL, NULL, 1, 0, NULL, NULL, '2009-02-28 01:03:17'),
(38, 21, 1, 3, 1, 5, 5, 1, 2, NULL, NULL, 1, 1, NULL, NULL, '2009-02-28 01:04:31'),
(39, 23, 1, 5, 4, 1, 1, 1, 12, NULL, NULL, 1, 1, NULL, NULL, '2009-02-28 01:04:54'),
(40, 25, 1, 3, 33, 5, 5, 1, 2, NULL, NULL, 1, 0, NULL, NULL, '2009-02-28 01:06:01'),
(41, 26, 1, 3, 9, 5, 1, 1, 12, NULL, NULL, 1, 1, NULL, NULL, '2009-02-28 01:06:31'),
(42, 27, 1, 3, 9, 5, 1, 1, 12, NULL, NULL, 1, 1, NULL, NULL, '2009-02-28 01:07:12'),
(43, 28, 1, 3, 12, 5, 1, 1, 12, NULL, NULL, 1, 1, NULL, NULL, '2009-02-28 01:07:45'),
(44, 29, 1, 3, 9, 5, 1, 1, 12, NULL, NULL, 1, 1, NULL, NULL, '2009-02-28 01:08:39'),
(45, 30, 1, 3, 9, 5, 1, 1, 12, NULL, NULL, 1, 1, NULL, NULL, '2009-02-28 01:09:10'),
(46, 31, 1, 3, 33, 5, 5, 1, 2, NULL, NULL, 1, 0, NULL, NULL, '2009-02-28 01:09:39'),
(47, 32, 1, 1, 1, 1, 1, 1, 1, NULL, NULL, 8, 1, NULL, '2009-02-28 01:09:00', '2009-02-28 01:10:46'),
(48, 35, 1, 2, 6, 5, 5, 1, 2, NULL, NULL, 1, 1, NULL, NULL, '2009-02-28 01:11:28'),
(49, 44, 1, 2, 1, 5, 5, 1, 2, NULL, NULL, 1, 0, NULL, NULL, '2009-02-28 01:11:53'),
(50, 67, 1, 2, 1, 5, 5, 1, 2, NULL, NULL, 1, 0, NULL, NULL, '2009-02-28 01:12:18'),
(51, 104, 1, 1, 1, 5, 5, 1, 2, NULL, NULL, 1, 0, NULL, NULL, '2009-02-28 01:12:52'),
(52, 87, 1, 3, 1, 5, 5, 3, 5, NULL, NULL, 1, 0, NULL, NULL, '2009-02-28 02:11:55'),
(53, 88, 1, 3, 1, 1, 1, 3, 13, NULL, NULL, 1, 1, NULL, NULL, '2009-02-28 02:12:27'),
(54, 90, 1, 3, 34, 5, 5, 3, 5, NULL, NULL, 1, 0, NULL, NULL, '2009-02-28 02:13:29'),
(55, 91, 1, 3, 1, 5, 5, 3, 5, NULL, NULL, 1, 0, NULL, NULL, '2009-02-28 02:13:48'),
(56, 92, 1, 3, 34, 5, 5, 3, 5, NULL, NULL, 1, 0, NULL, NULL, '2009-02-28 02:14:24'),
(57, 93, 1, 3, 11, 5, 5, 10, 11, NULL, NULL, 1, 1, NULL, NULL, '2009-02-28 02:16:03'),
(58, 94, 1, 1, 1, 1, 1, 4, 3, NULL, NULL, 4, 1, NULL, '2009-02-28 02:16:00', '2009-02-28 02:16:24'),
(59, 147, 1, 5, 1, 5, 5, 10, 11, NULL, NULL, 1, 1, NULL, NULL, '2009-02-28 02:17:02'),
(60, 95, 1, 3, 11, 5, 5, 10, 11, NULL, NULL, 1, 1, NULL, NULL, '2009-02-28 02:17:28'),
(61, 102, 1, 3, 11, 5, 5, 10, 11, NULL, NULL, 1, 1, NULL, NULL, '2009-02-28 02:17:52'),
(62, 146, 1, 1, 16, 5, 5, 2, 4, NULL, NULL, 1, 0, NULL, '2009-02-28 02:31:00', '2009-02-28 02:31:09'),
(63, 146, 1, 1, 16, 5, 5, 2, 4, NULL, NULL, 4, 1, NULL, '2009-02-28 02:31:00', '2009-02-28 02:31:27'),
(64, 148, 1, 1, 1, 1, 1, 2, 3, 'test', NULL, 1, 0, NULL, NULL, '2009-02-28 02:37:06'),
(65, 148, 1, 1, 1, 1, 1, 2, 3, 'test', NULL, 5, 1, NULL, '2009-02-28 02:37:00', '2009-02-28 02:37:43'),
(66, 149, 1, 1, 1, 1, 1, 1, 1, NULL, NULL, 1, 0, NULL, NULL, '2009-02-28 02:37:53'),
(67, 149, 1, 1, 1, 1, 1, 1, 1, NULL, NULL, 5, 1, NULL, '2009-02-28 02:38:00', '2009-02-28 02:38:25'),
(68, 150, 1, 1, 1, 1, 1, 3, 3, NULL, NULL, 1, 0, NULL, NULL, '2009-02-28 02:38:36'),
(69, 150, 1, 1, 1, 1, 1, 3, 3, NULL, NULL, 5, 1, NULL, '2009-02-28 02:38:00', '2009-02-28 02:38:49'),
(70, 151, 1, 1, 1, 1, 1, 4, 3, NULL, NULL, 1, 0, NULL, NULL, '2009-02-28 02:38:59'),
(71, 151, 1, 1, 1, 1, 1, 4, 3, NULL, NULL, 5, 1, NULL, '2009-02-28 02:39:00', '2009-02-28 02:39:15'),
(72, 152, 1, 1, 1, 1, 1, 2, 3, NULL, NULL, 1, 0, NULL, NULL, '2009-02-28 02:58:34'),
(73, 153, 1, 1, 1, 1, 1, 2, 3, NULL, NULL, 1, 0, NULL, NULL, '2009-02-28 02:58:51'),
(74, 154, 1, 1, 1, 1, 1, 2, 3, NULL, NULL, 1, 0, NULL, NULL, '2009-02-28 03:00:06'),
(75, 155, 1, 1, 1, 1, 1, 2, 3, NULL, NULL, 1, 0, NULL, NULL, '2009-02-28 03:00:51'),
(76, 152, 1, 1, 1, 1, 1, 2, 3, NULL, NULL, 5, 1, NULL, '2009-02-28 03:02:00', '2009-02-28 03:02:59'),
(77, 153, 1, 1, 1, 1, 1, 2, 3, NULL, NULL, 5, 1, NULL, '2009-02-28 03:09:00', '2009-02-28 03:10:02'),
(78, 154, 1, 1, 1, 1, 1, 2, 3, NULL, NULL, 5, 1, NULL, '2009-02-28 03:10:00', '2009-02-28 03:10:21'),
(79, 155, 1, 1, 1, 1, 1, 2, 3, NULL, NULL, 5, 1, NULL, '2009-02-28 03:10:00', '2009-02-28 03:10:47'),
(80, 156, 1, 1, 1, 1, 1, 1, 1, NULL, NULL, 1, 0, NULL, NULL, '2009-02-28 03:16:44'),
(81, 156, 1, 1, 1, 1, 1, 1, 1, NULL, NULL, 1, 1, NULL, '2009-02-28 03:16:00', '2009-02-28 03:17:01'),
(82, 157, 1, 1, 1, 1, 1, 3, 3, NULL, NULL, 1, 0, NULL, NULL, '2009-02-28 03:17:19'),
(83, 157, 1, 1, 1, 1, 1, 3, 3, NULL, NULL, 1, 1, NULL, '2009-02-28 03:17:00', '2009-02-28 03:17:32'),
(84, 158, 1, 1, 1, 1, 1, 4, 3, NULL, NULL, 1, 0, NULL, NULL, '2009-02-28 03:17:45'),
(85, 158, 1, 1, 1, 1, 1, 4, 3, NULL, NULL, 1, 1, NULL, '2009-02-28 03:17:00', '2009-02-28 03:17:59'),
(86, 115, 1, 2, 1, 1, 1, 2, 4, NULL, NULL, 4, 1, NULL, '2009-02-28 03:18:00', '2009-02-28 03:18:29'),
(87, 113, 1, 3, 1, 1, 1, 2, 4, 're-order them in drop-downs so they appear in expected order', NULL, 4, 1, NULL, '2009-02-28 04:04:00', '2009-02-28 04:05:09'),
(88, 159, 1, 2, 35, 1, 1, 2, 4, NULL, NULL, 1, 0, NULL, NULL, '2009-02-28 04:15:05'),
(89, 159, 1, 2, 35, 1, 1, 2, 4, NULL, NULL, 4, 1, NULL, '2009-02-28 04:23:00', '2009-02-28 04:23:49'),
(90, 86, 1, 2, 1, 5, 5, 2, 10, NULL, NULL, 1, 0, NULL, NULL, '2009-02-28 04:24:11'),
(91, 160, 1, 3, 36, 5, 5, 3, 5, NULL, NULL, 1, 0, NULL, NULL, '2009-02-28 05:56:55'),
(92, 87, 1, 3, 1, 5, 5, 3, 5, NULL, NULL, 4, 1, NULL, '2009-02-28 17:56:00', '2009-02-28 17:56:22'),
(93, 91, 1, 3, 1, 5, 5, 3, 5, NULL, NULL, 4, 1, NULL, '2009-02-28 17:56:00', '2009-02-28 17:56:41'),
(94, 90, 1, 3, 34, 5, 5, 3, 5, NULL, NULL, 4, 1, NULL, '2009-02-28 17:56:00', '2009-02-28 17:56:57'),
(95, 161, 1, 3, 37, 5, 5, 3, 5, NULL, NULL, 1, 0, NULL, NULL, '2009-02-28 17:58:01'),
(96, 162, 1, 1, 34, 5, 5, 3, 5, NULL, NULL, 1, 0, NULL, NULL, '2009-02-28 18:03:28'),
(97, 163, 1, 3, 10, 5, 5, 3, 5, NULL, NULL, 1, 0, NULL, NULL, '2009-02-28 18:13:24'),
(98, 160, 1, 3, 36, 1, 1, 3, 13, NULL, NULL, 1, 1, NULL, NULL, '2009-02-28 18:15:23'),
(99, 92, 1, 3, 34, 1, 1, 3, 13, NULL, NULL, 1, 1, NULL, NULL, '2009-02-28 18:15:49'),
(100, 164, 1, 3, 10, 5, 5, 10, 11, NULL, NULL, 1, 1, NULL, NULL, '2009-02-28 22:48:36'),
(101, 104, 1, 1, 1, 5, 5, 1, 2, NULL, NULL, 5, 1, NULL, '2009-03-01 15:35:00', '2009-03-01 15:35:26'),
(102, 67, 1, 2, 1, 5, 5, 1, 2, NULL, NULL, 4, 1, NULL, '2009-03-01 19:41:00', '2009-03-01 19:41:43'),
(103, 44, 1, 2, 1, 5, 5, 1, 2, NULL, NULL, 4, 1, NULL, '2009-03-01 19:45:00', '2009-03-01 19:45:17'),
(104, 9, 1, 5, 1, 5, 5, 1, 2, NULL, NULL, 4, 1, NULL, '2009-03-01 19:45:00', '2009-03-01 19:45:52'),
(105, 8, 1, 5, 1, 1, 1, 1, 12, NULL, NULL, 1, 0, NULL, NULL, '2009-03-01 19:46:33'),
(106, 85, 1, 5, 7, 5, 5, 9, 9, NULL, NULL, 1, 0, NULL, NULL, '2009-03-01 19:51:35'),
(107, 85, 1, 5, 7, 5, 5, 9, 9, NULL, NULL, 4, 1, NULL, '2009-03-02 04:06:00', '2009-03-02 04:06:57'),
(108, 165, 1, 1, 6, 1, 1, 6, 2, NULL, NULL, 1, 0, NULL, NULL, '2009-03-02 04:18:06'),
(109, 166, 1, 1, 1, 1, 1, 9, 9, NULL, NULL, 1, 0, NULL, NULL, '2009-03-02 05:09:13'),
(110, 167, 1, 2, 22, 1, 1, 9, 9, NULL, NULL, 1, 0, NULL, NULL, '2009-03-02 05:40:27'),
(111, 168, 1, 5, 6, 1, 1, 9, 9, NULL, NULL, 1, 0, NULL, NULL, '2009-03-02 05:44:26'),
(112, 169, 1, 5, 1, 5, 5, 9, 9, NULL, NULL, 1, 1, NULL, NULL, '2009-03-02 05:45:42'),
(113, 170, 1, 5, 10, 5, 1, 9, 9, NULL, NULL, 1, 1, NULL, NULL, '2009-03-02 05:52:55'),
(114, 171, 1, 5, 1, 5, 5, 9, 9, NULL, NULL, 1, 0, NULL, NULL, '2009-03-02 06:24:24'),
(115, 172, 1, 3, 1, 5, 5, 9, 9, NULL, NULL, 1, 1, NULL, NULL, '2009-03-02 06:25:31'),
(116, 173, 1, 5, 1, 5, 5, 9, 9, 'for example: is_approved', NULL, 1, 0, NULL, NULL, '2009-03-02 06:28:38'),
(117, 174, 1, 5, 22, 5, 5, 9, 9, NULL, NULL, 1, 0, NULL, NULL, '2009-03-02 06:32:14'),
(118, 175, 1, 5, 1, 5, 5, 9, 9, NULL, NULL, 1, 0, NULL, NULL, '2009-03-02 06:33:28'),
(119, 176, 1, 3, 1, 1, 1, 9, 9, NULL, NULL, 1, 1, NULL, NULL, '2009-03-02 07:10:28'),
(120, 177, 1, 3, 1, 1, 1, 9, 9, NULL, NULL, 1, 1, NULL, NULL, '2009-03-02 07:11:07'),
(121, 178, 1, 2, 1, 1, 1, 9, 9, NULL, NULL, 1, 1, NULL, NULL, '2009-03-02 07:17:05'),
(122, 179, 1, 5, 1, 1, 1, 9, 9, NULL, NULL, 1, 0, NULL, NULL, '2009-03-02 07:23:24'),
(123, 180, 1, 5, 1, 5, 5, 9, 9, NULL, NULL, 1, 0, NULL, NULL, '2009-03-02 07:28:41'),
(124, 181, 1, 5, 1, 1, 1, 9, 9, NULL, NULL, 1, 1, NULL, NULL, '2009-03-02 07:38:10'),
(125, 182, 1, 1, 1, 5, 5, 2, 10, NULL, NULL, 1, 0, NULL, NULL, '2009-03-02 08:17:23'),
(126, 183, 1, 5, 1, 1, 1, 9, 9, NULL, NULL, 1, 1, NULL, NULL, '2009-03-02 09:03:09'),
(127, 184, 1, 2, 1, 1, 1, 9, 9, NULL, NULL, 1, 1, NULL, NULL, '2009-03-02 09:03:29'),
(128, 185, 1, 2, 1, 5, 5, 12, 10, NULL, NULL, 1, 0, NULL, NULL, '2009-03-02 09:30:26'),
(129, 186, 1, 3, 1, 1, 1, 7, 3, NULL, NULL, 1, 0, NULL, NULL, '2009-03-02 09:31:47'),
(130, 186, 1, 3, 1, 1, 1, 9, 9, NULL, NULL, 1, 1, NULL, NULL, '2009-03-02 09:32:02'),
(131, 187, 1, 2, 1, 1, 1, 9, 9, NULL, NULL, 1, 1, NULL, NULL, '2009-03-02 09:32:23'),
(132, 166, 1, 1, 1, 1, 1, 9, 9, NULL, NULL, 4, 1, NULL, '2009-03-02 09:32:00', '2009-03-02 09:32:59'),
(133, 168, 1, 5, 6, 1, 1, 9, 9, NULL, NULL, 4, 1, NULL, '2009-03-02 09:33:00', '2009-03-02 09:33:18'),
(134, 188, 1, 2, 1, 1, 1, 9, 9, 'also create a way for user to set how often it can repeat', NULL, 1, 1, NULL, NULL, '2009-03-02 09:36:57'),
(135, 189, 1, 5, 1, 5, 5, 9, 9, NULL, NULL, 1, 1, NULL, NULL, '2009-03-02 10:16:25'),
(136, 190, 1, 5, 1, 1, 1, 9, 9, NULL, NULL, 1, 1, NULL, NULL, '2009-03-02 10:23:26'),
(137, 191, 1, 5, 1, 5, 5, 9, 9, NULL, NULL, 1, 1, NULL, NULL, '2009-03-02 11:07:34'),
(138, 192, 1, 5, 1, 1, 1, 9, 9, NULL, NULL, 1, 1, NULL, NULL, '2009-03-02 11:17:46'),
(139, 193, 1, 2, 1, 1, 1, 9, 9, NULL, NULL, 1, 1, NULL, NULL, '2009-03-02 16:04:44'),
(140, 194, 1, 3, 1, 5, 5, 9, 9, NULL, NULL, 1, 1, NULL, NULL, '2009-03-02 16:07:07'),
(141, 195, 1, 2, 1, 1, 1, 9, 9, NULL, NULL, 1, 1, NULL, NULL, '2009-03-02 16:19:24'),
(142, 196, 1, 5, 22, 1, 1, 9, 9, NULL, NULL, 1, 1, NULL, NULL, '2009-03-02 16:29:52'),
(143, 167, 1, 2, 22, 1, 1, 9, 9, NULL, NULL, 4, 1, NULL, '2009-03-02 16:38:00', '2009-03-02 16:38:16'),
(144, 197, 1, 5, 1, 5, 5, 9, 9, NULL, NULL, 1, 1, NULL, NULL, '2009-03-02 16:42:16'),
(145, 198, 1, 2, 1, 1, 1, 9, 9, NULL, NULL, 1, 0, NULL, NULL, '2009-03-02 16:42:41'),
(146, 199, 1, 5, 1, 5, 5, 9, 9, NULL, NULL, 1, 1, NULL, NULL, '2009-03-02 16:44:08'),
(147, 200, 1, 5, 1, 1, 1, 9, 9, NULL, NULL, 1, 1, NULL, NULL, '2009-03-02 16:44:44'),
(148, 201, 1, 2, 1, 5, 5, 9, 9, NULL, NULL, 1, 1, NULL, NULL, '2009-03-02 16:45:10'),
(149, 171, 1, 5, 1, 5, 5, 9, 9, NULL, NULL, 4, 1, NULL, '2009-03-02 16:45:00', '2009-03-02 16:45:29'),
(150, 173, 1, 5, 1, 5, 5, 9, 9, 'for example: is_approved', NULL, 4, 1, NULL, '2009-03-02 16:46:00', '2009-03-02 16:46:28'),
(151, 202, 1, 2, 1, 5, 4, 9, 9, NULL, NULL, 1, 1, NULL, NULL, '2009-03-02 16:50:27'),
(152, 203, 1, 2, 1, 5, 5, 9, 9, NULL, NULL, 1, 1, NULL, NULL, '2009-03-02 16:52:56'),
(153, 204, 1, 2, 1, 1, 1, 9, 9, NULL, NULL, 1, 1, NULL, NULL, '2009-03-02 16:54:04'),
(154, 174, 1, 5, 22, 5, 5, 9, 9, NULL, NULL, 4, 1, NULL, '2009-03-02 16:54:00', '2009-03-02 16:54:54'),
(155, 175, 1, 5, 1, 5, 5, 9, 9, NULL, 'this would hinder the users', 8, 1, NULL, '2009-03-02 16:56:00', '2009-03-02 16:56:40'),
(156, 179, 1, 5, 1, 1, 1, 9, 9, NULL, NULL, 5, 1, NULL, '2009-03-02 16:58:00', '2009-03-02 16:59:04'),
(157, 180, 1, 5, 1, 5, 5, 9, 9, NULL, NULL, 5, 1, NULL, '2009-03-02 16:59:00', '2009-03-02 16:59:18'),
(158, 198, 1, 2, 1, 1, 1, 9, 9, NULL, NULL, 4, 1, NULL, '2009-03-02 17:10:00', '2009-03-02 17:10:55'),
(159, 205, 1, 2, 1, 1, 1, 9, 9, NULL, NULL, 1, 1, NULL, NULL, '2009-03-02 20:54:28'),
(160, 206, 6, 1, 10, 5, 1, 2, 3, 'guest users are able to do CRUD.', NULL, 1, 0, NULL, NULL, '2009-03-02 23:35:14'),
(161, 207, 6, 1, 11, 3, 1, 2, 3, 'When editing a user...the password is replaced with the hash password saved in the DB. This leads into losing the original users password if the user saved the profile without re-entering the password in the field.', NULL, 1, 0, NULL, NULL, '2009-03-04 06:27:11'),
(162, 207, 6, 1, 11, 3, 1, 12, 4, 'When editing a user...the password is replaced with the hash password saved in the DB. This leads into losing the original users password if the user saved the profile without re-entering the password in the field.', NULL, 1, 0, NULL, NULL, '2009-03-04 06:35:34'),
(163, 206, 6, 1, 10, 5, 1, 12, 10, 'guest users are able to do CRUD.', NULL, 1, 0, NULL, NULL, '2009-03-04 06:37:22'),
(164, 207, 6, 1, 11, 3, 1, 12, 10, 'When editing a user...the password is replaced with the hash password saved in the DB. This leads into losing the original users password if the user saved the profile without re-entering the password in the field.', NULL, 1, 0, NULL, NULL, '2009-03-04 06:39:45'),
(165, 207, 6, 1, 11, 3, 1, 12, 10, 'When editing a user...the password is replaced with the hash password saved in the DB. This leads into losing the original users password if the user saved the profile without re-entering the password in the field.', 'changes at the fork.\r\n\r\ncontrollers/users_controller.php\r\nmodels/user.php\r\nviews/users/edit.php\r\n\r\ncode review: http://tinyurl.com/bc5xpd', 9, 0, NULL, NULL, '2009-03-04 08:08:01'),
(166, 207, 6, 1, 11, 3, 1, 12, 10, 'When editing a user...the password is replaced with the hash password saved in the DB. This leads into losing the original users password if the user saved the profile without re-entering the password in the field.', 'changes at the fork.\r\n\r\ncontrollers/users_controller.php\r\nmodels/user.php\r\nviews/users/edit.php\r\n\r\ncode review: http://tinyurl.com/bc5xpd', 10, 0, NULL, NULL, '2009-03-04 14:29:51'),
(167, 207, 6, 1, 11, 3, 1, 12, 10, 'When editing a user...the password is replaced with the hash password saved in the DB. This leads into losing the original users password if the user saved the profile without re-entering the password in the field.', 'changes at the fork.\r\n\r\ncontrollers/users_controller.php\r\nmodels/user.php\r\nviews/users/edit.php\r\n\r\ncode review: http://tinyurl.com/bc5xpd', 6, 0, NULL, NULL, '2009-03-04 14:32:36'),
(168, 182, 1, 1, 1, 5, 5, 2, 10, NULL, NULL, 8, 1, NULL, '2009-03-04 23:15:00', '2009-03-04 23:16:02'),
(169, 207, 6, 1, 11, 3, 1, 12, 10, 'When editing a user...the password is replaced with the hash password saved in the DB. This leads into losing the original users password if the user saved the profile without re-entering the password in the field.', 'changes at the fork.\r\n\r\ncontrollers/users_controller.php\r\nmodels/user.php\r\nviews/users/edit.php\r\n--\r\nPurJam mentioned blank passwords won''t update, closing ticket', 4, 1, NULL, '2009-03-04 23:16:00', '2009-03-04 23:16:59'),
(170, 61, 1, 3, 10, 5, 1, 2, 10, NULL, 'PurJam implemented ACL properly', 4, 1, NULL, '2009-03-04 23:17:00', '2009-03-04 23:17:47'),
(171, 79, 1, 5, 1, 5, 5, 2, 10, NULL, NULL, 4, 1, NULL, '2009-03-04 23:18:00', '2009-03-04 23:18:59'),
(172, 212, 1, 1, 1, 1, 1, 7, 3, 'test', NULL, 1, 0, NULL, NULL, '2009-03-06 09:04:31'),
(173, 212, 1, 1, 1, 1, 1, 7, 3, 'test', NULL, 8, 1, NULL, '2009-03-06 09:05:00', '2009-03-06 09:05:48'),
(174, 213, 6, 1, 6, 2, 1, 12, 10, 'modified file not found...should be updated.\r\n\r\nchange in the fork.', NULL, 9, 0, NULL, NULL, '2009-03-07 03:07:51'),
(175, 213, 6, 1, 6, 2, 1, 12, 10, 'modified field not found...should be updated.\r\n\r\nchange in the fork.', NULL, 9, 0, NULL, NULL, '2009-03-07 03:08:39'),
(176, 214, 6, 1, 6, 2, 1, 12, 10, 'remove link to group name view...since view file for groups are not needed.', NULL, 1, 0, NULL, NULL, '2009-03-07 03:14:35'),
(177, 215, 7, 5, 1, 1, 1, 13, 15, 'speed dating :Quickly contact many potential matches with a single email or wink. Use any of your saved searches, or the currently-loaded seach results. Then specify the method of contact, and click Submit. There is a limit of 100 winks or messages per hour with this feature.\r\nwith overlap control (recommended). With this option, users who you''ve messaged or winked at within the past  days will be skipped.\r\n\r\n', NULL, 1, 0, NULL, NULL, '2009-03-07 03:22:13'),
(178, 215, 7, 5, 1, 1, 1, 13, 15, 'speed dating:Quickly contact many potential matches with a single email or wink. Use any of your saved searches, or the currently-loaded seach results. Then specify the method of contact, and click Submit. There is a limit of 100 winks or messages per hour with this feature.\r\nwith overlap control (recommended). With this option, users who you''ve messaged or winked at within the past  days will be skipped.\r\n\r\n', NULL, 1, 0, NULL, NULL, '2009-03-07 03:22:52'),
(179, 214, 6, 1, 6, 2, 1, 12, 10, 'remove link to group name view...since view file for groups are not needed.', NULL, 9, 0, NULL, NULL, '2009-03-07 03:31:22'),
(180, 216, 1, 2, 3, 1, 1, 1, 2, NULL, NULL, 1, 0, NULL, NULL, '2009-03-07 16:53:01'),
(181, 217, 1, 5, 1, 1, 1, 1, 2, NULL, NULL, 1, 0, NULL, NULL, '2009-03-07 17:00:56'),
(182, 12, 1, 4, 1, 1, 1, 1, 12, NULL, NULL, 8, 1, NULL, '2009-03-07 17:50:00', '2009-03-07 17:50:09'),
(183, 18, 1, 5, 4, 5, 5, 1, 2, NULL, NULL, 8, 1, NULL, '2009-03-07 17:50:00', '2009-03-07 17:50:31'),
(184, 217, 1, 5, 1, 1, 1, 1, 2, NULL, NULL, 8, 1, NULL, '2009-03-07 17:51:00', '2009-03-07 17:51:14'),
(185, 8, 1, 5, 1, 1, 1, 1, 12, NULL, NULL, 4, 1, NULL, '2009-03-07 18:24:00', '2009-03-07 18:24:29'),
(186, 218, 1, 1, 22, 5, 5, 1, 2, NULL, NULL, 1, 0, NULL, NULL, '2009-03-07 18:25:55'),
(187, 6, 1, 3, 2, 5, 5, 1, 12, NULL, NULL, 1, 1, NULL, NULL, '2009-03-07 18:26:50'),
(188, 25, 1, 3, 33, 5, 5, 1, 12, NULL, NULL, 1, 1, NULL, NULL, '2009-03-07 18:27:13'),
(189, 31, 1, 3, 33, 5, 5, 1, 12, NULL, NULL, 1, 1, NULL, NULL, '2009-03-07 18:27:26'),
(190, 165, 1, 1, 6, 1, 1, 6, 2, NULL, NULL, 4, 1, NULL, '2009-03-07 18:27:00', '2009-03-07 18:27:43'),
(191, 216, 1, 2, 3, 1, 1, 1, 12, NULL, NULL, 1, 1, NULL, NULL, '2009-03-07 18:28:13'),
(192, 219, 1, 3, 1, 5, 5, 1, 2, NULL, NULL, 1, 1, NULL, NULL, '2009-03-07 18:29:10'),
(193, 220, 1, 5, 7, 5, 5, 13, 15, NULL, NULL, 1, 1, NULL, NULL, '2009-03-07 18:29:50'),
(194, 221, 1, 3, 1, 1, 1, 13, 15, NULL, NULL, 1, 1, NULL, NULL, '2009-03-07 18:31:56'),
(195, 222, 1, 3, 1, 1, 1, 13, 15, 'limit feedback to dating preferences, i.e. don''t let someone comment or vote if they are not a potential match for the receiver', NULL, 1, 1, NULL, NULL, '2009-03-07 18:32:46'),
(196, 223, 1, 3, 1, 1, 1, 13, 15, 'linked to profile, voting on pictures', NULL, 1, 1, NULL, NULL, '2009-03-07 18:33:32'),
(197, 224, 1, 3, 1, 1, 1, 13, 15, 'show segment of random profile based on user''s sexual preferences when sending message, wink, etc', NULL, 1, 1, NULL, NULL, '2009-03-07 18:34:09'),
(198, 225, 1, 3, 1, 1, 1, 13, 15, NULL, NULL, 1, 0, NULL, NULL, '2009-03-07 18:34:26'),
(199, 226, 1, 3, 1, 1, 1, 13, 15, 'quick search / advanced search / saved searches / keyword search / screen name search, saved searches per profile', NULL, 1, 0, NULL, NULL, '2009-03-07 18:34:52'),
(200, 227, 1, 3, 1, 1, 1, 13, 15, NULL, NULL, 1, 0, NULL, NULL, '2009-03-07 18:35:08'),
(201, 228, 1, 3, 1, 1, 1, 13, 15, 'is premium service', NULL, 1, 1, NULL, NULL, '2009-03-07 18:35:31'),
(202, 229, 1, 3, 1, 1, 1, 13, 15, NULL, NULL, 1, 0, NULL, NULL, '2009-03-07 18:35:46'),
(203, 230, 1, 3, 1, 1, 1, 13, 15, 'store map coordinate under users, multiple locations per user, search multiple locations at once', NULL, 1, 0, NULL, NULL, '2009-03-07 18:36:27'),
(204, 231, 1, 5, 1, 1, 1, 13, 15, NULL, NULL, 1, 1, NULL, NULL, '2009-03-07 18:36:41'),
(205, 215, 7, 5, 1, 1, 1, 13, 15, 'speed dating:Quickly contact many potential matches with a single email or wink. Use any of your saved searches, or the currently-loaded seach results. Then specify the method of contact, and click Submit. There is a limit of 100 winks or messages per hour with this feature.\r\nwith overlap control (recommended). With this option, users who you''ve messaged or winked at within the past  days will be skipped.\r\n\r\n', NULL, 8, 0, NULL, '2009-03-07 18:36:00', '2009-03-07 18:36:59'),
(206, 215, 7, 5, 1, 1, 1, 13, 15, 'speed dating:Quickly contact many potential matches with a single email or wink. Use any of your saved searches, or the currently-loaded seach results. Then specify the method of contact, and click Submit. There is a limit of 100 winks or messages per hour with this feature.\r\nwith overlap control (recommended). With this option, users who you''ve messaged or winked at within the past  days will be skipped.\r\n\r\n', NULL, 5, 1, NULL, '2009-03-07 18:36:00', '2009-03-07 18:37:07'),
(207, 232, 1, 3, 1, 1, 1, 13, 15, NULL, NULL, 1, 0, NULL, NULL, '2009-03-07 18:37:39'),
(208, 233, 1, 3, 1, 1, 1, 13, 15, NULL, NULL, 1, 1, NULL, NULL, '2009-03-07 18:37:53'),
(209, 234, 1, 3, 1, 1, 1, 13, 15, 'notifications on new users in the area, based on saved searches', NULL, 1, 0, NULL, NULL, '2009-03-07 18:38:27'),
(210, 81, 1, 3, 27, 5, 1, 2, 10, NULL, NULL, 4, 1, NULL, '2009-03-08 00:45:00', '2009-03-08 00:45:22'),
(211, 185, 1, 2, 1, 5, 5, 12, 10, NULL, NULL, 4, 1, NULL, '2009-03-08 00:49:00', '2009-03-08 00:49:14'),
(212, 214, 6, 1, 6, 2, 1, 12, 10, 'remove link to group name view...since view file for groups are not needed.', NULL, 4, 1, NULL, '2009-03-08 01:12:00', '2009-03-08 01:12:31'),
(213, 213, 6, 1, 6, 2, 1, 12, 10, 'modified field not found...should be updated.\r\n\r\nchange in the fork.', NULL, 4, 1, NULL, '2009-03-08 01:12:00', '2009-03-08 01:12:41'),
(214, 54, 1, 3, 25, 5, 1, 2, 16, NULL, NULL, 1, 0, NULL, NULL, '2009-03-08 01:15:18'),
(215, 62, 1, 3, 11, 5, 1, 2, 16, NULL, NULL, 1, 0, NULL, NULL, '2009-03-08 01:15:33'),
(216, 99, 1, 3, 20, 1, 1, 2, 16, NULL, NULL, 1, 0, NULL, NULL, '2009-03-08 01:15:48'),
(217, 100, 1, 1, 30, 1, 1, 2, 16, NULL, NULL, 1, 0, NULL, NULL, '2009-03-08 01:15:56'),
(218, 101, 1, 3, 30, 1, 1, 2, 16, NULL, NULL, 1, 0, NULL, NULL, '2009-03-08 01:16:05'),
(219, 235, 1, 1, 1, 1, 1, 12, 10, NULL, NULL, 1, 0, NULL, NULL, '2009-03-08 01:28:48'),
(220, 206, 6, 1, 10, 5, 1, 12, 10, 'guest users are able to do CRUD.', NULL, 4, 1, NULL, '2009-03-08 01:58:00', '2009-03-08 01:59:03'),
(221, 235, 1, 1, 1, 1, 1, 12, 10, NULL, NULL, 4, 1, NULL, '2009-03-08 03:53:00', '2009-03-08 03:54:00'),
(222, 98, 1, 2, 27, 1, 1, 2, 16, NULL, NULL, 1, 0, NULL, NULL, '2009-03-08 03:54:20'),
(223, 53, 1, 3, 24, 5, 1, 2, 16, NULL, NULL, 1, 0, NULL, NULL, '2009-03-08 03:54:40'),
(224, 59, 1, 3, 26, 5, 1, 2, 16, NULL, NULL, 1, 0, NULL, NULL, '2009-03-08 03:54:55'),
(225, 60, 1, 5, 1, 5, 1, 2, 16, NULL, NULL, 1, 0, NULL, NULL, '2009-03-08 03:55:05'),
(226, 236, 1, 2, 16, 1, 5, 12, 10, NULL, NULL, 1, 0, NULL, NULL, '2009-03-08 03:55:45'),
(227, 236, 1, 2, 16, 1, 5, 12, 16, NULL, NULL, 1, 0, NULL, NULL, '2009-03-08 04:08:22'),
(228, 86, 1, 2, 1, 5, 5, 2, 16, NULL, NULL, 1, 0, NULL, NULL, '2009-03-08 04:08:38'),
(229, 52, 1, 3, 23, 5, 1, 2, 16, NULL, NULL, 1, 0, NULL, NULL, '2009-03-08 04:08:55'),
(230, 218, 1, 1, 22, 5, 5, 1, 2, NULL, NULL, 4, 1, NULL, '2009-03-08 08:14:00', '2009-03-08 10:14:37'),
(231, 225, 1, 3, 1, 1, 1, 13, 15, 'the favorite profile and blocked profile list can be managed/updated by the user.\r\n\r\nNote that these are stored per profile, not per user (in other words, user1''s profile A can have multiple favorite/blocked profiles that he can manage at any time, and user1''s profile B, C, D... also has separate lists of favorite/blocked profiles that can be managed)\r\n\r\n', NULL, 1, 0, NULL, NULL, '2009-03-08 17:24:18'),
(232, 227, 1, 3, 1, 1, 1, 13, 15, 'an admin interface to control membership types, add new types etc.\r\nAlso the admin should be able to look at all users/profiles in the system and upgrade/downgrade a user''s membership type - for example from the free/lite version to either the silver or gold versions.\r\n\r\nSee "membership management" in the admin section of osDate to get an idea.\r\nEach membership type has a name, and price/currency, along with a list of features/actions available for that membership type.\r\nThe admin should be able to dynamically change the list of features available for a certain membership type (via checkboxes..example: enable/disable multiple profiles for a membership type, allow/disallow private photo albums, allow/disallow speed dating; and via fields..example: maximum number of messages that can be sent per day, number of days a message can be kept, etc. etc.)\r\n\r\nThe following list was taken from oSDate - my list will be VERY different, but this is to give you an idea:\r\n\r\nName (of membership type): *	 \r\nPrice: *	 \r\nCurrency:	 \r\nAllow event management.	yes/no\r\nAllow instant messaging.	\r\nAllow pictures uploads.	\r\nAllow private albums.	\r\nNumber of pictures allowed to upload.	 \r\nNumber of profile pictures allowed.	 \r\nAllow save profiles.	\r\nNumber of profiles allowed to be saved.	 \r\nAllow user to set preferences.	\r\nAllow video uploads.	\r\nNumber of videos allowed to upload.	 \r\nInclude in search results.	\r\nManage buddy/ban/hot list.	\r\nNumber of messages to keep.	 \r\nNumber of days a message can be kept.	 \r\nNumber of messages which can be sent per day.	 \r\nParticipate in blog.	\r\nParticipate in chat.	\r\nParticipate in forum.	\r\nParticipate in poll.	\r\nPerform extended search.	\r\nSend message to mailbox.	\r\nSend winks.	\r\nNumber of winks which can be sent per day.	 \r\nView profile pictures.	\r\nValid for how many days?\r\n', NULL, 1, 0, NULL, NULL, '2009-03-08 18:15:37'),
(233, 226, 1, 3, 1, 1, 1, 13, 15, 'quick search / advanced search / saved searches / keyword search / screen name search, saved searches per profile\r\n\r\nEvery quick/advanced search user executes can be saved as a ''saved search'' if user checks "save this search" checkbox. If he checks this box, a text field is displayed for him to put in a name for that saved search.\r\n\r\nMatches are shown in 2 "View options" (identical to downtoearth.com)\r\nGallery View and Detail view (icons for gallery view and detail view active/inactive to be taken from downtoearth.com, for now at least)\r\nIn Gallery view each match shown contains:\r\n1. username above the main profile picture. \r\n2. one of ''online today/yesterday/2 days ago/N days ago/this week/this month'' should be shown below the picture\r\n3. Send a wink/flirt should be shown below that\r\n4. link to N more photos\r\n\r\nIn Detail view each match shown contains all of the above, along with:\r\nage, location ,seeking (man/woman 25 to 45 etc), title (in bold), part of description (with a ''Read More'' link)\r\n\r\nAfter a user logs in, he is shown his matches.\r\nMatches can be sorted by (dropdown, default being distance away from me): age, most recent login, newest users, distance away from me, photo count\r\n\r\nUser can click on the ''+'' sign next to ''Adjust your search criteria'' - when he clicks on this ''+'' sign, it becomes a ''-'' sign (see downtoearth.com for example) and he is shown:\r\nI am a man/woman seeking a man/woman\r\nage: xxx to yyy (age xxx and yyy starts with 18, and goes on to 120)\r\nwithin (x) miles of city/zip code. ''x'' miles is a text box.\r\nThere also is a check box for ''Show profiles with photos only''\r\nWHen he clicks ''update'' his matches get updated.', NULL, 1, 0, NULL, NULL, '2009-03-08 19:19:35'),
(234, 226, 1, 3, 1, 1, 1, 13, 15, 'quick search / advanced search / saved searches / keyword search / screen name search, saved searches per profile\r\n\r\nEvery quick/advanced search user executes can be saved as a ''saved search'' if user checks "save this search" checkbox. If he checks this box, a text field is displayed for him to put in a name for that saved search.\r\n\r\nMatches are shown in 2 "View options" (identical to downtoearth.com)\r\nGallery View and Detail view (icons for gallery view and detail view active/inactive to be taken from downtoearth.com, for now at least)\r\nIn Gallery view each match shown contains:\r\n1. username above the main profile picture. \r\n2. one of ''online today/yesterday/2 days ago/N days ago/this week/this month'' should be shown below the picture\r\n3. Send a wink/flirt should be shown below that\r\n4. link to N more photos\r\n\r\nIn Detail view each match shown contains all of the above, along with:\r\nage, location ,seeking (man/woman 25 to 45 etc), title (in bold), part of description (with a ''Read More'' link)\r\n\r\nAfter a user logs in, he is shown his matches.\r\nMatches can be sorted by (dropdown, default being distance away from me): age, most recent login, newest users, distance away from me, photo count\r\n\r\nUser can click on the ''+'' sign next to ''Adjust your search criteria'' - when he clicks on this ''+'' sign, it becomes a ''-'' sign (see downtoearth.com for example) and he is shown:\r\nI am a man/woman seeking a man/woman\r\nage: xxx to yyy (age xxx and yyy starts with 18, and goes on to 120)\r\nwithin (x) miles of city/zip code. ''x'' miles is a text box.\r\nThere also is a check box for ''Show profiles with photos only''\r\nWHen he clicks ''update'' his matches get updated. Important for this page to be in Ajax, i.e no page reloads.', NULL, 1, 0, NULL, NULL, '2009-03-08 19:20:41'),
(235, 229, 1, 3, 1, 1, 1, 13, 15, 'User can upgrade his account from free/lite to the other paid membership types, using paypal (and if possible other payment processing systems)\r\n\r\nThe admin should be able to look at all users/profiles in the system and upgrade/downgrade a user''s membership type - for example from the free/lite version to either the silver or gold versions.\r\n\r\nDefault should be: Free for Lite, $2.99 per month for silver, $4.99 per month for gold\r\n', NULL, 1, 0, NULL, NULL, '2009-03-08 19:54:43'),
(236, 237, 7, 5, 1, 1, 1, 7, 3, 'A user can specify certain questions that need to be answered by every other person that tries to contact him/her.\r\nThis list of questions can be updated by the user at any time, and new questions be added.\r\nEvery time a new question is created, the user can check a checkbox as an option to apply that question to ALL profiles, or only that profile.\r\n\r\nThe other piece of this is that when I try to contact (email) that user, I would have to answer those questions before I am able to send my message.\r\nNote that the answers to the questions are not validated, and are sent along with my message to the user, who gets to see my answers/responses along with my message at the same time. sender is reminded to ''be honest''.\r\n\r\nThese answers get added to the sender''s profile by default, under ''Recent questions answered'', unless the sender chooses otherwise.\r\n\r\n', NULL, 1, 0, NULL, NULL, '2009-03-08 20:05:22'),
(237, 238, 7, 1, 1, 1, 1, 7, 3, 'Each profile has 1 blog, with a WYSIWYG editor (there are some open source ones available). Blog entries can be voted/rated, commented on, with a max. number of comments per blog entry.\r\nThe blog itself has a name and description.\r\nSee osdate for an example of this.\r\n\r\n\r\n', NULL, 1, 0, NULL, NULL, '2009-03-08 20:12:11'),
(238, 230, 1, 3, 1, 1, 1, 13, 15, 'store map coordinate under users, multiple locations per user, search multiple locations at once\r\n\r\nUser can add more locations via the google map interface/API (I have some code that sort of works)\r\n\r\nWhen a user is searching, he is shown all of his locations checked with checkboxes - unless he unchecks the box that location will be searches.', NULL, 1, 0, NULL, NULL, '2009-03-08 20:15:33'),
(239, 239, 7, 5, 1, 1, 1, 7, 3, 'every user i initiated contact with or who initiated contact with me is saved under ''My Little Black Book''. See downtoearth.com for an example.\r\nWhen I go to my black book I am shown every user I have ever contacted or has contacted me.\r\nThe format should be similar to Gallery view, except it shows the action taken and when it was taken.\r\nExample: ''You flirted with her 1 hr ago'', ''You messaged her 3 days ago'' etc. below the picture. \r\n\r\n2 options here, both dropdowns:\r\nSort by: most recent, username, most active, my turn first\r\nShow: Everyone(N, or total number of users in the black book), My favorites (N), Sent flirts (N), Received Flirts (N), Message Sent (N), Message Received (N), Rated (N), Not yet Rated (N), Removed (N)\r\n\r\n\r\nEvery profile I ever clicked on is saved (users I might have found interesting), sorted by last clicked on. This will be a separate list, and will be a super-set of ''My little black book''\r\n\r\n', NULL, 1, 0, NULL, NULL, '2009-03-08 20:26:05'),
(240, 232, 1, 3, 1, 1, 1, 13, 15, 'on a per profile basis (not just per user)', NULL, 1, 1, NULL, NULL, '2009-03-08 20:27:55'),
(241, 234, 1, 3, 1, 1, 1, 13, 15, 'Notification options are (each can be selected individually via a check box in user''s preferences)\r\n1. Whos hot near me - notifications on new users in the area, based on saved searches\r\n2. whos looking for me\r\n3. whos seen my profile\r\n4. whos got new photos\r\n5. whos new to coupld in my area\r\n6. whos online now in my area\r\n\r\n', NULL, 1, 0, NULL, NULL, '2009-03-08 20:32:12'),
(242, 240, 7, 1, 1, 1, 1, 7, 3, 'Users can buy (and send other users) virtual gifts from the gift shop/store.\r\nThese arent free, each gift costs a certain number of points, that can be accumulated or bought.\r\nEvery unique day a user logs in, he gets one point.\r\nUser starts off with a certain number of points depending on his membership type.\r\n\r\n', NULL, 1, 0, NULL, NULL, '2009-03-08 20:36:53'),
(243, 234, 1, 3, 1, 1, 1, 13, 15, 'Notification options are (each can be selected individually via a check box in user''s preferences)\r\n1. Whos hot near me - notifications on new users in the area, based on saved searches\r\n2. whos looking for me\r\n3. whos seen my profile\r\n4. whos got new photos\r\n5. whos new to coupld in my area\r\n6. whos online now in my area\r\n\r\nThis is separate from notifications received from my favorites'' profile updates, picture uploads and so forth.\r\n', NULL, 1, 0, NULL, NULL, '2009-03-08 20:40:20'),
(244, 241, 7, 5, 1, 1, 1, 13, 15, 'Each user can ask questions for free, each question falls into a category and subcategory.\r\nThese questions are available to everybody on the site, and not restricted to people in my area or based on preference.\r\nQuestions can be answered by going to the ''Open Questions'' tab - where they can be answered. There you see a thumbnail and link to the profile of the person who asked the question, followed by the question subject and description.\r\nWith every question answered, the user accumulates N points (this value of N can be configured from the admin interface). \r\nThe person that asked the question can select a ''Best Answer'' - which marks the question as ''Resolved''. For every best answer, the person that answered the question gets M points (again M can be configured from the admin interface).\r\n\r\nIn all this tab has:\r\nAsk (questions), Answer (open questions), Resolved questions.\r\n\r\n\r\nLast 3 questions asked are shown on my profile (with a link More.. to all questions asked by me)\r\nLast 3 questions answered are shown on my profile (with a link More.. to all questions answered by me)\r\n\r\n\r\n', NULL, 1, 0, NULL, NULL, '2009-03-08 20:57:54'),
(245, 240, 7, 1, 1, 1, 1, 13, 15, 'Users can buy (and send other users) virtual gifts from the gift shop/store.\r\nThese arent free, each gift costs a certain number of points, that can be accumulated or bought.\r\nEvery unique day a user logs in, he gets N points (this value N can be configured from the admin interface).\r\nUser starts off with a certain number of points depending on his membership type.\r\n\r\n', NULL, 1, 1, NULL, NULL, '2009-03-08 20:59:34'),
(246, 242, 7, 1, 1, 1, 1, 7, 3, 'Ability to chat with users in real time, like on facebook.\r\nSee osdate/facebook for examples.', NULL, 1, 0, NULL, NULL, '2009-03-08 21:01:16'),
(247, 243, 6, 1, 30, 3, 3, 12, 10, 'There is something weird on the url when you use the file plugin...the toolbars link added the file context....like http://localhost/kinspire/file/uploads. then when you click on button at the toolbar..like users, it becomes like this...http://localhost/kinspire/file/users/index. should be http://localhost/kinspire/users/index.', NULL, 1, 0, NULL, NULL, '2009-03-08 23:40:00'),
(248, 243, 6, 1, 30, 3, 3, 12, 16, 'There is something weird on the url when you use the file plugin...the toolbars link added the file context....like http://localhost/kinspire/file/uploads. then when you click on button at the toolbar..like users, it becomes like this...http://localhost/kinspire/file/users/index. should be http://localhost/kinspire/users/index.', NULL, 1, 0, NULL, NULL, '2009-03-09 08:40:43'),
(249, 237, 7, 5, 1, 1, 1, 13, 15, 'A user can specify certain questions that need to be answered by every other person that tries to contact him/her.\r\nThis list of questions can be updated by the user at any time, and new questions be added.\r\nEvery time a new question is created, the user can check a checkbox as an option to apply that question to ALL profiles, or only that profile.\r\n\r\nThe other piece of this is that when I try to contact (email) that user, I would have to answer those questions before I am able to send my message.\r\nNote that the answers to the questions are not validated, and are sent along with my message to the user, who gets to see my answers/responses along with my message at the same time. sender is reminded to ''be honest''.\r\n\r\nThese answers get added to the sender''s profile by default, under ''Recent questions answered'', unless the sender chooses otherwise.\r\n\r\n', NULL, 1, 0, NULL, NULL, '2009-03-09 16:36:35'),
(250, 238, 7, 1, 1, 1, 1, 13, 15, 'Each profile has 1 blog, with a WYSIWYG editor (there are some open source ones available). Blog entries can be voted/rated, commented on, with a max. number of comments per blog entry.\r\nThe blog itself has a name and description.\r\nSee osdate for an example of this.\r\n\r\n\r\n', NULL, 1, 0, NULL, NULL, '2009-03-09 14:37:07'),
(251, 239, 7, 5, 1, 1, 1, 13, 15, 'every user i initiated contact with or who initiated contact with me is saved under ''My Little Black Book''. See downtoearth.com for an example.\r\nWhen I go to my black book I am shown every user I have ever contacted or has contacted me.\r\nThe format should be similar to Gallery view, except it shows the action taken and when it was taken.\r\nExample: ''You flirted with her 1 hr ago'', ''You messaged her 3 days ago'' etc. below the picture. \r\n\r\n2 options here, both dropdowns:\r\nSort by: most recent, username, most active, my turn first\r\nShow: Everyone(N, or total number of users in the black book), My favorites (N), Sent flirts (N), Received Flirts (N), Message Sent (N), Message Received (N), Rated (N), Not yet Rated (N), Removed (N)\r\n\r\n\r\nEvery profile I ever clicked on is saved (users I might have found interesting), sorted by last clicked on. This will be a separate list, and will be a super-set of ''My little black book''\r\n\r\n', NULL, 1, 0, NULL, NULL, '2009-03-09 14:37:30'),
(252, 244, 1, 5, 1, 1, 1, 12, 16, NULL, NULL, 1, 0, NULL, NULL, '2009-03-09 15:47:32'),
(253, 161, 1, 3, 37, 5, 5, 3, 13, NULL, NULL, 1, 1, NULL, NULL, '2009-03-09 17:51:14'),
(254, 162, 1, 1, 34, 5, 5, 3, 13, NULL, NULL, 1, 1, NULL, NULL, '2009-03-09 15:51:27'),
(255, 163, 1, 3, 10, 5, 5, 3, 13, NULL, NULL, 1, 1, NULL, NULL, '2009-03-09 15:51:37'),
(256, 242, 7, 1, 1, 1, 1, 13, 15, 'Ability to chat with users in real time, like on facebook.\r\nSee osdate/facebook for examples.', NULL, 1, 1, NULL, NULL, '2009-03-09 15:52:33'),
(257, 225, 1, 3, 1, 1, 1, 13, 15, NULL, NULL, 1, 1, NULL, NULL, '2009-03-09 15:57:15'),
(258, 226, 1, 3, 1, 1, 1, 13, 15, 'quick search / advanced search / saved searches / keyword search / screen name search, saved searches per profile', NULL, 1, 1, NULL, NULL, '2009-03-09 15:58:02'),
(259, 227, 1, 3, 1, 1, 1, 13, 15, NULL, NULL, 1, 1, NULL, NULL, '2009-03-09 15:58:29'),
(260, 229, 1, 3, 1, 1, 1, 13, 15, 'User can upgrade his account from free/lite to the other paid membership types, using paypal (and if possible other payment processing systems)', NULL, 1, 1, NULL, NULL, '2009-03-09 15:59:03'),
(261, 230, 1, 3, 1, 1, 1, 13, 15, 'store map coordinate under users, multiple locations per user, search multiple locations at once', NULL, 1, 1, NULL, NULL, '2009-03-09 15:59:31'),
(262, 245, 1, 5, 16, 1, 1, 14, 16, NULL, NULL, 1, 0, NULL, NULL, '2009-03-09 16:00:10'),
(263, 234, 1, 3, 1, 1, 1, 13, 15, NULL, NULL, 1, 1, NULL, NULL, '2009-03-09 16:00:44'),
(264, 237, 7, 5, 1, 1, 1, 13, 15, NULL, NULL, 1, 1, NULL, NULL, '2009-03-09 16:01:10'),
(265, 238, 7, 1, 1, 1, 1, 13, 15, NULL, NULL, 1, 1, NULL, NULL, '2009-03-09 16:01:34'),
(266, 239, 7, 5, 1, 1, 1, 13, 15, 'every user i initiated contact with or who initiated contact with me is saved under ''My Little Black Book''. ', NULL, 1, 1, NULL, NULL, '2009-03-09 16:01:56'),
(267, 241, 7, 5, 1, 1, 1, 13, 15, 'Each user can ask questions for free, each question falls into a category and subcategory.', NULL, 1, 1, NULL, NULL, '2009-03-09 16:02:33'),
(268, 245, 1, 5, 16, 1, 1, 14, 16, NULL, NULL, 4, 1, NULL, '2009-03-09 16:12:00', '2009-03-09 16:12:43'),
(269, 246, 1, 1, 1, 1, 1, 2, 3, NULL, NULL, 1, 0, NULL, NULL, '2009-03-09 16:13:26'),
(270, 246, 1, 2, 16, 1, 1, 14, 16, NULL, NULL, 1, 0, NULL, NULL, '2009-03-09 16:13:46'),
(271, 60, 1, 5, 1, 5, 1, 2, 16, NULL, NULL, 5, 1, NULL, '2009-03-09 16:15:00', '2009-03-09 16:15:25'),
(272, 243, 6, 1, 30, 3, 5, 14, 16, 'There is something weird on the url when you use the file plugin...the toolbars link added the file context....like http://localhost/kinspire/file/uploads. then when you click on button at the toolbar..like users, it becomes like this...http://localhost/kinspire/file/users/index. should be http://localhost/kinspire/users/index.', NULL, 1, 0, NULL, NULL, '2009-03-09 16:16:49'),
(273, 53, 1, 3, 24, 3, 3, 2, 16, NULL, NULL, 1, 0, NULL, NULL, '2009-03-09 16:17:07'),
(274, 54, 1, 3, 25, 3, 3, 2, 16, NULL, NULL, 1, 1, NULL, NULL, '2009-03-09 16:17:18'),
(275, 59, 1, 3, 26, 3, 3, 2, 16, NULL, NULL, 1, 1, NULL, NULL, '2009-03-09 16:17:28'),
(276, 86, 1, 2, 1, 3, 5, 2, 16, NULL, NULL, 1, 1, NULL, NULL, '2009-03-09 16:17:44'),
(277, 98, 1, 2, 27, 3, 3, 2, 16, NULL, NULL, 1, 1, NULL, NULL, '2009-03-09 16:17:57'),
(278, 99, 1, 3, 20, 3, 3, 2, 16, NULL, NULL, 1, 1, NULL, NULL, '2009-03-09 16:18:09'),
(279, 52, 1, 3, 23, 5, 5, 2, 16, NULL, NULL, 1, 0, NULL, NULL, '2009-03-09 16:18:19'),
(280, 100, 1, 3, 30, 3, 3, 2, 16, NULL, NULL, 1, 0, NULL, NULL, '2009-03-09 16:18:45'),
(281, 101, 1, 3, 30, 3, 3, 2, 16, NULL, NULL, 1, 1, NULL, NULL, '2009-03-09 16:19:02'),
(282, 236, 1, 2, 16, 5, 5, 12, 16, NULL, NULL, 1, 0, NULL, NULL, '2009-03-09 16:19:18'),
(283, 244, 1, 5, 1, 5, 5, 12, 16, NULL, NULL, 1, 0, NULL, NULL, '2009-03-09 16:19:46'),
(284, 246, 1, 2, 16, 5, 5, 14, 16, NULL, NULL, 1, 0, NULL, NULL, '2009-03-09 16:20:05'),
(285, 246, 1, 2, 16, 3, 5, 14, 16, NULL, NULL, 1, 0, NULL, NULL, '2009-03-09 16:20:30'),
(286, 62, 1, 3, 11, 5, 3, 2, 16, NULL, NULL, 1, 0, NULL, NULL, '2009-03-09 16:20:54'),
(287, 246, 1, 2, 16, 5, 5, 14, 16, NULL, NULL, 1, 0, NULL, NULL, '2009-03-09 16:21:14'),
(288, 244, 1, 5, 1, 5, 5, 12, 16, NULL, NULL, 1, 0, NULL, NULL, '2009-03-09 16:22:47'),
(289, 100, 1, 3, 30, 3, 3, 2, 16, NULL, NULL, 1, 0, NULL, NULL, '2009-03-09 16:23:10'),
(290, 52, 1, 3, 23, 5, 5, 2, 16, NULL, NULL, 1, 0, NULL, NULL, '2009-03-09 16:24:19'),
(291, 246, 1, 2, 16, 5, 5, 14, 16, NULL, NULL, 4, 1, NULL, '2009-03-09 18:32:00', '2009-03-09 18:32:15'),
(292, 243, 6, 1, 30, 3, 5, 14, 16, 'There is something weird on the url when you use the file plugin...the toolbars link added the file context....like http://localhost/kinspire/file/uploads. then when you click on button at the toolbar..like users, it becomes like this...http://localhost/kinspire/file/users/index. should be http://localhost/kinspire/users/index.', '''plugin''=>null - added to links to ignore plugin route', 4, 1, NULL, '2009-03-09 19:01:00', '2009-03-09 19:01:50'),
(293, 247, 1, 5, 16, 1, 1, 14, 16, NULL, NULL, 1, 0, NULL, NULL, '2009-03-09 19:20:36'),
(294, 236, 1, 2, 16, 5, 5, 12, 16, NULL, NULL, 8, 1, NULL, '2009-03-09 19:23:00', '2009-03-09 19:23:38'),
(295, 62, 1, 3, 11, 5, 3, 2, 16, NULL, NULL, 1, 0, NULL, NULL, '2009-03-09 19:24:32'),
(296, 248, 1, 1, 1, 1, 1, 2, 3, 'test', NULL, 1, 0, NULL, NULL, '2009-03-09 22:57:04'),
(297, 248, 1, 1, 1, 1, 1, 2, 3, 'test', NULL, 1, 0, NULL, NULL, '2009-03-09 23:10:45'),
(298, 248, 1, 1, 1, 1, 1, 2, 3, 'test', NULL, 5, 1, NULL, '2009-03-09 23:11:00', '2009-03-09 23:12:02'),
(299, 52, 1, 3, 23, 5, 5, 2, 16, NULL, NULL, 1, 1, NULL, NULL, '2009-03-09 23:14:01'),
(300, 53, 1, 3, 24, 3, 3, 2, 16, NULL, NULL, 1, 1, NULL, NULL, '2009-03-09 23:14:16'),
(301, 62, 1, 3, 11, 5, 3, 2, 16, NULL, NULL, 1, 1, NULL, NULL, '2009-03-09 23:15:01'),
(302, 100, 1, 3, 30, 3, 3, 2, 16, NULL, NULL, 1, 1, NULL, NULL, '2009-03-09 23:15:20'),
(303, 244, 1, 5, 1, 5, 5, 12, 16, NULL, NULL, 1, 1, NULL, NULL, '2009-03-09 23:15:33'),
(304, 247, 1, 5, 16, 1, 1, 14, 16, NULL, NULL, 1, 1, NULL, NULL, '2009-03-09 23:16:01'),
(305, 249, 1, 2, 1, 1, 1, 14, 16, 'for example, "new element" would be on the projects list page', NULL, 1, 0, NULL, NULL, '2009-03-09 23:17:42'),
(306, 249, 1, 2, 1, 1, 1, 14, 16, 'for example, "new element" would be on the projects list page', NULL, 1, 1, NULL, NULL, '2009-03-09 23:17:49');

-- --------------------------------------------------------

-- 
-- Table structure for table `ticket_comments`
-- 

CREATE TABLE `ticket_comments` (
  `id` int(11) NOT NULL auto_increment,
  `ticket_id` int(11) NOT NULL default '0',
  `user_id` int(11) NOT NULL default '0',
  `title` varchar(255) NOT NULL default '',
  `body` longtext NOT NULL,
  `created` datetime default NULL,
  `updated` datetime default NULL,
  PRIMARY KEY  (`id`)
) ENGINE=InnoDB DEFAULT CHARSET=latin1;

-- 
-- Dumping data for table `ticket_comments`
-- 

INSERT INTO `ticket_comments` (`id`, `ticket_id`, `user_id`, `title`, `body`, `created`, `updated`) VALUES (1, 87, 1, 'showing Lisa', 'showing her how we do it', '2009-02-25 21:45:45', '2009-02-25 21:45:45'),
(2, 97, 1, 'the best way', 'I think the best way to do it is to create a complete function', '2009-02-26 00:37:23', '2009-02-26 00:37:23'),
(3, 127, 1, 'test', 'comment', '2009-02-27 02:39:08', '2009-02-27 02:39:08'),
(4, 170, 1, 'location of method', 'put it in the before... function so that only record owners can delete/modify their records. example: if ($this->Auth->user(''id'') === $this->data[''Model''][''id'']) { $this->Session->setFlash($this->Auth->loginFail); $this->redirect($this->Auth->loginAction); }', '2009-03-02 05:57:43', '2009-03-02 05:57:43'),
(5, 170, 1, 'possible locations', 'beforeSave afterSave beforeDelete afterDelete beforeFind afterFind', '2009-03-02 05:59:41', '2009-03-02 05:59:41'),
(6, 170, 1, 'a sub-task', 'add check in recipe ingredients to make sure only owner is adding', '2009-03-02 16:58:06', '2009-03-02 16:58:06'),
(7, 170, 1, 'another sub-task', 'add public flag check on recipe view', '2009-03-02 16:58:49', '2009-03-02 16:58:49'),
(8, 191, 1, 'i am thinking meal_sides', 'meal hasMany meal_sides', '2009-03-02 17:00:43', '2009-03-02 17:00:43'),
(9, 207, 1, '', '', '2009-03-04 14:27:08', '2009-03-04 14:27:08'),
(10, 207, 1, '', 'there''s no need to add the tinyurl in the future, but thank you for doing it that time - I can already easily find your changes on thechaw. I like your changes and I will get those merged as soon as possible, thank you.', '2009-03-04 14:27:56', '2009-03-04 14:27:56'),
(11, 207, 1, '', 'now that I think about it, there needs to be a method added so that when the password field is left blank, it won''t be updated at all, that way when you edit the user, the password can remain the same if you choose so. would you mind taking care of that? thank you.', '2009-03-04 14:31:38', '2009-03-04 14:31:38'),
(12, 220, 1, '', 'users\r\n\r\ngroups\r\n\r\nprofiles\r\n\r\nprofile_fields\r\n\r\nprofile_field_types\r\n\r\nprofile_profile_fields\r\n\r\ngifts\r\n\r\ngift_categories', '2009-03-07 18:31:19', '2009-03-07 18:31:19'),
(13, 228, 1, '', 'speed dating:Quickly contact many potential matches with a single email or wink. Use any of your saved searches, or the currently-loaded seach results. Then specify the method of contact, and click Submit. There is a limit of 100 winks or messages per hour with this feature.\r\nwith overlap control (recommended). With this option, users who you''ve messaged or winked at within the past  days will be skipped.', '2009-03-07 18:37:22', '2009-03-07 18:37:22'),
(14, 225, 1, '', 'the favorite profile and blocked profile list can be managed/updated by the user. Note that these are stored per profile, not per user (in other words, user1''s profile A can have multiple favorite/blocked profiles that he can manage at any time, and user1''s profile B, C, D... also has separate lists of favorite/blocked profiles that can be managed)', '2009-03-09 15:57:07', '2009-03-09 15:57:07'),
(15, 226, 1, '', 'Every quick/advanced search user executes can be saved as a ''saved search'' if user checks "save this search" checkbox. If he checks this box, a text field is displayed for him to put in a name for that saved search. Matches are shown in 2 "View options" (identical to downtoearth.com) Gallery View and Detail view (icons for gallery view and detail view active/inactive to be taken from downtoearth.com, for now at least) In Gallery view each match shown contains: 1. username above the main profile picture. 2. one of ''online today/yesterday/2 days ago/N days ago/this week/this month'' should be shown below the picture 3. Send a wink/flirt should be shown below that 4. link to N more photos In Detail view each match shown contains all of the above, along with: age, location ,seeking (man/woman 25 to 45 etc), title (in bold), part of description (with a ''Read More'' link) After a user logs in, he is shown his matches. Matches can be sorted by (dropdown, default being distance away from me): age, most recent login, newest users, distance away from me, photo count User can click on the ''+'' sign next to ''Adjust your search criteria'' - when he clicks on this ''+'' sign, it becomes a ''-'' sign (see downtoearth.com for example) and he is shown: I am a man/woman seeking a man/woman age: xxx to yyy (age xxx and yyy starts with 18, and goes on to 120) within (x) miles of city/zip code. ''x'' miles is a text box. There also is a check box for ''Show profiles with photos only'' WHen he clicks ''update'' his matches get updated. Important for this page to be in Ajax, i.e no page reloads.', '2009-03-09 15:57:43', '2009-03-09 15:57:43'),
(16, 227, 1, '', 'an admin interface to control membership types, add new types etc. Also the admin should be able to look at all users/profiles in the system and upgrade/downgrade a user''s membership type - for example from the free/lite version to either the silver or gold versions. See "membership management" in the admin section of osDate to get an idea. Each membership type has a name, and price/currency, along with a list of features/actions available for that membership type. The admin should be able to dynamically change the list of features available for a certain membership type (via checkboxes..example: enable/disable multiple profiles for a membership type, allow/disallow private photo albums, allow/disallow speed dating; and via fields..example: maximum number of messages that can be sent per day, number of days a message can be kept, etc. etc.) The following list was taken from oSDate - my list will be VERY different, but this is to give you an idea: Name (of membership type): * Price: * Currency: Allow event management. yes/no Allow instant messaging. Allow pictures uploads. Allow private albums. Number of pictures allowed to upload. Number of profile pictures allowed. Allow save profiles. Number of profiles allowed to be saved. Allow user to set preferences. Allow video uploads. Number of videos allowed to upload. Include in search results. Manage buddy/ban/hot list. Number of messages to keep. Number of days a message can be kept. Number of messages which can be sent per day. Participate in blog. Participate in chat. Participate in forum. Participate in poll. Perform extended search. Send message to mailbox. Send winks. Number of winks which can be sent per day. View profile pictures. Valid for how many days?', '2009-03-09 15:58:22', '2009-03-09 15:58:22'),
(17, 229, 1, '', 'The admin should be able to look at all users/profiles in the system and upgrade/downgrade a user''s membership type - for example from the free/lite version to either the silver or gold versions. Default should be: Free for Lite, $2.99 per month for silver, $4.99 per month for gold', '2009-03-09 15:58:56', '2009-03-09 15:58:56'),
(18, 230, 1, '', 'User can add more locations via the google map interface/API (I have some code that sort of works) When a user is searching, he is shown all of his locations checked with checkboxes - unless he unchecks the box that location will be searches. ', '2009-03-09 15:59:24', '2009-03-09 15:59:24'),
(19, 234, 1, '', 'Notification options are (each can be selected individually via a check box in user''s preferences)\r\n1. Whos hot near me - notifications on new users in the area, based on saved searches\r\n2. whos looking for me\r\n3. whos seen my profile\r\n4. whos got new photos\r\n5. whos new to coupld in my area\r\n6. whos online now in my area\r\n\r\nThis is separate from notifications received from my favorites'' profile updates, picture uploads and so forth.\r\n', '2009-03-09 16:00:50', '2009-03-09 16:00:50'),
(20, 237, 1, '', 'A user can specify certain questions that need to be answered by every other person that tries to contact him/her.\r\nThis list of questions can be updated by the user at any time, and new questions be added.\r\nEvery time a new question is created, the user can check a checkbox as an option to apply that question to ALL profiles, or only that profile.\r\n\r\nThe other piece of this is that when I try to contact (email) that user, I would have to answer those questions before I am able to send my message.\r\nNote that the answers to the questions are not validated, and are sent along with my message to the user, who gets to see my answers/responses along with my message at the same time. sender is reminded to ''be honest''.\r\n\r\nThese answers get added to the sender''s profile by default, under ''Recent questions answered'', unless the sender chooses otherwise.\r\n\r\n', '2009-03-09 16:01:15', '2009-03-09 16:01:15'),
(21, 238, 1, '', 'Each profile has 1 blog, with a WYSIWYG editor (there are some open source ones available). Blog entries can be voted/rated, commented on, with a max. number of comments per blog entry.\r\nThe blog itself has a name and description.\r\nSee osdate for an example of this.\r\n\r\n\r\n', '2009-03-09 16:01:40', '2009-03-09 16:01:40'),
(22, 239, 1, '', 'See downtoearth.com for an example.\r\nWhen I go to my black book I am shown every user I have ever contacted or has contacted me.\r\nThe format should be similar to Gallery view, except it shows the action taken and when it was taken.\r\nExample: ''You flirted with her 1 hr ago'', ''You messaged her 3 days ago'' etc. below the picture. \r\n\r\n2 options here, both dropdowns:\r\nSort by: most recent, username, most active, my turn first\r\nShow: Everyone(N, or total number of users in the black book), My favorites (N), Sent flirts (N), Received Flirts (N), Message Sent (N), Message Received (N), Rated (N), Not yet Rated (N), Removed (N)\r\n\r\n\r\nEvery profile I ever clicked on is saved (users I might have found interesting), sorted by last clicked on. This will be a separate list, and will be a super-set of ''My little black book''\r\n\r\n', '2009-03-09 16:02:00', '2009-03-09 16:02:00'),
(23, 241, 1, '', '\r\nThese questions are available to everybody on the site, and not restricted to people in my area or based on preference.\r\nQuestions can be answered by going to the ''Open Questions'' tab - where they can be answered. There you see a thumbnail and link to the profile of the person who asked the question, followed by the question subject and description.\r\nWith every question answered, the user accumulates N points (this value of N can be configured from the admin interface). \r\nThe person that asked the question can select a ''Best Answer'' - which marks the question as ''Resolved''. For every best answer, the person that answered the question gets M points (again M can be configured from the admin interface).\r\n\r\nIn all this tab has:\r\nAsk (questions), Answer (open questions), Resolved questions.\r\n\r\n\r\nLast 3 questions asked are shown on my profile (with a link More.. to all questions asked by me)\r\nLast 3 questions answered are shown on my profile (with a link More.. to all questions answered by me)\r\n\r\n\r\n', '2009-03-09 16:02:38', '2009-03-09 16:02:38'),
(24, 52, 1, '', 'this needs to be finished, we are almost there, we just need to be able to upload a file when we are posting a comment, ticket, etc', '2009-03-09 16:14:47', '2009-03-09 16:14:47'),
(25, 243, 1, '', 'yes I have confirmed this, have not investigated yet', '2009-03-09 16:16:26', '2009-03-09 16:16:26'),
(26, 53, 1, 'an idea', 'maybe something like this, in addition to inboxes? http://ajaxim.com/', '2009-03-09 21:20:15', '2009-03-09 21:20:15');

-- --------------------------------------------------------

-- 
-- Table structure for table `tickets`
-- 

CREATE TABLE `tickets` (
  `id` int(11) NOT NULL auto_increment,
  `title` varchar(255) NOT NULL default '',
  `project_id` int(11) NOT NULL default '0',
  `reporter_id` int(11) NOT NULL default '0',
  `owner_id` int(11) default NULL,
  `is_open` tinyint(1) NOT NULL default '0',
  `created` datetime default NULL,
  `updated` datetime default NULL,
  PRIMARY KEY  (`id`)
) ENGINE=InnoDB DEFAULT CHARSET=latin1;

-- 
-- Dumping data for table `tickets`
-- 

INSERT INTO `tickets` (`id`, `title`, `project_id`, `reporter_id`, `owner_id`, `is_open`, `created`, `updated`) VALUES (1, 'auto-propogate sku to inventories add', 1, 1, NULL, 0, '2009-02-18 01:33:20', '2009-02-18 02:50:22'),
(2, 'add "add button" to indexes', 1, 1, NULL, 0, '2009-02-18 01:38:39', '2009-02-18 03:55:35'),
(3, 'limit abbreviations to varchar 3', 1, 1, NULL, 0, '2009-02-18 01:39:42', '2009-02-18 03:03:42'),
(4, 'remove color categories from add garment', 1, 1, NULL, 0, '2009-02-18 01:40:38', '2009-02-18 02:56:32'),
(5, 'remove color dropbox from add design', 1, 1, NULL, 0, '2009-02-18 01:41:09', '2009-02-18 02:56:23'),
(6, 'implement purchase orders into inventories', 1, 1, NULL, 1, '2009-02-18 01:42:15', '2009-03-07 18:26:50'),
(7, 'implement form validation', 1, 1, NULL, 1, '2009-02-18 02:10:30', '2009-02-28 00:52:16'),
(8, 'remove orphaned objects', 1, 1, NULL, 0, '2009-02-18 02:11:20', '2009-03-07 18:24:29'),
(9, 'format error messages', 1, 1, NULL, 0, '2009-02-18 02:12:15', '2009-03-01 19:45:52'),
(10, 'contain models to optimize app speed', 1, 1, NULL, 1, '2009-02-18 02:13:39', '2009-02-28 00:52:59'),
(11, 'implement view caching', 1, 1, NULL, 1, '2009-02-18 02:14:31', '2009-02-28 00:53:27'),
(12, 'comment the code', 1, 1, NULL, 0, '2009-02-18 02:17:19', '2009-03-07 17:50:09'),
(13, 'ability to create suggested purchase orders', 1, 1, NULL, 1, '2009-02-18 02:19:41', '2009-02-28 00:54:26'),
(14, 'implement gift cards', 1, 1, NULL, 1, '2009-02-18 02:21:42', '2009-02-28 00:55:08'),
(15, 'implement image uploading', 1, 1, NULL, 1, '2009-02-18 02:22:48', '2009-02-28 00:55:41'),
(16, 'admin override for certain actions', 1, 1, NULL, 1, '2009-02-18 02:24:22', '2009-02-28 01:01:53'),
(17, 'implement permissions and finalize ACLs', 1, 1, NULL, 1, '2009-02-18 02:26:03', '2009-02-28 01:02:41'),
(18, 'auto-propogate dashes in phone numbers', 1, 1, NULL, 0, '2009-02-18 02:27:03', '2009-03-07 17:50:31'),
(19, 'auto-capitalize abbreviations', 1, 1, NULL, 0, '2009-02-18 02:27:50', '2009-02-18 04:48:34'),
(20, 'auto-capitalize sku', 1, 1, NULL, 0, '2009-02-18 02:28:11', '2009-02-18 04:48:22'),
(21, 'implement search capability', 1, 1, NULL, 1, '2009-02-18 02:28:54', '2009-02-28 01:04:31'),
(22, 'rename size/color "name" label to "size", etc', 1, 1, NULL, 0, '2009-02-18 02:30:04', '2009-02-18 03:01:06'),
(23, 'add notes/required to form fields', 1, 1, NULL, 1, '2009-02-18 02:30:34', '2009-02-28 01:04:54'),
(24, 'ability to update user passwords', 1, 1, NULL, 0, '2009-02-18 02:31:20', '2009-02-18 04:17:11'),
(25, 'implement barcode generation', 1, 1, NULL, 1, '2009-02-18 02:32:02', '2009-03-07 18:27:13'),
(26, 'create printable view for invoices', 1, 1, NULL, 1, '2009-02-18 02:32:39', '2009-02-28 01:06:31'),
(27, 'create printable and scanable authorization form', 1, 1, NULL, 1, '2009-02-18 02:33:19', '2009-02-28 01:07:12'),
(28, 'ability to batch invoices', 1, 1, NULL, 1, '2009-02-18 02:34:13', '2009-02-28 01:07:45'),
(29, 'ability to void transactions', 1, 1, NULL, 1, '2009-02-18 02:35:00', '2009-02-28 01:08:39'),
(30, 'implement returns', 1, 1, NULL, 1, '2009-02-18 02:36:45', '2009-02-28 01:09:10'),
(31, 'ability to print/generate scan tags', 1, 1, NULL, 1, '2009-02-18 02:37:41', '2009-03-07 18:27:26'),
(32, 'after adding item refresh form pre-propogated', 1, 1, NULL, 0, '2009-02-18 02:52:17', '2009-02-28 01:10:46'),
(33, 'make sure keys are setup in database', 1, 1, NULL, 0, '2009-02-18 04:50:10', '2009-02-18 05:01:36'),
(34, 'consolidate inventory counts on index page', 1, 1, NULL, 0, '2009-02-18 04:55:38', '2009-02-18 05:44:28'),
(35, 'fix nav buttons so they toggle eachother', 1, 1, NULL, 1, '2009-02-18 05:00:52', '2009-02-28 01:11:28'),
(36, 'make dropboxes project specific', 2, 1, NULL, 0, '2009-02-18 07:13:18', '2009-02-18 07:53:04'),
(37, 'implement ticket versioning', 2, 1, NULL, 0, '2009-02-18 13:49:20', '2009-02-19 23:57:14'),
(38, 'implement ticket comments', 2, 1, NULL, 0, '2009-02-18 13:49:39', '2009-02-22 06:12:42'),
(39, 'complete ticket versioning', 2, 1, NULL, 0, '2009-02-19 23:58:04', '2009-02-22 05:00:15'),
(40, 'create database schema', 4, 1, NULL, 0, '2009-02-20 00:03:29', '2009-02-20 01:35:41'),
(41, 'redo timeclock system', 2, 1, NULL, 0, '2009-02-20 01:29:54', '2009-02-21 17:14:39'),
(42, 'bake kollab', 4, 1, NULL, 0, '2009-02-20 01:35:31', '2009-02-21 18:52:52'),
(43, 'design database schema', 3, 1, NULL, 0, '2009-02-20 04:30:31', '2009-02-25 21:44:26'),
(44, 'use inflector to humanize page titles', 1, 1, NULL, 0, '2009-02-20 04:34:17', '2009-03-01 19:45:17'),
(50, 'add companies', 2, 1, NULL, 0, '2009-02-21 13:52:10', '2009-02-21 17:17:13'),
(51, 'implement cms', 3, 1, NULL, 0, '2009-02-21 13:52:35', '2009-02-25 21:44:37'),
(52, 'add file uploads', 2, 1, 6, 1, '2009-02-21 14:14:12', '2009-03-09 23:14:01'),
(53, 'add some form of messaging', 2, 1, 6, 1, '2009-02-21 14:15:27', '2009-03-09 23:14:16'),
(54, 'add tagging', 2, 1, NULL, 1, '2009-02-21 14:16:14', '2009-03-09 16:17:18'),
(55, 'make last timeclock auto-clockout when clocking into new one', 2, 1, NULL, 0, '2009-02-21 17:14:26', '2009-02-21 18:25:24'),
(56, 'make menu of projects auto-build', 2, 1, NULL, 0, '2009-02-21 17:18:16', '2009-02-21 22:31:41'),
(57, 'clean up CSS', 2, 1, NULL, 0, '2009-02-21 17:18:54', '2009-02-21 22:30:39'),
(58, 'clean up views', 2, 1, NULL, 0, '2009-02-21 22:33:05', '2009-02-27 18:52:30'),
(59, 'add wiki functionality', 2, 1, NULL, 1, '2009-02-21 23:57:28', '2009-03-09 16:17:28'),
(60, 'comment the code', 2, 1, NULL, 0, '2009-02-22 00:02:35', '2009-03-09 16:15:25'),
(61, 'implement ACL', 2, 1, NULL, 0, '2009-02-22 00:05:02', '2009-03-04 23:17:47'),
(62, 'implement tree behavior and sub-users', 2, 1, 6, 1, '2009-02-22 00:06:41', '2009-03-09 23:15:01'),
(63, 'download all images from index and index2.html', 5, 1, NULL, 0, '2009-02-22 00:46:45', '2009-02-24 06:09:22'),
(64, 'create header for website with logo', 5, 1, NULL, 0, '2009-02-22 00:47:15', '2009-02-24 08:24:00'),
(65, 'create domain account', 5, 1, NULL, 0, '2009-02-22 00:48:00', '2009-02-24 06:09:48'),
(66, 'add name field to users', 2, 1, NULL, 0, '2009-02-22 00:50:41', '2009-02-26 07:05:05'),
(67, 'clean up CSS, make like kinspire', 1, 1, NULL, 0, '2009-02-22 00:52:56', '2009-03-01 19:41:43'),
(72, 'implement logging', 2, 1, NULL, 0, '2009-02-22 04:50:59', '2009-02-26 13:42:26'),
(73, 'update views remove strong tags', 2, 1, NULL, 0, '2009-02-22 04:59:53', '2009-02-26 07:35:37'),
(74, 'update the flash code application-wide', 2, 1, NULL, 0, '2009-02-22 05:01:19', '2009-02-24 04:04:16'),
(75, 'clean up models', 2, 1, NULL, 0, '2009-02-22 05:17:03', '2009-02-22 05:34:23'),
(76, 'lock reporter on new tickets', 2, 1, NULL, 0, '2009-02-22 05:17:48', '2009-02-22 06:13:54'),
(77, 'don''t show blank descriptions on tickets', 2, 1, NULL, 0, '2009-02-22 05:18:21', '2009-02-22 05:37:55'),
(78, 'get kinspire online', 2, 1, NULL, 0, '2009-02-22 05:40:17', '2009-02-25 01:55:36'),
(79, 'find a project partner', 2, 1, NULL, 0, '2009-02-22 05:41:24', '2009-03-04 23:18:59'),
(80, 'add owner_id to versions', 2, 1, NULL, 0, '2009-02-22 06:12:19', '2009-02-26 07:46:24'),
(81, 'create db based configuration class', 2, 1, NULL, 0, '2009-02-22 06:13:17', '2009-03-08 00:45:22'),
(82, 'add owner_id to milestones', 2, 1, NULL, 0, '2009-02-22 06:18:27', '2009-02-26 07:46:00'),
(83, 'fix redirects for projects', 2, 1, NULL, 0, '2009-02-24 02:29:01', '2009-02-26 07:34:38'),
(84, 'design db schema', 7, 1, NULL, 1, '2009-02-24 02:32:40', '2009-02-24 02:32:40'),
(85, 'design db schema', 9, 1, NULL, 0, '2009-02-24 03:55:12', '2009-03-02 04:06:57'),
(86, 'sort projects in menu by due date', 2, 1, NULL, 1, '2009-02-24 04:03:24', '2009-03-09 16:17:44'),
(87, 'finish auto-navigation buttons', 3, 1, NULL, 0, '2009-02-25 21:45:09', '2009-02-28 17:56:22'),
(88, 'testimonials', 3, 1, NULL, 1, '2009-02-25 23:08:55', '2009-02-28 02:12:27'),
(89, 'insert null resolution when updating ticket description', 2, 1, NULL, 0, '2009-02-25 23:09:57', '2009-02-27 18:38:45'),
(90, 'add ability to change page background', 3, 1, NULL, 0, '2009-02-26 00:03:53', '2009-02-28 17:56:57'),
(91, 'create admin backend', 3, 1, NULL, 0, '2009-02-26 00:04:27', '2009-02-28 17:56:41'),
(92, 'ability to create links in pages with tinymce', 3, 1, NULL, 1, '2009-02-26 00:09:57', '2009-02-28 18:15:49'),
(93, 'ability for users to login', 4, 1, NULL, 1, '2009-02-26 00:13:38', '2009-02-28 02:16:03'),
(94, 'upload kollab to pacifictrailriders', 4, 1, NULL, 0, '2009-02-26 00:14:25', '2009-02-28 02:16:24'),
(95, 'add membership types', 4, 1, NULL, 1, '2009-02-26 00:14:56', '2009-02-28 02:17:28'),
(96, 'add due dates to tickets', 2, 1, NULL, 0, '2009-02-26 00:16:03', '2009-02-26 07:27:13'),
(97, 'don''t input completed date when edit milestones', 2, 1, NULL, 0, '2009-02-26 00:17:30', '2009-02-27 03:28:41'),
(98, 'create ability to set default ticket values', 2, 1, NULL, 1, '2009-02-26 00:18:19', '2009-03-09 16:17:57'),
(99, 'move timeclocks to a plugin', 2, 1, NULL, 1, '2009-02-26 00:46:21', '2009-03-09 16:18:09'),
(100, 'create a task/meeting calendar plugin', 2, 1, 6, 1, '2009-02-26 00:47:09', '2009-03-09 23:15:20'),
(101, 'create an invoicing plugin', 2, 1, NULL, 1, '2009-02-26 00:47:35', '2009-03-09 16:19:02'),
(102, 'add mass mailing ability', 4, 1, NULL, 1, '2009-02-26 00:48:35', '2009-02-28 02:17:52'),
(103, 'upload kinspire to kinspire.exqsoft.com', 2, 1, NULL, 0, '2009-02-26 00:58:18', '2009-02-26 04:37:01'),
(104, 'fix login button', 1, 1, NULL, 0, '2009-02-26 06:01:26', '2009-03-01 15:35:26'),
(105, 'create way to omit due from new ticket', 2, 1, NULL, 0, '2009-02-26 07:29:31', '2009-02-27 03:58:44'),
(106, 'don''t update completed when edit ticket', 2, 1, NULL, 0, '2009-02-26 07:30:51', '2009-02-26 14:22:39'),
(107, 'move ticket_status to ticket_changes', 2, 1, NULL, 0, '2009-02-26 13:43:35', '2009-02-27 02:59:43'),
(111, 'add open/closed bool to tickets', 2, 1, NULL, 0, '2009-02-26 13:48:32', '2009-02-26 14:04:51'),
(112, 'order statuses, etc by order', 2, 1, NULL, 0, '2009-02-26 14:06:51', '2009-02-26 14:07:52'),
(113, 'order statuses, etc by order', 2, 1, NULL, 0, '2009-02-26 14:07:33', '2009-02-28 04:05:09'),
(114, 'move due and completed to ticket_changes', 2, 1, NULL, 0, '2009-02-26 14:08:56', '2009-02-27 03:04:35'),
(115, 'add ticket counts to project menu with countCache', 2, 1, NULL, 0, '2009-02-26 14:14:47', '2009-02-28 03:18:29'),
(128, 'move ticket_status to ticket_changes', 2, 1, NULL, 0, '2009-02-27 02:43:22', '2009-02-27 02:43:22'),
(129, 'add input id to all edit forms', 2, 1, NULL, 0, '2009-02-27 03:06:15', '2009-02-27 03:34:38'),
(130, 'combine queries where applicable', 2, 1, NULL, 0, '2009-02-27 03:33:13', '2009-02-27 18:50:13'),
(131, 'create a function to close tickets', 2, 1, NULL, 0, '2009-02-27 03:35:12', '2009-02-27 04:03:17'),
(134, 'make it so ticket change has to be submitted to update status', 2, 1, NULL, 0, '2009-02-27 04:01:52', '2009-02-27 18:35:44'),
(140, 'move more stuff to ticket_changes', 2, 1, NULL, 0, '2009-02-27 18:53:51', '2009-02-27 20:25:00'),
(141, 'move more stuff to ticket_changesd', 0, 0, NULL, 0, '2009-02-27 20:00:10', '2009-02-27 20:00:10'),
(142, 'add fields to tickets index', 2, 1, NULL, 0, '2009-02-27 20:52:55', '2009-02-28 00:01:59'),
(146, 'fix view ticket so it shows active ticket change', 2, 1, NULL, 0, '2009-02-27 23:43:55', '2009-02-28 02:31:27'),
(147, 'finish setting up kollab on PTRC', 4, 1, NULL, 1, '2009-02-28 02:17:02', '2009-02-28 02:17:02'),
(148, 'test', 2, 1, NULL, 0, '2009-02-28 02:37:06', '2009-02-28 02:37:43'),
(149, 'test ticket', 1, 1, NULL, 0, '2009-02-28 02:37:53', '2009-02-28 02:38:25'),
(150, 'test ticket', 3, 1, NULL, 0, '2009-02-28 02:38:36', '2009-02-28 02:38:49'),
(151, 'test ticket', 4, 1, NULL, 0, '2009-02-28 02:38:59', '2009-02-28 02:39:15'),
(152, 'another test ticket', 2, 1, NULL, 0, '2009-02-28 02:58:34', '2009-02-28 03:02:59'),
(153, 'another test ticket', 2, 1, NULL, 0, '2009-02-28 02:58:51', '2009-02-28 03:10:02'),
(154, 'another test ticket', 2, 1, NULL, 0, '2009-02-28 03:00:06', '2009-02-28 03:10:21'),
(155, 'another test ticket', 2, 1, NULL, 0, '2009-02-28 03:00:51', '2009-02-28 03:10:46'),
(156, 'another test ticket', 1, 1, NULL, 0, '2009-02-28 03:16:44', '2009-02-28 03:17:01'),
(157, 'another test ticket', 3, 1, NULL, 0, '2009-02-28 03:17:19', '2009-02-28 03:17:32'),
(158, 'another test ticket', 4, 1, NULL, 0, '2009-02-28 03:17:45', '2009-02-28 03:17:56'),
(159, 'add "complete" confirmation on milestones index', 2, 1, NULL, 0, '2009-02-28 04:15:05', '2009-02-28 04:23:49'),
(160, 'create store with checkout', 3, 1, NULL, 1, '2009-02-28 05:56:55', '2009-02-28 18:15:23'),
(161, 'create contact page', 3, 1, NULL, 1, '2009-02-28 17:58:01', '2009-03-09 17:51:14'),
(162, 'if page name has spaces page doesn''t work', 3, 1, NULL, 1, '2009-02-28 18:03:28', '2009-03-09 15:51:27'),
(163, 'create admin login to protect pages', 3, 1, NULL, 1, '2009-02-28 18:13:24', '2009-03-09 15:51:37'),
(164, 'setup permissions on kollab', 4, 1, NULL, 1, '2009-02-28 22:48:36', '2009-02-28 22:48:36'),
(165, 'fix add new buttons', 1, 1, NULL, 0, '2009-03-02 04:18:06', '2009-03-07 18:27:43'),
(166, 'figure out why action logs are not working', 9, 1, NULL, 0, '2009-03-02 05:09:13', '2009-03-02 09:32:59'),
(167, 'clean up flash messages and redirects', 9, 1, NULL, 0, '2009-03-02 05:40:27', '2009-03-02 16:38:16'),
(168, 'use inflector to singularize measurements if == 1', 9, 1, NULL, 0, '2009-03-02 05:44:26', '2009-03-02 09:33:18'),
(169, 'make sure user can''t have duplicate items in pantry', 9, 1, NULL, 1, '2009-03-02 05:45:41', '2009-03-02 05:45:41'),
(170, 'create function to verify record owner', 9, 1, NULL, 1, '2009-03-02 05:52:55', '2009-03-02 05:52:55'),
(171, 'make sure categories show by type in dropdowns', 9, 1, NULL, 0, '2009-03-02 06:24:24', '2009-03-02 16:45:29'),
(172, 'create search function', 9, 1, NULL, 1, '2009-03-02 06:25:31', '2009-03-02 06:25:31'),
(173, 'make sure sane defaults are set on new records', 9, 1, NULL, 0, '2009-03-02 06:28:38', '2009-03-02 16:46:28'),
(174, 'make sure indexes list approved items only', 9, 1, NULL, 0, '2009-03-02 06:32:14', '2009-03-02 16:54:54'),
(175, 'make sure dropdowns only show approved items', 9, 1, NULL, 0, '2009-03-02 06:33:28', '2009-03-02 16:56:40'),
(176, 'add recipe ratings and reviews', 9, 1, NULL, 1, '2009-03-02 07:10:28', '2009-03-02 07:10:28'),
(177, 'add image uploading', 9, 1, NULL, 1, '2009-03-02 07:11:07', '2009-03-02 07:11:07'),
(178, 'recipe habtm category', 9, 1, NULL, 1, '2009-03-02 07:17:05', '2009-03-02 07:17:05'),
(179, 'add public flag check on recipe view', 9, 1, NULL, 0, '2009-03-02 07:23:24', '2009-03-02 16:59:04'),
(180, 'add check in recipe ingredients to make sure only owner is adding', 9, 1, NULL, 0, '2009-03-02 07:28:41', '2009-03-02 16:59:18'),
(181, 'change edit recipe ingredient to redirect to recipe', 9, 1, NULL, 1, '2009-03-02 07:38:10', '2009-03-02 07:38:10'),
(182, 'remove /tmp/ from .gitignore', 2, 1, NULL, 0, '2009-03-02 08:17:23', '2009-03-04 23:16:01'),
(183, 'redirect back to recipe after edit recipe', 9, 1, NULL, 1, '2009-03-02 09:03:09', '2009-03-02 16:17:13'),
(184, 'add edit button to recipe view', 9, 1, NULL, 1, '2009-03-02 09:03:29', '2009-03-02 09:03:29'),
(185, 'remove var $uses from application', 2, 1, NULL, 0, '2009-03-02 09:30:26', '2009-03-08 00:49:14'),
(186, 'create user profiles', 9, 1, NULL, 1, '2009-03-02 09:31:47', '2009-03-02 09:32:02'),
(187, 'grab default servings from user''s profile', 9, 1, NULL, 1, '2009-03-02 09:32:23', '2009-03-02 09:32:23'),
(188, 'add last_served value to meals', 9, 1, NULL, 1, '2009-03-02 09:36:57', '2009-03-02 09:36:57'),
(189, 'create an hour function for decimals', 9, 1, NULL, 1, '2009-03-02 10:16:25', '2009-03-02 10:16:42'),
(190, 'create better way to handle fractions in decimal helper', 9, 1, NULL, 1, '2009-03-02 10:23:26', '2009-03-02 10:23:26'),
(191, 'create a way to specify "sides"', 9, 1, NULL, 1, '2009-03-02 11:07:34', '2009-03-02 11:07:34'),
(192, 'pluralize ingredients if applicable', 9, 1, NULL, 1, '2009-03-02 11:17:46', '2009-03-02 11:17:46'),
(193, 'add IP''s to action logs', 9, 1, NULL, 1, '2009-03-02 16:04:44', '2009-03-02 16:04:44'),
(194, 'create a login landing page', 9, 1, NULL, 1, '2009-03-02 16:07:07', '2009-03-02 16:07:07'),
(195, 'auto format new titles and names from forms', 9, 1, NULL, 1, '2009-03-02 16:19:24', '2009-03-02 20:30:52'),
(196, 'remove orphaned queries', 9, 1, NULL, 1, '2009-03-02 16:29:52', '2009-03-02 16:29:52'),
(197, 'make it so they can create a new category if one doesn''t exist', 9, 1, NULL, 1, '2009-03-02 16:42:16', '2009-03-02 16:42:16'),
(198, 'sort categories alphabetically', 9, 1, NULL, 0, '2009-03-02 16:42:41', '2009-03-02 17:10:55'),
(199, 'make it so they can create a new ingredient if one doesnt exist', 9, 1, NULL, 1, '2009-03-02 16:44:08', '2009-03-02 16:44:08'),
(200, 'add form validation', 9, 1, NULL, 1, '2009-03-02 16:44:44', '2009-03-02 16:44:44'),
(201, 'create field descriptions on forms', 9, 1, NULL, 1, '2009-03-02 16:45:10', '2009-03-02 16:45:10'),
(202, 'clean up views', 9, 1, NULL, 1, '2009-03-02 16:50:27', '2009-03-02 16:50:27'),
(203, 'replace line breaks with <br> in recipe creation', 9, 1, NULL, 1, '2009-03-02 16:52:56', '2009-03-02 16:52:56'),
(204, 'block html from fields', 9, 1, NULL, 1, '2009-03-02 16:54:04', '2009-03-02 16:54:04'),
(205, 'add is_optional field to recipe_ingredients', 9, 1, NULL, 1, '2009-03-02 20:54:28', '2009-03-02 20:54:28'),
(206, 'guest permissions', 2, 6, NULL, 0, '2009-03-02 23:35:14', '2009-03-08 01:59:03'),
(207, 'editing user', 2, 6, NULL, 0, '2009-03-04 06:27:11', '2009-03-04 23:16:59'),
(212, 'test', 12, 1, NULL, 0, '2009-03-06 09:04:31', '2009-03-06 09:05:48'),
(213, 'users/view/view.ctp modified field', 2, 6, NULL, 0, '2009-03-07 03:07:51', '2009-03-08 01:12:41'),
(214, 'group name in users/index', 2, 6, NULL, 0, '2009-03-07 03:14:35', '2009-03-08 01:12:31'),
(215, 'speed date', 13, 7, NULL, 0, '2009-03-07 03:22:13', '2009-03-07 18:37:07'),
(216, 'put inventories add into same page as new item', 1, 1, NULL, 1, '2009-03-07 16:53:01', '2009-03-07 18:28:13'),
(217, 'type or select categories/etc', 1, 1, NULL, 0, '2009-03-07 17:00:56', '2009-03-07 17:51:14'),
(218, 'fix redirects and flash messages', 1, 1, NULL, 0, '2009-03-07 18:25:55', '2009-03-08 10:14:37'),
(219, 'implement design browsing', 1, 1, NULL, 1, '2009-03-07 18:29:10', '2009-03-07 18:29:10'),
(220, 'design preliminary db schema', 13, 1, NULL, 1, '2009-03-07 18:29:50', '2009-03-07 18:29:50'),
(221, 'multiple profiles per user', 13, 1, NULL, 1, '2009-03-07 18:31:56', '2009-03-07 18:31:56'),
(222, 'each profile field commentable and votable', 13, 1, NULL, 1, '2009-03-07 18:32:46', '2009-03-07 18:32:46'),
(223, 'picture uploading', 13, 1, NULL, 1, '2009-03-07 18:33:32', '2009-03-07 18:33:32'),
(224, 'show profile segment on new action', 13, 1, NULL, 1, '2009-03-07 18:34:09', '2009-03-07 18:34:09'),
(225, 'favorite profiles / block profiles', 13, 1, NULL, 1, '2009-03-07 18:34:26', '2009-03-09 15:57:15'),
(226, 'search capability', 13, 1, NULL, 1, '2009-03-07 18:34:52', '2009-03-09 15:58:02'),
(227, 'membership types', 13, 1, NULL, 1, '2009-03-07 18:35:08', '2009-03-09 15:58:29'),
(228, 'speed dating', 13, 1, NULL, 1, '2009-03-07 18:35:31', '2009-03-07 18:35:31'),
(229, 'premium services', 13, 1, NULL, 1, '2009-03-07 18:35:46', '2009-03-09 15:59:03'),
(230, 'map coordinates in searches', 13, 1, NULL, 1, '2009-03-07 18:36:27', '2009-03-09 15:59:31'),
(231, 'delay registration as long as possible', 13, 1, NULL, 1, '2009-03-07 18:36:41', '2009-03-07 18:36:41'),
(232, 'total control over notifications', 13, 1, NULL, 1, '2009-03-07 18:37:39', '2009-03-08 20:27:55'),
(233, 'friend feed like thing', 13, 1, NULL, 1, '2009-03-07 18:37:53', '2009-03-07 18:37:53'),
(234, 'receive notifications based on preferences', 13, 1, NULL, 1, '2009-03-07 18:38:27', '2009-03-09 16:00:44'),
(235, 'remove add new button from elements index', 2, 1, NULL, 0, '2009-03-08 01:28:48', '2009-03-08 03:54:00'),
(236, 'sort tickets by priority and milestone', 2, 1, NULL, 0, '2009-03-08 03:55:45', '2009-03-09 19:23:38'),
(237, 'Contacting users', 13, 7, NULL, 1, '2009-03-08 20:05:22', '2009-03-09 16:01:10'),
(238, '1 Blog per profile', 13, 7, NULL, 1, '2009-03-08 20:12:11', '2009-03-09 16:01:34'),
(239, 'My Little Black Book', 13, 7, NULL, 1, '2009-03-08 20:26:05', '2009-03-09 16:01:56'),
(240, 'Virtual Gifts', 13, 7, NULL, 1, '2009-03-08 20:36:53', '2009-03-08 20:59:34'),
(241, 'Questions and Answers', 13, 7, NULL, 1, '2009-03-08 20:57:54', '2009-03-09 16:02:33'),
(242, 'Instant Messages', 13, 7, NULL, 1, '2009-03-08 21:01:16', '2009-03-09 15:52:33'),
(243, 'toolbar Url when inside plugins', 2, 6, NULL, 0, '2009-03-08 23:40:00', '2009-03-09 19:01:50'),
(244, 'add docblocks to code (comments)', 2, 1, 6, 1, '2009-03-09 15:47:32', '2009-03-09 23:15:33'),
(245, 'make it so clients can''t update tickets', 2, 1, NULL, 0, '2009-03-09 16:00:10', '2009-03-09 16:12:43'),
(246, 'create different ticket index conditions', 2, 1, NULL, 0, '2009-03-09 16:13:26', '2009-03-09 18:32:15'),
(247, 'move ticket_owner to tickets table', 2, 1, 1, 1, '2009-03-09 19:20:36', '2009-03-09 23:16:01'),
(248, 'testing', 2, 1, 1, 0, '2009-03-09 22:57:04', '2009-03-09 23:12:02'),
(249, 'move new components to project index', 2, 1, 1, 1, '2009-03-09 23:17:42', '2009-03-09 23:17:49');

-- --------------------------------------------------------

-- 
-- Table structure for table `timeclocks`
-- 

CREATE TABLE `timeclocks` (
  `id` int(11) NOT NULL auto_increment,
  `user_id` int(11) NOT NULL default '0',
  `project_id` int(11) NOT NULL default '0',
  `milestone_id` int(11) NOT NULL default '0',
  `element_id` int(11) NOT NULL default '0',
  `clocked_in` datetime default NULL,
  `clocked_out` datetime default NULL,
  PRIMARY KEY  (`id`)
) ENGINE=InnoDB DEFAULT CHARSET=latin1;

-- 
-- Dumping data for table `timeclocks`
-- 

INSERT INTO `timeclocks` (`id`, `user_id`, `project_id`, `milestone_id`, `element_id`, `clocked_in`, `clocked_out`) VALUES (1, 1, 1, 1, 1, '2009-02-18 01:37:06', '2009-02-18 02:38:37'),
(2, 1, 1, 1, 2, '2009-02-18 02:45:31', '2009-02-18 02:52:35'),
(3, 1, 1, 1, 1, '2009-02-18 02:52:35', '2009-02-18 02:53:56'),
(4, 1, 1, 1, 3, '2009-02-18 02:53:56', '2009-02-18 02:58:05'),
(5, 1, 1, 1, 4, '2009-02-18 02:58:05', '2009-02-18 03:01:19'),
(6, 1, 1, 1, 1, '2009-02-18 03:01:19', '2009-02-18 03:02:19'),
(7, 1, 1, 1, 7, '2009-02-18 03:02:19', '2009-02-18 03:03:06'),
(8, 1, 1, 1, 1, '2009-02-18 03:03:06', '2009-02-18 03:04:16'),
(9, 1, 1, 1, 1, '2009-02-18 03:20:37', '2009-02-18 03:55:59'),
(10, 1, 1, 1, 11, '2009-02-18 03:55:59', '2009-02-18 04:17:29'),
(11, 1, 1, 1, 3, '2009-02-18 04:33:44', '2009-02-18 04:48:51'),
(12, 1, 1, 1, 4, '2009-02-18 04:48:51', '2009-02-18 04:50:16'),
(13, 1, 1, 1, 1, '2009-02-18 04:50:16', '2009-02-18 04:51:19'),
(14, 1, 1, 1, 4, '2009-02-18 04:51:19', '2009-02-18 04:52:22'),
(15, 1, 1, 1, 7, '2009-02-18 04:52:22', '2009-02-18 05:19:53'),
(16, 1, 1, 1, 2, '2009-02-18 05:19:53', '2009-02-18 05:44:46'),
(17, 1, 1, 1, 4, '2009-02-18 06:43:24', '2009-02-18 06:44:39'),
(18, 1, 2, 4, 1, '2009-02-18 07:11:53', '2009-02-18 07:55:54'),
(19, 1, 2, 4, 1, '2009-02-18 12:43:38', '2009-02-18 12:45:28'),
(20, 1, 2, 4, 16, '2009-02-18 13:47:08', '2009-02-18 14:00:35'),
(21, 1, 3, 5, 1, '2009-02-19 15:27:28', '2009-02-19 17:21:38'),
(22, 1, 4, 6, 1, '2009-02-20 01:15:54', '2009-02-20 01:36:09'),
(23, 1, 4, 6, 1, '2009-02-20 01:36:09', '2009-02-20 04:13:58'),
(24, 1, 3, 5, 1, '2009-02-20 04:30:45', '2009-02-20 05:32:38'),
(25, 1, 2, 4, 22, '2009-02-21 12:52:53', '2009-02-21 13:42:16'),
(26, 1, 2, 4, 1, '2009-02-21 13:42:16', '2009-02-21 14:14:30'),
(27, 1, 2, 4, 1, '2009-02-21 16:36:09', '2009-02-21 21:14:43'),
(30, 1, 2, 4, 1, '2009-02-22 01:22:09', '2009-02-22 01:24:46'),
(31, 1, 2, 4, 1, '2009-02-22 01:25:04', '2009-02-22 03:57:28'),
(32, 1, 2, 4, 1, '2009-02-22 03:57:28', '2009-02-22 04:05:45'),
(33, 1, 2, 4, 1, '2009-02-22 04:06:02', '2009-02-22 04:12:04'),
(34, 1, 2, 4, 1, '2009-02-22 04:12:14', '2009-02-22 04:23:23'),
(35, 1, 2, 4, 1, '2009-02-22 04:23:36', '2009-02-22 04:40:32'),
(36, 1, 2, 4, 1, '2009-02-22 04:44:45', '2009-02-22 05:42:31'),
(37, 1, 2, 4, 1, '2009-02-22 05:49:52', '2009-02-22 06:59:13'),
(38, 1, 2, 4, 1, '2009-02-27 03:56:40', '2009-02-27 13:35:44'),
(39, 1, 1, 1, 1, '2009-02-27 13:36:52', '2009-02-27 16:45:07'),
(40, 1, 2, 4, 1, '2009-02-27 16:45:19', '2009-02-27 20:51:31'),
(41, 1, 2, 4, 1, '2009-02-27 21:04:38', '2009-02-28 00:48:10'),
(42, 1, 1, 1, 1, '2009-02-28 00:48:39', '2009-02-28 02:20:48'),
(43, 1, 2, 4, 1, '2009-02-28 02:20:48', '2009-02-28 05:23:33'),
(44, 1, 3, 5, 1, '2009-02-28 15:22:10', '2009-02-28 17:59:26'),
(45, 1, 4, 11, 1, '2009-02-28 22:19:11', '2009-02-28 23:01:25'),
(46, 1, 3, 5, 1, '2009-03-01 15:30:26', '2009-03-01 15:34:39'),
(47, 1, 1, 2, 1, '2009-03-01 15:34:39', '2009-03-01 17:15:38'),
(48, 1, 1, 2, 1, '2009-03-01 18:46:15', '2009-03-01 19:47:59'),
(49, 1, 9, 9, 1, '2009-03-02 00:16:32', '2009-03-02 03:27:05'),
(50, 1, 9, 9, 1, '2009-03-02 04:06:41', '2009-03-02 11:31:25'),
(51, 1, 9, 9, 1, '2009-03-02 14:52:51', '2009-03-02 17:39:02'),
(52, 1, 9, 9, 1, '2009-03-02 19:51:08', '2009-03-02 21:28:26'),
(53, 1, 9, 9, 1, '2009-03-02 22:18:54', '2009-03-02 23:20:14'),
(54, 6, 2, 10, 11, '2009-03-04 06:45:46', '2009-03-04 06:47:03'),
(55, 6, 2, 10, 11, '2009-03-04 07:58:48', '2009-03-04 08:10:24'),
(56, 6, 2, 10, 6, '2009-03-07 03:28:46', '2009-03-07 03:31:36'),
(57, 1, 1, 2, 1, '2009-03-07 17:13:25', '2009-03-07 18:30:18'),
(58, 1, 13, 15, 1, '2009-03-07 18:30:18', '2009-03-07 18:38:47'),
(59, 1, 2, 10, 1, '2009-03-07 23:58:29', '2009-03-08 03:25:05'),
(60, 6, 2, 10, 30, '2009-03-08 03:07:04', '2009-03-08 03:40:36'),
(61, 6, 2, 10, 30, '2009-03-08 05:32:00', '2009-03-08 06:30:00'),
(62, 6, 2, 10, 30, '2009-03-08 06:47:00', '2009-03-08 07:13:00'),
(63, 6, 2, 3, 1, '2009-03-08 07:23:05', '2009-03-08 08:06:05'),
(64, 1, 1, 2, 1, '2009-03-08 07:37:00', '2009-03-08 08:44:00'),
(65, 6, 2, 10, 30, '2009-03-08 23:36:10', '2009-03-08 23:40:34'),
(66, 1, 2, 16, 1, '2009-03-09 18:51:32', '2009-03-09 21:18:46');

-- --------------------------------------------------------

-- 
-- Table structure for table `types`
-- 

CREATE TABLE `types` (
  `id` int(11) NOT NULL auto_increment,
  `name` varchar(255) NOT NULL default '',
  `order` int(11) NOT NULL default '0',
  PRIMARY KEY  (`id`)
) ENGINE=InnoDB DEFAULT CHARSET=latin1;

-- 
-- Dumping data for table `types`
-- 

INSERT INTO `types` (`id`, `name`, `order`) VALUES (1, 'Bug', 1),
(2, 'Enhancement', 2),
(3, 'Core Feature', 3),
(4, 'Wish', 4),
(5, 'General Task', 5);

-- --------------------------------------------------------

-- 
-- Table structure for table `upload_folders`
-- 

CREATE TABLE `upload_folders` (
  `id` int(10) unsigned NOT NULL auto_increment,
  `parent_id` int(10) default NULL,
  `lft` int(10) default NULL,
  `rght` int(10) default NULL,
  `name` varchar(255) default '',
  PRIMARY KEY  (`id`)
) ENGINE=MyISAM AUTO_INCREMENT=19 DEFAULT CHARSET=latin1;

-- 
-- Dumping data for table `upload_folders`
-- 

INSERT INTO `upload_folders` (`id`, `parent_id`, `lft`, `rght`, `name`) VALUES (17, NULL, 1, 4, 'Root'),
(18, 17, 2, 3, 'Test Files');

-- --------------------------------------------------------

-- 
-- Table structure for table `uploads`
-- 

CREATE TABLE `uploads` (
  `id` int(11) NOT NULL auto_increment,
  `name` varchar(75) NOT NULL default '',
  `type` varchar(255) NOT NULL default '',
  `size` int(11) NOT NULL default '0',
  `data` longblob NOT NULL,
  `upload_folder_id` int(11) default NULL,
  `created` datetime default NULL,
  `updated` datetime default NULL,
  PRIMARY KEY  (`id`)
) ENGINE=MyISAM AUTO_INCREMENT=14 DEFAULT CHARSET=latin1;

-- 
-- Dumping data for table `uploads`
-- 


-- --------------------------------------------------------

-- 
-- Table structure for table `users`
-- 

CREATE TABLE `users` (
  `id` int(11) NOT NULL auto_increment,
  `name` varchar(255) NOT NULL default '',
  `username` varchar(255) NOT NULL default '',
  `password` varchar(255) NOT NULL default '',
  `group_id` int(11) NOT NULL default '0',
  `created` datetime default NULL,
  `updated` datetime default NULL,
  PRIMARY KEY  (`id`)
) ENGINE=InnoDB DEFAULT CHARSET=latin1;

-- 
-- Dumping data for table `users`
-- 

INSERT INTO `users` (`id`, `name`, `username`, `password`, `group_id`, `created`, `updated`) VALUES (1, 'Travis', 'Travis', '4bd153ca51f26b02dedc771339ed81e5eb927fbc', 1, '2009-02-18 00:40:07', '2009-02-18 00:40:07'),
(2, 'Freedom', 'Freedom', '2e5b561340ee41a25c75509eca0debe02bafca12', 2, '2009-02-18 06:23:43', '2009-02-18 06:23:43'),
(3, 'Lamping', 'Lamping', 'f0704e9ff0d92e7d84ac37cbe30aa14f67b65b16', 2, '2009-02-19 15:10:33', '2009-02-19 15:10:33'),
(4, 'Pacific Trail Riders Club', 'PTRC', '00f57c3a4fdafb4ddfd7e685a6216fdaa341c9cb', 2, '2009-02-19 22:31:30', '2009-02-19 22:31:30'),
(5, 'Ben''s Computer Store', 'benscomps', '7c4207c64c289577caafa6b003c9d1ca8b9e21d9', 2, '2009-02-22 00:40:45', '2009-02-22 01:53:11'),
(6, 'James louie Puro', 'James', '91ce78f2f6677b2b6701aa3212f5b6df94230570', 1, '2009-03-02 09:58:21', '2009-03-02 10:07:30'),
(7, 'Kunal Punjabi', 'Kunal', '755f5bfc884478419f5ba0367eb9292265e31531', 2, '2009-03-06 02:46:24', '2009-03-06 02:46:24');

-- --------------------------------------------------------

-- 
-- Table structure for table `versions`
-- 

CREATE TABLE `versions` (
  `id` int(11) NOT NULL auto_increment,
  `name` varchar(255) NOT NULL default '',
  `description` varchar(255) NOT NULL default '',
  `project_id` int(11) NOT NULL default '0',
  `owner_id` int(11) default NULL,
  `created` datetime default NULL,
  `updated` datetime default NULL,
  PRIMARY KEY  (`id`)
) ENGINE=InnoDB DEFAULT CHARSET=latin1;

-- 
-- Dumping data for table `versions`
-- 

INSERT INTO `versions` (`id`, `name`, `description`, `project_id`, `owner_id`, `created`, `updated`) VALUES (1, '0.5', '', 1, 1, '2009-02-18 01:07:29', NULL),
(2, '0.1', '', 2, 1, '2009-02-18 07:00:59', NULL),
(3, '0.1', '', 3, 1, '2009-02-19 15:15:53', NULL),
(4, '0.1', '', 4, 1, '2009-02-19 22:37:53', NULL),
(5, '0.1', '', 5, 1, '2009-02-22 00:42:11', NULL),
(6, '0.6', '', 1, 1, '2009-02-22 00:52:40', NULL),
(7, 'None', '', 0, NULL, '2009-02-22 06:09:18', NULL),
(8, '0.1', '', 7, 1, '2009-02-24 02:29:50', NULL),
(9, '0.1', '', 9, 1, '2009-02-24 03:54:45', NULL),
(10, '0.2', '', 4, 1, '2009-02-28 02:15:39', NULL),
(11, '0.1', '', 11, 1, '2009-03-01 15:14:15', NULL),
(12, '0.2', 'alpha', 2, 1, '2009-03-02 08:17:54', NULL),
(13, '0.1a', '', 13, 1, '2009-03-06 04:53:58', '2009-03-06 04:53:58'),
(14, '0.3', 'beta', 2, 1, '2009-03-09 15:50:25', '2009-03-09 15:50:25'),
(15, '0.5', 'beta', 3, 1, '2009-03-09 15:50:45', '2009-03-09 15:50:45');
